<?xml version="1.0" encoding="UTF-8"?>
<gpx xmlns="http://www.topografix.com/GPX/1/1" version="1.1" creator="geojson-to-gpx.py">
  <wpt lat="65.7160842" lon="-16.7493546">
    <name>POI 1</name>
    <sym>Waypoint</sym>
  </wpt>
  <wpt lat="63.9686269" lon="-19.2375397">
    <name>POI 2</name>
    <sym>Waypoint</sym>
  </wpt>
  <wpt lat="63.9675666" lon="-19.2349336">
    <name>POI 3</name>
    <sym>Waypoint</sym>
  </wpt>
  <wpt lat="63.9943821" lon="-19.0600012">
    <name>POI 4</name>
    <sym>Waypoint</sym>
  </wpt>
  <wpt lat="64.8088509" lon="-19.7108379">
    <name>POI 5</name>
    <sym>Waypoint</sym>
  </wpt>
  <wpt lat="64.8160959" lon="-19.7047004">
    <name>POI 6</name>
    <sym>Waypoint</sym>
  </wpt>
  <wpt lat="64.8163534" lon="-19.7038251">
    <name>POI 7</name>
    <sym>Waypoint</sym>
  </wpt>
  <wpt lat="64.8188142" lon="-22.0482677">
    <name>POI 8</name>
    <sym>Waypoint</sym>
  </wpt>
  <wpt lat="63.9861139" lon="-18.9094702">
    <name>POI 9</name>
    <sym>Waypoint</sym>
  </wpt>
  <wpt lat="63.9793413" lon="-18.8964065">
    <name>POI 10</name>
    <sym>Waypoint</sym>
  </wpt>
  <wpt lat="63.9802283" lon="-18.8796125">
    <name>POI 11</name>
    <sym>Waypoint</sym>
  </wpt>
  <wpt lat="63.9806066" lon="-18.8684278">
    <name>POI 12</name>
    <sym>Waypoint</sym>
  </wpt>
  <wpt lat="63.9747905" lon="-18.8452739">
    <name>POI 13</name>
    <sym>Waypoint</sym>
  </wpt>
  <wpt lat="63.9746084" lon="-18.8438849">
    <name>POI 14</name>
    <sym>Waypoint</sym>
  </wpt>
  <wpt lat="63.9710645" lon="-18.8261637">
    <name>POI 15</name>
    <sym>Waypoint</sym>
  </wpt>
  <wpt lat="63.968152" lon="-18.8163149">
    <name>POI 16</name>
    <sym>Waypoint</sym>
  </wpt>
  <wpt lat="63.9726917" lon="-18.7943525">
    <name>POI 17</name>
    <sym>Waypoint</sym>
  </wpt>
  <wpt lat="63.9720409" lon="-18.7414076">
    <name>POI 18</name>
    <sym>Waypoint</sym>
  </wpt>
  <wpt lat="63.9705658" lon="-18.7396157">
    <name>POI 19</name>
    <sym>Waypoint</sym>
  </wpt>
  <wpt lat="63.9674155" lon="-18.7375473">
    <name>POI 20</name>
    <sym>Waypoint</sym>
  </wpt>
  <wpt lat="63.9632509" lon="-18.6913052">
    <name>POI 21</name>
    <sym>Waypoint</sym>
  </wpt>
  <wpt lat="63.9432685" lon="-18.6528974">
    <name>POI 22</name>
    <desc>fixme: don't remember this ford, position might be wrong</desc>
    <sym>Waypoint</sym>
  </wpt>
  <wpt lat="63.9382999" lon="-18.6391398">
    <name>POI 23</name>
    <sym>Waypoint</sym>
  </wpt>
  <wpt lat="64.2970065" lon="-19.3593693">
    <name>POI 24</name>
    <sym>Waypoint</sym>
  </wpt>
  <wpt lat="64.2837418" lon="-19.3876076">
    <name>POI 25</name>
    <sym>Waypoint</sym>
  </wpt>
  <wpt lat="65.1907476" lon="-16.2211218">
    <name>POI 26</name>
    <sym>Waypoint</sym>
  </wpt>
  <wpt lat="65.1926252" lon="-16.2159963">
    <name>POI 27</name>
    <sym>Waypoint</sym>
  </wpt>
  <wpt lat="65.337092" lon="-16.0592875">
    <name>POI 28</name>
    <desc>depth: 0.5m</desc>
    <sym>Waypoint</sym>
  </wpt>
  <wpt lat="64.3056254" lon="-19.5231856">
    <name>POI 29</name>
    <sym>Waypoint</sym>
  </wpt>
  <wpt lat="64.5492893" lon="-20.8459408">
    <name>POI 30</name>
    <sym>Waypoint</sym>
  </wpt>
  <wpt lat="66.0300103" lon="-23.1648231">
    <name>POI 31</name>
    <sym>Waypoint</sym>
  </wpt>
  <wpt lat="64.8520414" lon="-15.5518109">
    <name>POI 32</name>
    <sym>Waypoint</sym>
  </wpt>
  <wpt lat="64.8521123" lon="-15.5558145">
    <name>POI 33</name>
    <sym>Waypoint</sym>
  </wpt>
  <wpt lat="64.8530069" lon="-15.5497826">
    <name>POI 34</name>
    <sym>Waypoint</sym>
  </wpt>
  <wpt lat="65.0739865" lon="-15.6937267">
    <name>POI 35</name>
    <sym>Waypoint</sym>
  </wpt>
  <wpt lat="64.044002" lon="-17.6443665">
    <name>POI 36</name>
    <sym>Waypoint</sym>
  </wpt>
  <wpt lat="63.6759924" lon="-19.8158943">
    <name>POI 37</name>
    <sym>Waypoint</sym>
  </wpt>
  <wpt lat="63.6790457" lon="-19.7917446">
    <name>POI 38</name>
    <sym>Waypoint</sym>
  </wpt>
  <wpt lat="63.6799672" lon="-19.776019">
    <name>POI 39</name>
    <sym>Waypoint</sym>
  </wpt>
  <wpt lat="63.6851932" lon="-19.6776703">
    <name>POI 40</name>
    <sym>Waypoint</sym>
  </wpt>
  <wpt lat="63.6863497" lon="-19.6467964">
    <name>POI 41</name>
    <sym>Waypoint</sym>
  </wpt>
  <wpt lat="63.6818112" lon="-19.603774">
    <name>POI 42</name>
    <sym>Waypoint</sym>
  </wpt>
  <wpt lat="63.6752558" lon="-19.5576553">
    <name>POI 43</name>
    <sym>Waypoint</sym>
  </wpt>
  <wpt lat="63.6799115" lon="-19.7386784">
    <name>POI 44</name>
    <sym>Waypoint</sym>
  </wpt>
  <wpt lat="63.7140956" lon="-19.7254089">
    <name>POI 45</name>
    <sym>Waypoint</sym>
  </wpt>
  <wpt lat="65.0971589" lon="-17.6267947">
    <name>POI 46</name>
    <sym>Waypoint</sym>
  </wpt>
  <wpt lat="65.0730045" lon="-17.7807099">
    <name>POI 47</name>
    <sym>Waypoint</sym>
  </wpt>
  <wpt lat="65.0355262" lon="-17.8772368">
    <name>POI 48</name>
    <sym>Waypoint</sym>
  </wpt>
  <wpt lat="63.8441813" lon="-18.220341">
    <name>POI 49</name>
    <sym>Waypoint</sym>
  </wpt>
  <wpt lat="63.9531581" lon="-18.2433629">
    <name>POI 50</name>
    <sym>Waypoint</sym>
  </wpt>
  <wpt lat="63.8982682" lon="-18.201884">
    <name>POI 51</name>
    <sym>Waypoint</sym>
  </wpt>
  <wpt lat="63.88628" lon="-18.2348077">
    <name>POI 52</name>
    <sym>Waypoint</sym>
  </wpt>
  <wpt lat="63.9337232" lon="-18.2010516">
    <name>POI 53</name>
    <sym>Waypoint</sym>
  </wpt>
  <wpt lat="64.2984045" lon="-21.1105788">
    <name>POI 54</name>
    <sym>Waypoint</sym>
  </wpt>
  <wpt lat="65.0076766" lon="-17.9588377">
    <name>POI 55</name>
    <sym>Waypoint</sym>
  </wpt>
  <wpt lat="64.737785" lon="-18.0721171">
    <name>POI 56</name>
    <sym>Waypoint</sym>
  </wpt>
  <wpt lat="64.7260299" lon="-18.0785641">
    <name>POI 57</name>
    <sym>Waypoint</sym>
  </wpt>
  <wpt lat="63.9798091" lon="-18.6731787">
    <name>POI 58</name>
    <sym>Waypoint</sym>
  </wpt>
  <wpt lat="63.9672234" lon="-18.6853156">
    <name>POI 59</name>
    <sym>Waypoint</sym>
  </wpt>
  <wpt lat="63.964143" lon="-18.6898826">
    <name>POI 60</name>
    <sym>Waypoint</sym>
  </wpt>
  <wpt lat="64.0823559" lon="-21.0550598">
    <name>POI 61</name>
    <sym>Waypoint</sym>
  </wpt>
  <wpt lat="65.0429051" lon="-16.5943647">
    <name>POI 62</name>
    <sym>Waypoint</sym>
  </wpt>
  <wpt lat="65.0434708" lon="-16.5964863">
    <name>POI 63</name>
    <sym>Waypoint</sym>
  </wpt>
  <wpt lat="64.2899146" lon="-19.9285731">
    <name>POI 64</name>
    <desc>fixme: Guessed from aerial imagery, please verify</desc>
    <sym>Waypoint</sym>
  </wpt>
  <wpt lat="65.0581189" lon="-21.2596481">
    <name>POI 65</name>
    <sym>Waypoint</sym>
  </wpt>
  <wpt lat="65.0622516" lon="-21.2385709">
    <name>POI 66</name>
    <sym>Waypoint</sym>
  </wpt>
  <wpt lat="63.6823022" lon="-19.5919162">
    <name>POI 67</name>
    <sym>Waypoint</sym>
  </wpt>
  <wpt lat="64.9195016" lon="-23.1268136">
    <name>POI 68</name>
    <sym>Waypoint</sym>
  </wpt>
  <wpt lat="64.9762284" lon="-23.1405502">
    <name>POI 69</name>
    <sym>Waypoint</sym>
  </wpt>
  <wpt lat="65.1263816" lon="-13.9122914">
    <name>POI 70</name>
    <sym>Waypoint</sym>
  </wpt>
  <wpt lat="65.1294583" lon="-13.9264241">
    <name>POI 71</name>
    <sym>Waypoint</sym>
  </wpt>
  <wpt lat="64.9896826" lon="-13.7776643">
    <name>POI 72</name>
    <sym>Waypoint</sym>
  </wpt>
  <wpt lat="64.9893601" lon="-13.7749084">
    <name>POI 73</name>
    <sym>Waypoint</sym>
  </wpt>
  <wpt lat="64.9889869" lon="-13.752944">
    <name>POI 74</name>
    <sym>Waypoint</sym>
  </wpt>
  <wpt lat="65.1099898" lon="-13.8526519">
    <name>POI 75</name>
    <sym>Waypoint</sym>
  </wpt>
  <wpt lat="63.6836642" lon="-19.5121402">
    <name>POI 76</name>
    <sym>Waypoint</sym>
  </wpt>
  <wpt lat="65.2784141" lon="-18.2440746">
    <name>POI 77</name>
    <sym>Waypoint</sym>
  </wpt>
  <wpt lat="64.00013" lon="-18.6364162">
    <name>POI 78</name>
    <sym>Waypoint</sym>
  </wpt>
  <wpt lat="64.6316019" lon="-21.9349457">
    <name>POI 79</name>
    <sym>Waypoint</sym>
  </wpt>
  <wpt lat="64.7226063" lon="-21.8441825">
    <name>POI 80</name>
    <sym>Waypoint</sym>
  </wpt>
  <wpt lat="65.1492464" lon="-21.6979873">
    <name>POI 81</name>
    <sym>Waypoint</sym>
  </wpt>
  <wpt lat="64.6422175" lon="-20.635256">
    <name>POI 82</name>
    <sym>Waypoint</sym>
  </wpt>
  <wpt lat="66.3118629" lon="-22.9424098">
    <name>POI 83</name>
    <sym>Waypoint</sym>
  </wpt>
  <wpt lat="66.3682505" lon="-23.0186661">
    <name>POI 84</name>
    <sym>Waypoint</sym>
  </wpt>
  <wpt lat="66.4132017" lon="-22.9753511">
    <name>POI 85</name>
    <sym>Waypoint</sym>
  </wpt>
  <wpt lat="66.4307006" lon="-22.9321882">
    <name>POI 86</name>
    <sym>Waypoint</sym>
  </wpt>
  <wpt lat="66.4323684" lon="-22.9268758">
    <name>POI 87</name>
    <sym>Waypoint</sym>
  </wpt>
  <wpt lat="66.381662" lon="-22.9896258">
    <name>POI 88</name>
    <sym>Waypoint</sym>
  </wpt>
  <wpt lat="65.4530199" lon="-23.8651049">
    <name>POI 89</name>
    <sym>Waypoint</sym>
  </wpt>
  <wpt lat="65.4483171" lon="-23.885479">
    <name>POI 90</name>
    <sym>Waypoint</sym>
  </wpt>
  <wpt lat="65.8187396" lon="-23.7917713">
    <name>POI 91</name>
    <sym>Waypoint</sym>
  </wpt>
  <wpt lat="65.814557" lon="-23.7850325">
    <name>POI 92</name>
    <sym>Waypoint</sym>
  </wpt>
  <wpt lat="65.6151068" lon="-23.0113846">
    <name>POI 93</name>
    <sym>Waypoint</sym>
  </wpt>
  <wpt lat="65.6670002" lon="-22.5182551">
    <name>POI 94</name>
    <sym>Waypoint</sym>
  </wpt>
  <wpt lat="64.3579512" lon="-20.9963506">
    <name>POI 95</name>
    <sym>Waypoint</sym>
  </wpt>
  <wpt lat="64.3061477" lon="-19.9524924">
    <name>POI 96</name>
    <sym>Waypoint</sym>
  </wpt>
  <wpt lat="64.289033" lon="-19.8949077">
    <name>POI 97</name>
    <sym>Waypoint</sym>
  </wpt>
  <wpt lat="64.2933202" lon="-19.9015942">
    <name>POI 98</name>
    <sym>Waypoint</sym>
  </wpt>
  <wpt lat="64.2405103" lon="-19.7692218">
    <name>POI 99</name>
    <sym>Waypoint</sym>
  </wpt>
  <wpt lat="64.2599026" lon="-19.8456455">
    <name>POI 100</name>
    <sym>Waypoint</sym>
  </wpt>
  <wpt lat="64.431989" lon="-20.0009154">
    <name>POI 101</name>
    <sym>Waypoint</sym>
  </wpt>
  <wpt lat="64.4699326" lon="-19.9713881">
    <name>POI 102</name>
    <sym>Waypoint</sym>
  </wpt>
  <wpt lat="63.703968" lon="-19.6391774">
    <name>POI 103</name>
    <sym>Waypoint</sym>
  </wpt>
  <wpt lat="63.8414053" lon="-19.5581178">
    <name>POI 104</name>
    <sym>Waypoint</sym>
  </wpt>
  <wpt lat="63.9365922" lon="-19.3529043">
    <name>POI 105</name>
    <sym>Waypoint</sym>
  </wpt>
  <wpt lat="63.9638819" lon="-19.2848537">
    <name>POI 106</name>
    <sym>Waypoint</sym>
  </wpt>
  <wpt lat="63.8268728" lon="-18.7707226">
    <name>POI 107</name>
    <sym>Waypoint</sym>
  </wpt>
  <wpt lat="63.8362853" lon="-18.7477667">
    <name>POI 108</name>
    <sym>Waypoint</sym>
  </wpt>
  <wpt lat="63.89867" lon="-18.7083">
    <name>POI 109</name>
    <desc>depth: 1 | surface: gravel</desc>
    <sym>Waypoint</sym>
  </wpt>
  <wpt lat="63.9378537" lon="-18.6358142">
    <name>POI 110</name>
    <sym>Waypoint</sym>
  </wpt>
  <wpt lat="63.8462008" lon="-18.5968747">
    <name>POI 111</name>
    <sym>Waypoint</sym>
  </wpt>
  <wpt lat="63.8389575" lon="-18.6033036">
    <name>POI 112</name>
    <sym>Waypoint</sym>
  </wpt>
  <wpt lat="63.9799689" lon="-18.5232954">
    <name>POI 113</name>
    <sym>Waypoint</sym>
  </wpt>
  <wpt lat="64.1119126" lon="-19.3679374">
    <name>POI 114</name>
    <sym>Waypoint</sym>
  </wpt>
  <wpt lat="64.2263948" lon="-19.681392">
    <name>POI 115</name>
    <desc>depth: 0.5m</desc>
    <sym>Waypoint</sym>
  </wpt>
  <wpt lat="64.31169" lon="-19.53532">
    <name>POI 116</name>
    <sym>Waypoint</sym>
  </wpt>
  <wpt lat="64.3117772" lon="-19.5364049">
    <name>POI 117</name>
    <sym>Waypoint</sym>
  </wpt>
  <wpt lat="64.31178" lon="-19.5391">
    <name>POI 118</name>
    <sym>Waypoint</sym>
  </wpt>
  <wpt lat="64.3099114" lon="-19.5312238">
    <name>POI 119</name>
    <sym>Waypoint</sym>
  </wpt>
  <wpt lat="64.3103509" lon="-19.5321786">
    <name>POI 120</name>
    <sym>Waypoint</sym>
  </wpt>
  <wpt lat="64.25148" lon="-19.51095">
    <name>POI 121</name>
    <sym>Waypoint</sym>
  </wpt>
  <wpt lat="64.4901402" lon="-19.6370745">
    <name>POI 122</name>
    <sym>Waypoint</sym>
  </wpt>
  <wpt lat="64.6588892" lon="-19.162299">
    <name>POI 123</name>
    <sym>Waypoint</sym>
  </wpt>
  <wpt lat="64.6598312" lon="-19.1816211">
    <name>POI 124</name>
    <sym>Waypoint</sym>
  </wpt>
  <wpt lat="64.01863" lon="-18.80701">
    <name>POI 125</name>
    <sym>Waypoint</sym>
  </wpt>
  <wpt lat="64.06523" lon="-18.72822">
    <name>POI 126</name>
    <desc>depth: 0.5</desc>
    <sym>Waypoint</sym>
  </wpt>
  <wpt lat="64.1456637" lon="-18.7786438">
    <name>POI 127</name>
    <sym>Waypoint</sym>
  </wpt>
  <wpt lat="64.09347" lon="-18.65856">
    <name>POI 128</name>
    <desc>depth: 0.5</desc>
    <sym>Waypoint</sym>
  </wpt>
  <wpt lat="64.09089" lon="-18.64672">
    <name>POI 129</name>
    <desc>depth: 0.3</desc>
    <sym>Waypoint</sym>
  </wpt>
  <wpt lat="64.16475" lon="-18.78684">
    <name>POI 130</name>
    <sym>Waypoint</sym>
  </wpt>
  <wpt lat="64.0098835" lon="-18.5220967">
    <name>POI 131</name>
    <sym>Waypoint</sym>
  </wpt>
  <wpt lat="64.0120417" lon="-18.511983">
    <name>POI 132</name>
    <sym>Waypoint</sym>
  </wpt>
  <wpt lat="64.0125288" lon="-18.5101953">
    <name>POI 133</name>
    <sym>Waypoint</sym>
  </wpt>
  <wpt lat="64.54713" lon="-18.41549">
    <name>POI 134</name>
    <sym>Waypoint</sym>
  </wpt>
  <wpt lat="64.54648" lon="-18.40695">
    <name>POI 135</name>
    <sym>Waypoint</sym>
  </wpt>
  <wpt lat="64.54687" lon="-18.40399">
    <name>POI 136</name>
    <sym>Waypoint</sym>
  </wpt>
  <wpt lat="64.591975" lon="-18.3811746">
    <name>POI 137</name>
    <sym>Waypoint</sym>
  </wpt>
  <wpt lat="63.7839743" lon="-17.8635227">
    <name>POI 138</name>
    <sym>Waypoint</sym>
  </wpt>
  <wpt lat="63.7519802" lon="-17.7920455">
    <name>POI 139</name>
    <sym>Waypoint</sym>
  </wpt>
  <wpt lat="64.6788565" lon="-18.2130817">
    <name>POI 140</name>
    <sym>Waypoint</sym>
  </wpt>
  <wpt lat="64.60931" lon="-18.13697">
    <name>POI 141</name>
    <sym>Waypoint</sym>
  </wpt>
  <wpt lat="64.6094984" lon="-18.13611">
    <name>POI 142</name>
    <sym>Waypoint</sym>
  </wpt>
  <wpt lat="64.62098" lon="-18.01878">
    <name>POI 143</name>
    <sym>Waypoint</sym>
  </wpt>
  <wpt lat="64.6401264" lon="-17.8953651">
    <name>POI 144</name>
    <sym>Waypoint</sym>
  </wpt>
  <wpt lat="64.643865" lon="-17.8651239">
    <name>POI 145</name>
    <sym>Waypoint</sym>
  </wpt>
  <wpt lat="64.6445" lon="-17.86437">
    <name>POI 146</name>
    <sym>Waypoint</sym>
  </wpt>
  <wpt lat="64.7349999" lon="-21.9811238">
    <name>POI 147</name>
    <sym>Waypoint</sym>
  </wpt>
  <wpt lat="64.7363184" lon="-21.9429096">
    <name>POI 148</name>
    <sym>Waypoint</sym>
  </wpt>
  <wpt lat="65.1211073" lon="-22.1159333">
    <name>POI 149</name>
    <sym>Waypoint</sym>
  </wpt>
  <wpt lat="65.2541153" lon="-21.6035119">
    <name>POI 150</name>
    <sym>Waypoint</sym>
  </wpt>
  <wpt lat="66.0494057" lon="-21.7019493">
    <name>POI 151</name>
    <sym>Waypoint</sym>
  </wpt>
  <wpt lat="64.95577" lon="-20.28883">
    <name>POI 152</name>
    <sym>Waypoint</sym>
  </wpt>
  <wpt lat="64.96349" lon="-20.26484">
    <name>POI 153</name>
    <sym>Waypoint</sym>
  </wpt>
  <wpt lat="65.6647833" lon="-20.0273243">
    <name>POI 154</name>
    <sym>Waypoint</sym>
  </wpt>
  <wpt lat="64.8690489" lon="-19.2731521">
    <name>POI 155</name>
    <sym>Waypoint</sym>
  </wpt>
  <wpt lat="64.9557835" lon="-19.0209434">
    <name>POI 156</name>
    <sym>Waypoint</sym>
  </wpt>
  <wpt lat="64.9618737" lon="-19.0083067">
    <name>POI 157</name>
    <sym>Waypoint</sym>
  </wpt>
  <wpt lat="65.2933557" lon="-19.4254911">
    <name>POI 158</name>
    <sym>Waypoint</sym>
  </wpt>
  <wpt lat="64.9835085" lon="-18.9554417">
    <name>POI 159</name>
    <sym>Waypoint</sym>
  </wpt>
  <wpt lat="64.9990055" lon="-18.9234578">
    <name>POI 160</name>
    <sym>Waypoint</sym>
  </wpt>
  <wpt lat="65.03456" lon="-18.7819">
    <name>POI 161</name>
    <desc>fixme: Is this really a ford (guessed from Bing)</desc>
    <sym>Waypoint</sym>
  </wpt>
  <wpt lat="64.7120073" lon="-18.3988972">
    <name>POI 162</name>
    <desc>depth: 0,3m</desc>
    <sym>Waypoint</sym>
  </wpt>
  <wpt lat="64.9845341" lon="-18.3159316">
    <name>POI 163</name>
    <sym>Waypoint</sym>
  </wpt>
  <wpt lat="65.0242012" lon="-18.3278439">
    <name>POI 164</name>
    <sym>Waypoint</sym>
  </wpt>
  <wpt lat="65.1220752" lon="-18.5932285">
    <name>POI 165</name>
    <sym>Waypoint</sym>
  </wpt>
  <wpt lat="65.0499214" lon="-18.4704165">
    <name>POI 166</name>
    <sym>Waypoint</sym>
  </wpt>
  <wpt lat="65.0444642" lon="-18.3909057">
    <name>POI 167</name>
    <sym>Waypoint</sym>
  </wpt>
  <wpt lat="64.8745483" lon="-18.2141024">
    <name>POI 168</name>
    <sym>Waypoint</sym>
  </wpt>
  <wpt lat="64.8283763" lon="-17.6964346">
    <name>POI 169</name>
    <sym>Waypoint</sym>
  </wpt>
  <wpt lat="65.04795" lon="-17.46101">
    <name>POI 170</name>
    <sym>Waypoint</sym>
  </wpt>
  <wpt lat="65.2632857" lon="-17.319512">
    <name>POI 171</name>
    <sym>Waypoint</sym>
  </wpt>
  <wpt lat="65.2972956" lon="-17.3319635">
    <name>POI 172</name>
    <sym>Waypoint</sym>
  </wpt>
  <wpt lat="65.0676027" lon="-16.9376222">
    <name>POI 173</name>
    <sym>Waypoint</sym>
  </wpt>
  <wpt lat="65.1176698" lon="-16.9199986">
    <name>POI 174</name>
    <sym>Waypoint</sym>
  </wpt>
  <wpt lat="65.4558309" lon="-17.7525263">
    <name>POI 175</name>
    <desc>fixme: Is this really a ford (guessed from Bing)</desc>
    <sym>Waypoint</sym>
  </wpt>
  <wpt lat="65.5599268" lon="-17.6779056">
    <name>POI 176</name>
    <sym>Waypoint</sym>
  </wpt>
  <wpt lat="65.5628209" lon="-17.6849602">
    <name>POI 177</name>
    <sym>Waypoint</sym>
  </wpt>
  <wpt lat="65.9539903" lon="-18.0828079">
    <name>POI 178</name>
    <desc>fixme: Is this really a ford (guessed from Bing)</desc>
    <sym>Waypoint</sym>
  </wpt>
  <wpt lat="66.1303692" lon="-18.0737168">
    <name>POI 179</name>
    <sym>Waypoint</sym>
  </wpt>
  <wpt lat="64.7581811" lon="-15.6764245">
    <name>POI 180</name>
    <sym>Waypoint</sym>
  </wpt>
  <wpt lat="64.97946" lon="-15.36584">
    <name>POI 181</name>
    <sym>Waypoint</sym>
  </wpt>
  <wpt lat="66.09809" lon="-16.10377">
    <name>POI 182</name>
    <sym>Waypoint</sym>
  </wpt>
  <wpt lat="66.3595844" lon="-14.7480968">
    <name>POI 183</name>
    <sym>Waypoint</sym>
  </wpt>
  <wpt lat="65.3627121" lon="-13.8972033">
    <name>POI 184</name>
    <sym>Waypoint</sym>
  </wpt>
  <wpt lat="65.282189" lon="-13.7745002">
    <name>POI 185</name>
    <sym>Waypoint</sym>
  </wpt>
  <wpt lat="65.3647171" lon="-13.7853427">
    <name>POI 186</name>
    <sym>Waypoint</sym>
  </wpt>
  <wpt lat="64.9314994" lon="-16.047971">
    <name>POI 187</name>
    <sym>Waypoint</sym>
  </wpt>
  <wpt lat="65.0726049" lon="-15.7000423">
    <name>POI 188</name>
    <sym>Waypoint</sym>
  </wpt>
  <wpt lat="65.4840212" lon="-17.0842499">
    <name>POI 189</name>
    <sym>Waypoint</sym>
  </wpt>
  <wpt lat="63.9948157" lon="-18.6428379">
    <name>POI 190</name>
    <sym>Waypoint</sym>
  </wpt>
  <wpt lat="63.989657" lon="-18.6502729">
    <name>POI 191</name>
    <sym>Waypoint</sym>
  </wpt>
  <wpt lat="64.5659089" lon="-18.4080113">
    <name>POI 192</name>
    <sym>Waypoint</sym>
  </wpt>
  <wpt lat="63.8593861" lon="-16.6678714">
    <name>POI 193</name>
    <desc>description: fording condition not known, not shure on whitch conditions dueable</desc>
    <sym>Waypoint</sym>
  </wpt>
  <wpt lat="65.402813" lon="-13.7074184">
    <name>POI 194</name>
    <sym>Waypoint</sym>
  </wpt>
  <wpt lat="63.6818809" lon="-19.5126526">
    <name>POI 195</name>
    <sym>Waypoint</sym>
  </wpt>
  <wpt lat="66.4181901" lon="-22.454955">
    <name>POI 196</name>
    <sym>Waypoint</sym>
  </wpt>
  <wpt lat="66.4308292" lon="-22.5161599">
    <name>POI 197</name>
    <desc>note: sometimes bridged by driftwood</desc>
    <sym>Waypoint</sym>
  </wpt>
  <wpt lat="66.3752973" lon="-22.5864566">
    <name>POI 198</name>
    <sym>Waypoint</sym>
  </wpt>
  <wpt lat="66.4238947" lon="-22.6420035">
    <name>POI 199</name>
    <sym>Waypoint</sym>
  </wpt>
  <wpt lat="64.8480217" lon="-23.9177291">
    <name>POI 200</name>
    <sym>Waypoint</sym>
  </wpt>
  <wpt lat="64.6094047" lon="-19.705042">
    <name>POI 201</name>
    <desc>description: clear water mostly</desc>
    <sym>Waypoint</sym>
  </wpt>
  <wpt lat="64.9322118" lon="-21.7425549">
    <name>POI 202</name>
    <sym>Waypoint</sym>
  </wpt>
  <wpt lat="64.1624968" lon="-21.7449032">
    <name>POI 203</name>
    <sym>Waypoint</sym>
  </wpt>
  <wpt lat="64.042547" lon="-17.000706">
    <name>POI 204</name>
    <sym>Waypoint</sym>
  </wpt>
  <wpt lat="64.0337331" lon="-16.9919957">
    <name>POI 205</name>
    <sym>Waypoint</sym>
  </wpt>
  <wpt lat="64.5943122" lon="-19.3190039">
    <name>POI 206</name>
    <sym>Waypoint</sym>
  </wpt>
  <wpt lat="64.9229494" lon="-15.5393626">
    <name>POI 207</name>
    <sym>Waypoint</sym>
  </wpt>
  <wpt lat="65.0127543" lon="-15.5744296">
    <name>Hrafnkela</name>
    <sym>Waypoint</sym>
  </wpt>
  <wpt lat="65.0294257" lon="-18.3438757">
    <name>POI 209</name>
    <sym>Waypoint</sym>
  </wpt>
  <wpt lat="64.6997016" lon="-17.987111">
    <name>POI 210</name>
    <sym>Waypoint</sym>
  </wpt>
  <wpt lat="64.6964165" lon="-17.9676561">
    <name>POI 211</name>
    <sym>Waypoint</sym>
  </wpt>
  <wpt lat="65.2678915" lon="-14.3275118">
    <name>POI 212</name>
    <sym>Waypoint</sym>
  </wpt>
  <wpt lat="64.9527626" lon="-20.2912377">
    <name>POI 213</name>
    <sym>Waypoint</sym>
  </wpt>
  <wpt lat="64.8514797" lon="-20.5618285">
    <name>POI 214</name>
    <sym>Waypoint</sym>
  </wpt>
  <wpt lat="65.0265449" lon="-18.3295051">
    <name>POI 215</name>
    <sym>Waypoint</sym>
  </wpt>
  <wpt lat="64.8205901" lon="-17.8730458">
    <name>POI 216</name>
    <desc>depth: 0.8m</desc>
    <sym>Waypoint</sym>
  </wpt>
  <wpt lat="64.7724049" lon="-18.0199426">
    <name>POI 217</name>
    <sym>Waypoint</sym>
  </wpt>
  <wpt lat="65.0432734" lon="-15.7207757">
    <name>POI 218</name>
    <sym>Waypoint</sym>
  </wpt>
  <wpt lat="65.0665514" lon="-15.7114922">
    <name>POI 219</name>
    <sym>Waypoint</sym>
  </wpt>
  <wpt lat="65.2996751" lon="-14.182383">
    <name>POI 220</name>
    <sym>Waypoint</sym>
  </wpt>
  <wpt lat="65.308327" lon="-14.2101932">
    <name>POI 221</name>
    <sym>Waypoint</sym>
  </wpt>
  <wpt lat="65.3478985" lon="-14.2461455">
    <name>POI 222</name>
    <sym>Waypoint</sym>
  </wpt>
  <wpt lat="64.5234941" lon="-19.5046684">
    <name>POI 223</name>
    <sym>Waypoint</sym>
  </wpt>
  <wpt lat="64.1221175" lon="-21.6558738">
    <name>POI 224</name>
    <sym>Waypoint</sym>
  </wpt>
  <wpt lat="64.1237234" lon="-21.6544907">
    <name>POI 225</name>
    <sym>Waypoint</sym>
  </wpt>
  <wpt lat="64.6289767" lon="-21.9368828">
    <name>POI 226</name>
    <sym>Waypoint</sym>
  </wpt>
  <wpt lat="64.6313972" lon="-21.9863222">
    <name>POI 227</name>
    <sym>Waypoint</sym>
  </wpt>
  <wpt lat="64.6482065" lon="-21.9672103">
    <name>POI 228</name>
    <sym>Waypoint</sym>
  </wpt>
  <wpt lat="64.6892013" lon="-21.8652085">
    <name>POI 229</name>
    <sym>Waypoint</sym>
  </wpt>
  <wpt lat="64.7275848" lon="-21.9986719">
    <name>POI 230</name>
    <sym>Waypoint</sym>
  </wpt>
  <wpt lat="64.7278623" lon="-22.0044565">
    <name>POI 231</name>
    <sym>Waypoint</sym>
  </wpt>
  <wpt lat="64.7856986" lon="-21.817371">
    <name>POI 232</name>
    <sym>Waypoint</sym>
  </wpt>
  <wpt lat="64.7771048" lon="-21.3488259">
    <name>POI 233</name>
    <sym>Waypoint</sym>
  </wpt>
  <wpt lat="65.0888109" lon="-14.1146475">
    <name>POI 234</name>
    <sym>Waypoint</sym>
  </wpt>
  <wpt lat="65.0894345" lon="-14.1085804">
    <name>POI 235</name>
    <sym>Waypoint</sym>
  </wpt>
  <wpt lat="64.7554153" lon="-21.620449">
    <name>POI 236</name>
    <sym>Waypoint</sym>
  </wpt>
  <wpt lat="64.0941184" lon="-21.7719509">
    <name>POI 237</name>
    <sym>Waypoint</sym>
  </wpt>
  <wpt lat="63.8984591" lon="-19.1655166">
    <name>POI 238</name>
    <sym>Waypoint</sym>
  </wpt>
  <wpt lat="63.8256826" lon="-19.2151253">
    <name>POI 239</name>
    <sym>Waypoint</sym>
  </wpt>
  <wpt lat="65.9516449" lon="-21.4782187">
    <name>POI 240</name>
    <sym>Waypoint</sym>
  </wpt>
  <wpt lat="63.8200167" lon="-18.2045451">
    <name>POI 241</name>
    <sym>Waypoint</sym>
  </wpt>
  <wpt lat="63.8724926" lon="-18.2522642">
    <name>POI 242</name>
    <sym>Waypoint</sym>
  </wpt>
  <wpt lat="63.809921" lon="-18.5932162">
    <name>POI 243</name>
    <sym>Waypoint</sym>
  </wpt>
  <wpt lat="63.814427" lon="-18.6005023">
    <name>POI 244</name>
    <sym>Waypoint</sym>
  </wpt>
  <wpt lat="63.8203972" lon="-18.6067933">
    <name>POI 245</name>
    <sym>Waypoint</sym>
  </wpt>
  <wpt lat="63.8311499" lon="-18.6012806">
    <name>POI 246</name>
    <sym>Waypoint</sym>
  </wpt>
  <wpt lat="63.8408917" lon="-18.6021359">
    <name>POI 247</name>
    <sym>Waypoint</sym>
  </wpt>
  <wpt lat="63.9864544" lon="-18.6584775">
    <name>POI 248</name>
    <sym>Waypoint</sym>
  </wpt>
  <wpt lat="63.9913619" lon="-18.6482843">
    <name>POI 249</name>
    <sym>Waypoint</sym>
  </wpt>
  <wpt lat="63.9922024" lon="-18.6468529">
    <name>POI 250</name>
    <sym>Waypoint</sym>
  </wpt>
  <wpt lat="63.9975412" lon="-18.6381369">
    <name>POI 251</name>
    <sym>Waypoint</sym>
  </wpt>
  <wpt lat="64.0050474" lon="-18.6342766">
    <name>POI 252</name>
    <sym>Waypoint</sym>
  </wpt>
  <wpt lat="65.9665074" lon="-20.0213063">
    <name>POI 253</name>
    <sym>Waypoint</sym>
  </wpt>
  <wpt lat="65.2900774" lon="-19.8944861">
    <name>POI 254</name>
    <sym>Waypoint</sym>
  </wpt>
  <wpt lat="64.4699542" lon="-19.7410542">
    <name>POI 255</name>
    <sym>Waypoint</sym>
  </wpt>
  <wpt lat="64.9194421" lon="-23.0150904">
    <name>POI 256</name>
    <sym>Waypoint</sym>
  </wpt>
  <wpt lat="64.9400852" lon="-22.9736876">
    <name>POI 257</name>
    <sym>Waypoint</sym>
  </wpt>
  <wpt lat="63.8216177" lon="-18.264012">
    <name>POI 258</name>
    <sym>Waypoint</sym>
  </wpt>
  <wpt lat="63.6126078" lon="-18.213461">
    <name>POI 259</name>
    <sym>Waypoint</sym>
  </wpt>
  <wpt lat="63.6304033" lon="-18.2329344">
    <name>POI 260</name>
    <sym>Waypoint</sym>
  </wpt>
  <wpt lat="63.6322675" lon="-18.2331312">
    <name>POI 261</name>
    <sym>Waypoint</sym>
  </wpt>
  <wpt lat="63.6370185" lon="-18.2381749">
    <name>POI 262</name>
    <sym>Waypoint</sym>
  </wpt>
  <wpt lat="63.6376047" lon="-18.241862">
    <name>POI 263</name>
    <sym>Waypoint</sym>
  </wpt>
  <wpt lat="64.2983226" lon="-21.121433">
    <name>POI 264</name>
    <sym>Waypoint</sym>
  </wpt>
  <wpt lat="64.3825156" lon="-21.0821092">
    <name>POI 265</name>
    <sym>Waypoint</sym>
  </wpt>
  <wpt lat="64.9385752" lon="-22.9870854">
    <name>POI 266</name>
    <sym>Waypoint</sym>
  </wpt>
  <wpt lat="64.9387938" lon="-22.9867245">
    <name>POI 267</name>
    <sym>Waypoint</sym>
  </wpt>
  <wpt lat="64.9390619" lon="-22.9846612">
    <name>POI 268</name>
    <sym>Waypoint</sym>
  </wpt>
  <wpt lat="64.9397405" lon="-22.9839059">
    <name>POI 269</name>
    <sym>Waypoint</sym>
  </wpt>
  <wpt lat="64.9402925" lon="-22.9828207">
    <name>POI 270</name>
    <sym>Waypoint</sym>
  </wpt>
  <wpt lat="64.9407021" lon="-22.9820055">
    <name>POI 271</name>
    <sym>Waypoint</sym>
  </wpt>
  <wpt lat="65.3603454" lon="-13.9121652">
    <name>POI 272</name>
    <sym>Waypoint</sym>
  </wpt>
  <wpt lat="64.7496489" lon="-21.6014377">
    <name>POI 273</name>
    <sym>Waypoint</sym>
  </wpt>
  <wpt lat="64.7559725" lon="-21.5398915">
    <name>POI 274</name>
    <sym>Waypoint</sym>
  </wpt>
  <wpt lat="63.7704221" lon="-18.2514581">
    <name>POI 275</name>
    <sym>Waypoint</sym>
  </wpt>
  <wpt lat="63.7708124" lon="-18.257582">
    <name>POI 276</name>
    <sym>Waypoint</sym>
  </wpt>
  <wpt lat="65.6622652" lon="-16.0999006">
    <name>POI 277</name>
    <sym>Waypoint</sym>
  </wpt>
  <wpt lat="66.2525501" lon="-15.2849022">
    <name>POI 278</name>
    <sym>Waypoint</sym>
  </wpt>
  <wpt lat="63.8201708" lon="-18.2296538">
    <name>POI 279</name>
    <sym>Waypoint</sym>
  </wpt>
  <wpt lat="63.8288783" lon="-18.4091174">
    <name>POI 280</name>
    <sym>Waypoint</sym>
  </wpt>
  <wpt lat="64.210875" lon="-21.205988">
    <name>POI 281</name>
    <sym>Waypoint</sym>
  </wpt>
  <wpt lat="64.2149361" lon="-21.2317525">
    <name>POI 282</name>
    <sym>Waypoint</sym>
  </wpt>
  <wpt lat="64.2252386" lon="-21.2118186">
    <name>POI 283</name>
    <sym>Waypoint</sym>
  </wpt>
  <wpt lat="64.2254472" lon="-21.2124403">
    <name>POI 284</name>
    <sym>Waypoint</sym>
  </wpt>
  <wpt lat="66.0515913" lon="-21.7104107">
    <name>POI 285</name>
    <sym>Waypoint</sym>
  </wpt>
  <wpt lat="66.0646336" lon="-21.7303374">
    <name>POI 286</name>
    <sym>Waypoint</sym>
  </wpt>
  <wpt lat="63.89719" lon="-18.6920147">
    <name>POI 287</name>
    <sym>Waypoint</sym>
  </wpt>
  <wpt lat="66.1350759" lon="-15.1472376">
    <name>POI 288</name>
    <sym>Waypoint</sym>
  </wpt>
  <wpt lat="66.2395865" lon="-22.655169">
    <name>POI 289</name>
    <sym>Waypoint</sym>
  </wpt>
  <wpt lat="64.8325886" lon="-22.4014302">
    <name>POI 290</name>
    <sym>Waypoint</sym>
  </wpt>
  <wpt lat="64.2146871" lon="-21.4214447">
    <name>POI 291</name>
    <sym>Waypoint</sym>
  </wpt>
  <wpt lat="64.2195499" lon="-21.4115598">
    <name>POI 292</name>
    <sym>Waypoint</sym>
  </wpt>
  <wpt lat="64.2207389" lon="-21.3466012">
    <name>POI 293</name>
    <sym>Waypoint</sym>
  </wpt>
  <wpt lat="64.2213809" lon="-21.4048679">
    <name>POI 294</name>
    <sym>Waypoint</sym>
  </wpt>
  <wpt lat="64.2214728" lon="-21.4033465">
    <name>POI 295</name>
    <sym>Waypoint</sym>
  </wpt>
  <wpt lat="64.2223399" lon="-21.3993203">
    <name>POI 296</name>
    <sym>Waypoint</sym>
  </wpt>
  <wpt lat="64.2248777" lon="-21.3894086">
    <name>POI 297</name>
    <sym>Waypoint</sym>
  </wpt>
  <wpt lat="64.2306858" lon="-21.3648541">
    <name>POI 298</name>
    <sym>Waypoint</sym>
  </wpt>
  <wpt lat="64.2520749" lon="-21.3083387">
    <name>POI 299</name>
    <sym>Waypoint</sym>
  </wpt>
  <wpt lat="64.2530319" lon="-21.297949">
    <name>POI 300</name>
    <sym>Waypoint</sym>
  </wpt>
  <wpt lat="64.2566372" lon="-21.2755984">
    <name>POI 301</name>
    <sym>Waypoint</sym>
  </wpt>
  <wpt lat="64.2568176" lon="-21.2681621">
    <name>POI 302</name>
    <sym>Waypoint</sym>
  </wpt>
  <wpt lat="64.2571885" lon="-21.2726923">
    <name>POI 303</name>
    <sym>Waypoint</sym>
  </wpt>
  <wpt lat="64.2572077" lon="-21.2715065">
    <name>POI 304</name>
    <sym>Waypoint</sym>
  </wpt>
  <wpt lat="64.2577112" lon="-21.2621085">
    <name>POI 305</name>
    <sym>Waypoint</sym>
  </wpt>
  <wpt lat="64.2579116" lon="-21.258706">
    <name>POI 306</name>
    <sym>Waypoint</sym>
  </wpt>
  <wpt lat="64.2579492" lon="-21.2552492">
    <name>POI 307</name>
    <sym>Waypoint</sym>
  </wpt>
  <wpt lat="64.2832161" lon="-21.1218469">
    <name>POI 308</name>
    <sym>Waypoint</sym>
  </wpt>
  <wpt lat="64.2917268" lon="-21.1064816">
    <name>POI 309</name>
    <sym>Waypoint</sym>
  </wpt>
  <wpt lat="64.1975014" lon="-21.4316244">
    <name>POI 310</name>
    <sym>Waypoint</sym>
  </wpt>
  <wpt lat="64.2031177" lon="-21.4358725">
    <name>POI 311</name>
    <sym>Waypoint</sym>
  </wpt>
  <wpt lat="64.2047198" lon="-21.4393987">
    <name>POI 312</name>
    <sym>Waypoint</sym>
  </wpt>
  <wpt lat="65.915866" lon="-17.6534007">
    <name>POI 313</name>
    <sym>Waypoint</sym>
  </wpt>
  <wpt lat="65.0042357" lon="-15.7703861">
    <name>POI 314</name>
    <sym>Waypoint</sym>
  </wpt>
  <wpt lat="66.0354814" lon="-17.3002664">
    <name>POI 315</name>
    <sym>Waypoint</sym>
  </wpt>
  <wpt lat="65.4606542" lon="-21.7829052">
    <name>POI 316</name>
    <sym>Waypoint</sym>
  </wpt>
  <wpt lat="65.4613331" lon="-21.7807454">
    <name>POI 317</name>
    <sym>Waypoint</sym>
  </wpt>
  <wpt lat="65.4618879" lon="-21.7792904">
    <name>POI 318</name>
    <sym>Waypoint</sym>
  </wpt>
  <wpt lat="65.4878641" lon="-21.8778607">
    <name>POI 319</name>
    <sym>Waypoint</sym>
  </wpt>
  <wpt lat="65.3000216" lon="-21.8658758">
    <name>POI 320</name>
    <sym>Waypoint</sym>
  </wpt>
  <wpt lat="65.3274079" lon="-21.8586133">
    <name>POI 321</name>
    <sym>Waypoint</sym>
  </wpt>
  <wpt lat="63.9982005" lon="-18.4145382">
    <name>POI 322</name>
    <sym>Waypoint</sym>
  </wpt>
  <wpt lat="64.3921576" lon="-19.2414014">
    <name>POI 323</name>
    <sym>Waypoint</sym>
  </wpt>
  <wpt lat="65.6856737" lon="-21.8112855">
    <name>POI 324</name>
    <sym>Waypoint</sym>
  </wpt>
  <wpt lat="65.6926854" lon="-21.8440413">
    <name>POI 325</name>
    <sym>Waypoint</sym>
  </wpt>
  <wpt lat="65.6963832" lon="-21.8526449">
    <name>POI 326</name>
    <sym>Waypoint</sym>
  </wpt>
  <wpt lat="65.6298425" lon="-21.6907008">
    <name>POI 327</name>
    <sym>Waypoint</sym>
  </wpt>
  <wpt lat="63.6824691" lon="-19.5004777">
    <name>POI 328</name>
    <sym>Waypoint</sym>
  </wpt>
  <wpt lat="64.6649172" lon="-21.1717594">
    <name>POI 329</name>
    <sym>Waypoint</sym>
  </wpt>
  <wpt lat="65.8338565" lon="-23.5481395">
    <name>POI 330</name>
    <sym>Waypoint</sym>
  </wpt>
  <wpt lat="65.2670257" lon="-13.9874077">
    <name>POI 331</name>
    <sym>Waypoint</sym>
  </wpt>
  <wpt lat="64.8015934" lon="-23.9606365">
    <name>POI 332</name>
    <sym>Waypoint</sym>
  </wpt>
  <wpt lat="64.1659588" lon="-21.5961063">
    <name>POI 333</name>
    <sym>Waypoint</sym>
  </wpt>
  <wpt lat="63.7991011" lon="-20.256473">
    <name>POI 334</name>
    <sym>Waypoint</sym>
  </wpt>
  <wpt lat="63.8559556" lon="-20.1652172">
    <name>POI 335</name>
    <sym>Waypoint</sym>
  </wpt>
  <wpt lat="63.9369253" lon="-19.9632113">
    <name>POI 336</name>
    <sym>Waypoint</sym>
  </wpt>
  <wpt lat="63.9373336" lon="-19.9463345">
    <name>POI 337</name>
    <sym>Waypoint</sym>
  </wpt>
  <wpt lat="63.7441562" lon="-20.2195304">
    <name>POI 338</name>
    <sym>Waypoint</sym>
  </wpt>
  <wpt lat="63.744473" lon="-20.2235163">
    <name>POI 339</name>
    <sym>Waypoint</sym>
  </wpt>
  <wpt lat="63.7295324" lon="-20.1483515">
    <name>POI 340</name>
    <sym>Waypoint</sym>
  </wpt>
  <wpt lat="63.7300059" lon="-20.1529235">
    <name>POI 341</name>
    <sym>Waypoint</sym>
  </wpt>
  <wpt lat="63.7397766" lon="-20.1163562">
    <name>POI 342</name>
    <sym>Waypoint</sym>
  </wpt>
  <wpt lat="63.7835361" lon="-20.3073289">
    <name>POI 343</name>
    <sym>Waypoint</sym>
  </wpt>
  <wpt lat="63.8246485" lon="-20.2471501">
    <name>POI 344</name>
    <sym>Waypoint</sym>
  </wpt>
  <wpt lat="63.8268186" lon="-20.2282525">
    <name>POI 345</name>
    <sym>Waypoint</sym>
  </wpt>
  <wpt lat="63.8374101" lon="-20.1374538">
    <name>POI 346</name>
    <sym>Waypoint</sym>
  </wpt>
  <wpt lat="63.6409366" lon="-20.4033464">
    <name>POI 347</name>
    <sym>Waypoint</sym>
  </wpt>
  <wpt lat="64.4479343" lon="-19.9654017">
    <name>POI 348</name>
    <sym>Waypoint</sym>
  </wpt>
  <wpt lat="64.4488411" lon="-19.9508088">
    <name>POI 349</name>
    <sym>Waypoint</sym>
  </wpt>
  <wpt lat="64.4509709" lon="-19.9391061">
    <name>POI 350</name>
    <sym>Waypoint</sym>
  </wpt>
  <wpt lat="64.4510009" lon="-19.9413894">
    <name>POI 351</name>
    <sym>Waypoint</sym>
  </wpt>
  <wpt lat="64.4588459" lon="-19.8432721">
    <name>POI 352</name>
    <sym>Waypoint</sym>
  </wpt>
  <wpt lat="64.4599749" lon="-19.8395836">
    <name>POI 353</name>
    <sym>Waypoint</sym>
  </wpt>
  <wpt lat="64.4643629" lon="-19.8100559">
    <name>POI 354</name>
    <sym>Waypoint</sym>
  </wpt>
  <wpt lat="64.4705168" lon="-19.7962953">
    <name>POI 355</name>
    <sym>Waypoint</sym>
  </wpt>
  <wpt lat="64.4732468" lon="-19.7917492">
    <name>POI 356</name>
    <sym>Waypoint</sym>
  </wpt>
  <wpt lat="64.4742556" lon="-19.7893417">
    <name>POI 357</name>
    <sym>Waypoint</sym>
  </wpt>
  <wpt lat="64.4806947" lon="-19.7786032">
    <name>POI 358</name>
    <sym>Waypoint</sym>
  </wpt>
  <wpt lat="64.4837675" lon="-19.7717509">
    <name>POI 359</name>
    <sym>Waypoint</sym>
  </wpt>
  <wpt lat="64.4892969" lon="-19.7564208">
    <name>POI 360</name>
    <sym>Waypoint</sym>
  </wpt>
  <wpt lat="64.510464" lon="-19.7368585">
    <name>POI 361</name>
    <sym>Waypoint</sym>
  </wpt>
  <wpt lat="64.5263328" lon="-19.7431854">
    <name>POI 362</name>
    <sym>Waypoint</sym>
  </wpt>
  <wpt lat="64.5277446" lon="-19.74532">
    <name>POI 363</name>
    <sym>Waypoint</sym>
  </wpt>
  <wpt lat="64.5319253" lon="-19.7544499">
    <name>POI 364</name>
    <sym>Waypoint</sym>
  </wpt>
  <wpt lat="64.5360598" lon="-19.7814969">
    <name>POI 365</name>
    <sym>Waypoint</sym>
  </wpt>
  <wpt lat="64.6967717" lon="-21.2500475">
    <name>POI 366</name>
    <sym>Waypoint</sym>
  </wpt>
  <wpt lat="64.6007577" lon="-21.5360755">
    <name>POI 367</name>
    <sym>Waypoint</sym>
  </wpt>
  <wpt lat="64.4404823" lon="-21.2248372">
    <name>POI 368</name>
    <sym>Waypoint</sym>
  </wpt>
  <wpt lat="64.4685981" lon="-21.3908907">
    <name>POI 369</name>
    <sym>Waypoint</sym>
  </wpt>
  <wpt lat="64.4620355" lon="-21.3111113">
    <name>POI 370</name>
    <sym>Waypoint</sym>
  </wpt>
  <wpt lat="64.4052008" lon="-21.6229231">
    <name>POI 371</name>
    <sym>Waypoint</sym>
  </wpt>
  <wpt lat="64.1005224" lon="-19.9686836">
    <name>POI 372</name>
    <sym>Waypoint</sym>
  </wpt>
  <wpt lat="64.1032326" lon="-19.9808382">
    <name>POI 373</name>
    <sym>Waypoint</sym>
  </wpt>
  <wpt lat="64.1054158" lon="-19.9836969">
    <name>POI 374</name>
    <sym>Waypoint</sym>
  </wpt>
  <wpt lat="64.1180383" lon="-19.926375">
    <name>POI 375</name>
    <sym>Waypoint</sym>
  </wpt>
  <wpt lat="64.1187187" lon="-19.9197454">
    <name>POI 376</name>
    <sym>Waypoint</sym>
  </wpt>
  <wpt lat="64.201298" lon="-20.7434538">
    <name>POI 377</name>
    <sym>Waypoint</sym>
  </wpt>
  <wpt lat="66.0144475" lon="-15.0734165">
    <name>POI 378</name>
    <sym>Waypoint</sym>
  </wpt>
  <wpt lat="66.0040018" lon="-15.0832479">
    <name>POI 379</name>
    <sym>Waypoint</sym>
  </wpt>
  <wpt lat="64.240397" lon="-20.6574256">
    <name>POI 380</name>
    <sym>Waypoint</sym>
  </wpt>
  <wpt lat="64.2349471" lon="-20.7107343">
    <name>POI 381</name>
    <sym>Waypoint</sym>
  </wpt>
  <wpt lat="64.2362754" lon="-20.7058834">
    <name>POI 382</name>
    <sym>Waypoint</sym>
  </wpt>
  <wpt lat="64.1455476" lon="-20.7066916">
    <name>POI 383</name>
    <sym>Waypoint</sym>
  </wpt>
  <wpt lat="64.1471641" lon="-20.7031318">
    <name>POI 384</name>
    <sym>Waypoint</sym>
  </wpt>
  <wpt lat="64.2118761" lon="-20.8534671">
    <name>POI 385</name>
    <sym>Waypoint</sym>
  </wpt>
  <wpt lat="64.1061823" lon="-20.6841109">
    <name>POI 386</name>
    <sym>Waypoint</sym>
  </wpt>
  <wpt lat="64.3081599" lon="-20.3107653">
    <name>POI 387</name>
    <sym>Waypoint</sym>
  </wpt>
  <wpt lat="64.324321" lon="-20.3090644">
    <name>POI 388</name>
    <sym>Waypoint</sym>
  </wpt>
  <wpt lat="64.3254475" lon="-20.266804">
    <name>POI 389</name>
    <sym>Waypoint</sym>
  </wpt>
  <wpt lat="64.3256309" lon="-20.2662603">
    <name>POI 390</name>
    <sym>Waypoint</sym>
  </wpt>
  <wpt lat="64.3259552" lon="-20.2645419">
    <name>POI 391</name>
    <sym>Waypoint</sym>
  </wpt>
  <wpt lat="64.3259808" lon="-20.2647819">
    <name>POI 392</name>
    <sym>Waypoint</sym>
  </wpt>
  <wpt lat="64.3317385" lon="-20.2674243">
    <name>POI 393</name>
    <sym>Waypoint</sym>
  </wpt>
  <wpt lat="64.3324976" lon="-20.2703734">
    <name>POI 394</name>
    <sym>Waypoint</sym>
  </wpt>
  <wpt lat="64.3094736" lon="-20.222877">
    <name>POI 395</name>
    <sym>Waypoint</sym>
  </wpt>
  <wpt lat="64.3123687" lon="-20.2196302">
    <name>POI 396</name>
    <sym>Waypoint</sym>
  </wpt>
  <wpt lat="64.3133256" lon="-20.2207709">
    <name>POI 397</name>
    <sym>Waypoint</sym>
  </wpt>
  <wpt lat="65.8646833" lon="-20.2925348">
    <name>POI 398</name>
    <sym>Waypoint</sym>
  </wpt>
  <wpt lat="64.13706" lon="-19.9422697">
    <name>POI 399</name>
    <sym>Waypoint</sym>
  </wpt>
  <wpt lat="64.1396966" lon="-19.932266">
    <name>POI 400</name>
    <sym>Waypoint</sym>
  </wpt>
  <wpt lat="64.1401165" lon="-19.932266">
    <name>POI 401</name>
    <sym>Waypoint</sym>
  </wpt>
  <wpt lat="64.142238" lon="-19.9295691">
    <name>POI 402</name>
    <sym>Waypoint</sym>
  </wpt>
  <wpt lat="64.1479558" lon="-19.9214681">
    <name>POI 403</name>
    <sym>Waypoint</sym>
  </wpt>
  <wpt lat="64.1501774" lon="-19.9210537">
    <name>POI 404</name>
    <sym>Waypoint</sym>
  </wpt>
  <wpt lat="64.1559883" lon="-19.8559909">
    <name>POI 405</name>
    <sym>Waypoint</sym>
  </wpt>
  <wpt lat="64.1571081" lon="-19.8563967">
    <name>POI 406</name>
    <sym>Waypoint</sym>
  </wpt>
  <wpt lat="64.1580133" lon="-19.8369599">
    <name>POI 407</name>
    <sym>Waypoint</sym>
  </wpt>
  <wpt lat="64.1589715" lon="-19.9066084">
    <name>POI 408</name>
    <sym>Waypoint</sym>
  </wpt>
  <wpt lat="64.1614303" lon="-19.8587188">
    <name>POI 409</name>
    <sym>Waypoint</sym>
  </wpt>
  <wpt lat="64.1640496" lon="-19.8989683">
    <name>POI 410</name>
    <sym>Waypoint</sym>
  </wpt>
  <wpt lat="64.1651838" lon="-19.8956194">
    <name>POI 411</name>
    <sym>Waypoint</sym>
  </wpt>
  <wpt lat="64.1653823" lon="-19.8948065">
    <name>POI 412</name>
    <sym>Waypoint</sym>
  </wpt>
  <wpt lat="64.1706333" lon="-19.837733">
    <name>POI 413</name>
    <sym>Waypoint</sym>
  </wpt>
  <wpt lat="64.1707082" lon="-19.8341289">
    <name>POI 414</name>
    <sym>Waypoint</sym>
  </wpt>
  <wpt lat="64.1708573" lon="-19.8825775">
    <name>POI 415</name>
    <sym>Waypoint</sym>
  </wpt>
  <wpt lat="64.1711382" lon="-19.8609325">
    <name>POI 416</name>
    <sym>Waypoint</sym>
  </wpt>
  <wpt lat="64.1713372" lon="-19.8790778">
    <name>POI 417</name>
    <sym>Waypoint</sym>
  </wpt>
  <wpt lat="64.1715864" lon="-19.8431308">
    <name>POI 418</name>
    <sym>Waypoint</sym>
  </wpt>
  <wpt lat="64.17169" lon="-19.8920761">
    <name>POI 419</name>
    <sym>Waypoint</sym>
  </wpt>
  <wpt lat="64.1722277" lon="-19.8585966">
    <name>POI 420</name>
    <sym>Waypoint</sym>
  </wpt>
  <wpt lat="64.1731515" lon="-19.8511262">
    <name>POI 421</name>
    <sym>Waypoint</sym>
  </wpt>
  <wpt lat="64.1745884" lon="-19.8615888">
    <name>POI 422</name>
    <sym>Waypoint</sym>
  </wpt>
  <wpt lat="64.1758204" lon="-19.8633479">
    <name>POI 423</name>
    <sym>Waypoint</sym>
  </wpt>
  <wpt lat="64.1775499" lon="-19.8667764">
    <name>POI 424</name>
    <sym>Waypoint</sym>
  </wpt>
  <wpt lat="64.1777616" lon="-19.8675373">
    <name>POI 425</name>
    <sym>Waypoint</sym>
  </wpt>
  <wpt lat="64.1587069" lon="-19.7870648">
    <name>POI 426</name>
    <sym>Waypoint</sym>
  </wpt>
  <wpt lat="64.1595236" lon="-19.7943733">
    <name>POI 427</name>
    <sym>Waypoint</sym>
  </wpt>
  <wpt lat="64.1604068" lon="-19.8099577">
    <name>POI 428</name>
    <sym>Waypoint</sym>
  </wpt>
  <wpt lat="64.1616751" lon="-19.8114071">
    <name>POI 429</name>
    <sym>Waypoint</sym>
  </wpt>
  <wpt lat="63.9785311" lon="-19.0470929">
    <name>POI 430</name>
    <sym>Waypoint</sym>
  </wpt>
  <wpt lat="63.9908541" lon="-18.9253693">
    <name>POI 431</name>
    <sym>Waypoint</sym>
  </wpt>
  <wpt lat="64.9866223" lon="-21.7529448">
    <name>POI 432</name>
    <sym>Waypoint</sym>
  </wpt>
  <wpt lat="64.9941549" lon="-21.6367713">
    <name>POI 433</name>
    <sym>Waypoint</sym>
  </wpt>
  <wpt lat="64.9500439" lon="-21.7421199">
    <name>POI 434</name>
    <sym>Waypoint</sym>
  </wpt>
  <wpt lat="64.9733536" lon="-21.7377427">
    <name>POI 435</name>
    <sym>Waypoint</sym>
  </wpt>
  <wpt lat="66.245185" lon="-22.871036">
    <name>POI 436</name>
    <sym>Waypoint</sym>
  </wpt>
  <wpt lat="63.7058077" lon="-19.7006109">
    <name>POI 437</name>
    <sym>Waypoint</sym>
  </wpt>
  <wpt lat="65.3367957" lon="-21.8875882">
    <name>POI 438</name>
    <sym>Waypoint</sym>
  </wpt>
  <wpt lat="65.3064912" lon="-21.8707455">
    <name>POI 439</name>
    <sym>Waypoint</sym>
  </wpt>
  <wpt lat="65.3364308" lon="-21.8857041">
    <name>POI 440</name>
    <sym>Waypoint</sym>
  </wpt>
  <wpt lat="65.5285993" lon="-21.9618954">
    <name>POI 441</name>
    <sym>Waypoint</sym>
  </wpt>
  <wpt lat="65.531031" lon="-21.959331">
    <name>POI 442</name>
    <sym>Waypoint</sym>
  </wpt>
  <wpt lat="65.5335839" lon="-21.9560319">
    <name>POI 443</name>
    <sym>Waypoint</sym>
  </wpt>
  <wpt lat="65.3989119" lon="-20.9351696">
    <name>POI 444</name>
    <sym>Waypoint</sym>
  </wpt>
  <wpt lat="65.7631095" lon="-21.6725045">
    <name>POI 445</name>
    <sym>Waypoint</sym>
  </wpt>
  <wpt lat="65.7603271" lon="-21.669051">
    <name>POI 446</name>
    <sym>Waypoint</sym>
  </wpt>
  <wpt lat="65.1399211" lon="-20.898132">
    <name>POI 447</name>
    <sym>Waypoint</sym>
  </wpt>
  <wpt lat="65.1610029" lon="-20.9405114">
    <name>POI 448</name>
    <sym>Waypoint</sym>
  </wpt>
  <wpt lat="65.3236279" lon="-20.6462878">
    <name>POI 449</name>
    <sym>Waypoint</sym>
  </wpt>
  <wpt lat="65.3422169" lon="-20.9463018">
    <name>POI 450</name>
    <sym>Waypoint</sym>
  </wpt>
  <wpt lat="64.7096661" lon="-21.5065335">
    <name>POI 451</name>
    <sym>Waypoint</sym>
  </wpt>
  <wpt lat="64.7576489" lon="-21.2776992">
    <name>POI 452</name>
    <sym>Waypoint</sym>
  </wpt>
  <wpt lat="64.7540613" lon="-21.296604">
    <name>POI 453</name>
    <sym>Waypoint</sym>
  </wpt>
  <wpt lat="64.7878295" lon="-21.3281676">
    <name>POI 454</name>
    <sym>Waypoint</sym>
  </wpt>
  <wpt lat="64.8055109" lon="-21.2350464">
    <name>POI 455</name>
    <sym>Waypoint</sym>
  </wpt>
  <wpt lat="64.7933665" lon="-21.28271">
    <name>POI 456</name>
    <sym>Waypoint</sym>
  </wpt>
  <wpt lat="64.7053441" lon="-21.0166233">
    <name>POI 457</name>
    <sym>Waypoint</sym>
  </wpt>
  <wpt lat="64.7042679" lon="-21.0093865">
    <name>POI 458</name>
    <sym>Waypoint</sym>
  </wpt>
  <wpt lat="64.8227067" lon="-20.8642436">
    <name>POI 459</name>
    <sym>Waypoint</sym>
  </wpt>
  <wpt lat="66.2420992" lon="-22.2550413">
    <name>POI 460</name>
    <sym>Waypoint</sym>
  </wpt>
  <wpt lat="64.8055787" lon="-20.9861902">
    <name>POI 461</name>
    <sym>Waypoint</sym>
  </wpt>
  <wpt lat="65.3603653" lon="-17.1746832">
    <name>POI 462</name>
    <sym>Waypoint</sym>
  </wpt>
  <wpt lat="63.7034431" lon="-17.9559039">
    <name>POI 463</name>
    <sym>Waypoint</sym>
  </wpt>
  <wpt lat="63.7626266" lon="-18.0208851">
    <name>POI 464</name>
    <sym>Waypoint</sym>
  </wpt>
  <wpt lat="63.5462214" lon="-18.2539389">
    <name>POI 465</name>
    <sym>Waypoint</sym>
  </wpt>
  <wpt lat="63.5473261" lon="-18.245943">
    <name>POI 466</name>
    <sym>Waypoint</sym>
  </wpt>
  <wpt lat="64.6830548" lon="-21.6423478">
    <name>POI 467</name>
    <sym>Waypoint</sym>
  </wpt>
  <wpt lat="65.7436709" lon="-21.9985623">
    <name>POI 468</name>
    <sym>Waypoint</sym>
  </wpt>
  <wpt lat="66.154949" lon="-23.2687301">
    <name>POI 469</name>
    <sym>Waypoint</sym>
  </wpt>
  <wpt lat="63.8991296" lon="-18.2041909">
    <name>POI 470</name>
    <sym>Waypoint</sym>
  </wpt>
  <wpt lat="63.8213311" lon="-18.185586">
    <name>POI 471</name>
    <sym>Waypoint</sym>
  </wpt>
  <wpt lat="63.7256829" lon="-17.9527208">
    <name>POI 472</name>
    <sym>Waypoint</sym>
  </wpt>
  <wpt lat="65.5907851" lon="-15.4008661">
    <name>POI 473</name>
    <sym>Waypoint</sym>
  </wpt>
  <wpt lat="65.6007368" lon="-15.3674191">
    <name>POI 474</name>
    <sym>Waypoint</sym>
  </wpt>
  <wpt lat="66.2163799" lon="-14.9776166">
    <name>POI 475</name>
    <sym>Waypoint</sym>
  </wpt>
  <wpt lat="65.1229388" lon="-13.7534037">
    <name>POI 476</name>
    <sym>Waypoint</sym>
  </wpt>
  <wpt lat="66.142555" lon="-15.7889119">
    <name>POI 477</name>
    <sym>Waypoint</sym>
  </wpt>
  <wpt lat="66.1478637" lon="-15.7793042">
    <name>POI 478</name>
    <sym>Waypoint</sym>
  </wpt>
  <wpt lat="65.0434579" lon="-14.2020607">
    <name>Búðará</name>
    <sym>Waypoint</sym>
  </wpt>
  <wpt lat="66.1516493" lon="-15.5069054">
    <name>POI 480</name>
    <sym>Waypoint</sym>
  </wpt>
  <wpt lat="65.9423957" lon="-15.4434815">
    <name>POI 481</name>
    <sym>Waypoint</sym>
  </wpt>
  <wpt lat="65.9797219" lon="-15.5123596">
    <name>POI 482</name>
    <sym>Waypoint</sym>
  </wpt>
  <wpt lat="65.9918798" lon="-15.5207059">
    <name>POI 483</name>
    <sym>Waypoint</sym>
  </wpt>
  <wpt lat="65.6488779" lon="-22.5437844">
    <name>POI 484</name>
    <sym>Waypoint</sym>
  </wpt>
  <wpt lat="65.65961" lon="-22.5356519">
    <name>POI 485</name>
    <sym>Waypoint</sym>
  </wpt>
  <wpt lat="65.6779502" lon="-22.5086528">
    <name>POI 486</name>
    <sym>Waypoint</sym>
  </wpt>
  <wpt lat="65.6936011" lon="-22.4844642">
    <name>POI 487</name>
    <sym>Waypoint</sym>
  </wpt>
  <wpt lat="65.802441" lon="-22.4132841">
    <name>POI 488</name>
    <sym>Waypoint</sym>
  </wpt>
  <wpt lat="65.7692223" lon="-22.655957">
    <name>POI 489</name>
    <sym>Waypoint</sym>
  </wpt>
  <wpt lat="65.9848791" lon="-17.8480645">
    <name>POI 490</name>
    <sym>Waypoint</sym>
  </wpt>
  <wpt lat="65.9910766" lon="-17.848337">
    <name>POI 491</name>
    <sym>Waypoint</sym>
  </wpt>
  <wpt lat="66.0756102" lon="-17.8809781">
    <name>POI 492</name>
    <sym>Waypoint</sym>
  </wpt>
  <wpt lat="64.987591" lon="-19.5045653">
    <name>POI 493</name>
    <sym>Waypoint</sym>
  </wpt>
  <wpt lat="64.1702947" lon="-21.595881">
    <name>POI 494</name>
    <sym>Waypoint</sym>
  </wpt>
  <wpt lat="64.1781803" lon="-21.5720641">
    <name>POI 495</name>
    <sym>Waypoint</sym>
  </wpt>
  <wpt lat="64.1799064" lon="-21.5794857">
    <name>POI 496</name>
    <sym>Waypoint</sym>
  </wpt>
  <wpt lat="64.1623381" lon="-21.597234">
    <name>POI 497</name>
    <sym>Waypoint</sym>
  </wpt>
  <wpt lat="64.9676747" lon="-22.1595042">
    <name>POI 498</name>
    <sym>Waypoint</sym>
  </wpt>
  <wpt lat="65.5955702" lon="-23.9792171">
    <name>POI 499</name>
    <sym>Waypoint</sym>
  </wpt>
  <wpt lat="65.5865591" lon="-18.2889869">
    <name>POI 500</name>
    <sym>Waypoint</sym>
  </wpt>
  <wpt lat="65.5957742" lon="-18.2662357">
    <name>POI 501</name>
    <sym>Waypoint</sym>
  </wpt>
  <wpt lat="65.6011204" lon="-18.2509487">
    <name>POI 502</name>
    <sym>Waypoint</sym>
  </wpt>
  <wpt lat="64.8136506" lon="-15.8220508">
    <name>POI 503</name>
    <sym>Waypoint</sym>
  </wpt>
  <wpt lat="64.8882534" lon="-16.3081692">
    <name>POI 504</name>
    <sym>Waypoint</sym>
  </wpt>
  <wpt lat="64.8995355" lon="-16.2890796">
    <name>POI 505</name>
    <sym>Waypoint</sym>
  </wpt>
  <wpt lat="64.05419" lon="-19.2234676">
    <name>POI 506</name>
    <sym>Waypoint</sym>
  </wpt>
  <wpt lat="64.0009803" lon="-21.1703609">
    <name>POI 507</name>
    <sym>Waypoint</sym>
  </wpt>
  <wpt lat="64.1882559" lon="-21.6209089">
    <name>POI 508</name>
    <sym>Waypoint</sym>
  </wpt>
  <wpt lat="65.3769187" lon="-22.8147167">
    <name>POI 509</name>
    <sym>Waypoint</sym>
  </wpt>
  <wpt lat="65.1628886" lon="-18.1873964">
    <name>POI 510</name>
    <sym>Waypoint</sym>
  </wpt>
  <wpt lat="65.167865" lon="-18.1927137">
    <name>POI 511</name>
    <sym>Waypoint</sym>
  </wpt>
  <wpt lat="64.5754068" lon="-19.2456022">
    <name>POI 512</name>
    <sym>Waypoint</sym>
  </wpt>
  <wpt lat="64.5812274" lon="-19.2949102">
    <name>POI 513</name>
    <sym>Waypoint</sym>
  </wpt>
  <wpt lat="64.5839855" lon="-19.2966065">
    <name>POI 514</name>
    <sym>Waypoint</sym>
  </wpt>
  <wpt lat="64.5850313" lon="-19.1930109">
    <name>POI 515</name>
    <sym>Waypoint</sym>
  </wpt>
  <wpt lat="64.5859531" lon="-19.1328532">
    <name>POI 516</name>
    <sym>Waypoint</sym>
  </wpt>
  <wpt lat="64.594844" lon="-19.3063998">
    <name>POI 517</name>
    <sym>Waypoint</sym>
  </wpt>
  <wpt lat="64.6090113" lon="-19.1402662">
    <name>POI 518</name>
    <sym>Waypoint</sym>
  </wpt>
  <wpt lat="64.6298838" lon="-19.3269859">
    <name>POI 519</name>
    <sym>Waypoint</sym>
  </wpt>
  <wpt lat="64.631393" lon="-19.3404383">
    <name>POI 520</name>
    <sym>Waypoint</sym>
  </wpt>
  <wpt lat="64.6492826" lon="-19.1465813">
    <name>POI 521</name>
    <sym>Waypoint</sym>
  </wpt>
  <wpt lat="64.65025" lon="-19.1489499">
    <name>POI 522</name>
    <sym>Waypoint</sym>
  </wpt>
  <wpt lat="64.663024" lon="-19.249746">
    <name>POI 523</name>
    <sym>Waypoint</sym>
  </wpt>
  <wpt lat="64.6658254" lon="-19.2443027">
    <name>POI 524</name>
    <sym>Waypoint</sym>
  </wpt>
  <wpt lat="65.4339901" lon="-20.8771048">
    <name>POI 525</name>
    <sym>Waypoint</sym>
  </wpt>
  <wpt lat="65.2927884" lon="-21.1861467">
    <name>POI 526</name>
    <sym>Waypoint</sym>
  </wpt>
  <wpt lat="63.8602817" lon="-18.5867308">
    <name>POI 527</name>
    <sym>Waypoint</sym>
  </wpt>
  <wpt lat="65.0898729" lon="-21.0848558">
    <name>POI 528</name>
    <sym>Waypoint</sym>
  </wpt>
  <wpt lat="65.093449" lon="-21.0882527">
    <name>POI 529</name>
    <sym>Waypoint</sym>
  </wpt>
  <wpt lat="64.8399413" lon="-21.344801">
    <name>POI 530</name>
    <sym>Waypoint</sym>
  </wpt>
  <wpt lat="64.8423393" lon="-21.3200431">
    <name>POI 531</name>
    <sym>Waypoint</sym>
  </wpt>
  <wpt lat="64.9098711" lon="-21.1626083">
    <name>POI 532</name>
    <sym>Waypoint</sym>
  </wpt>
  <wpt lat="64.9118113" lon="-21.1525426">
    <name>POI 533</name>
    <sym>Waypoint</sym>
  </wpt>
  <wpt lat="64.9181787" lon="-21.1298781">
    <name>POI 534</name>
    <sym>Waypoint</sym>
  </wpt>
  <wpt lat="64.9248659" lon="-21.1124062">
    <name>POI 535</name>
    <sym>Waypoint</sym>
  </wpt>
  <wpt lat="64.9248946" lon="-21.117404">
    <name>POI 536</name>
    <sym>Waypoint</sym>
  </wpt>
  <wpt lat="64.9270366" lon="-21.1039161">
    <name>POI 537</name>
    <sym>Waypoint</sym>
  </wpt>
  <wpt lat="64.9412161" lon="-21.0669723">
    <name>POI 538</name>
    <sym>Waypoint</sym>
  </wpt>
  <wpt lat="64.9483072" lon="-21.0615707">
    <name>POI 539</name>
    <sym>Waypoint</sym>
  </wpt>
  <wpt lat="64.951545" lon="-21.0596685">
    <name>POI 540</name>
    <sym>Waypoint</sym>
  </wpt>
  <wpt lat="65.0164766" lon="-21.0962012">
    <name>POI 541</name>
    <sym>Waypoint</sym>
  </wpt>
  <wpt lat="65.0255605" lon="-21.0990336">
    <name>POI 542</name>
    <sym>Waypoint</sym>
  </wpt>
  <wpt lat="65.0286416" lon="-21.0962787">
    <name>POI 543</name>
    <sym>Waypoint</sym>
  </wpt>
  <wpt lat="65.0320399" lon="-21.0979638">
    <name>POI 544</name>
    <sym>Waypoint</sym>
  </wpt>
  <wpt lat="65.0380275" lon="-21.106147">
    <name>POI 545</name>
    <sym>Waypoint</sym>
  </wpt>
  <wpt lat="65.0393213" lon="-21.1054694">
    <name>POI 546</name>
    <sym>Waypoint</sym>
  </wpt>
  <wpt lat="65.0399889" lon="-21.1051791">
    <name>POI 547</name>
    <sym>Waypoint</sym>
  </wpt>
  <wpt lat="65.0407431" lon="-21.105231">
    <name>POI 548</name>
    <sym>Waypoint</sym>
  </wpt>
  <wpt lat="65.0457956" lon="-21.1062269">
    <name>POI 549</name>
    <sym>Waypoint</sym>
  </wpt>
  <wpt lat="65.0503932" lon="-21.106012">
    <name>POI 550</name>
    <sym>Waypoint</sym>
  </wpt>
  <wpt lat="65.0512093" lon="-21.1071847">
    <name>POI 551</name>
    <sym>Waypoint</sym>
  </wpt>
  <wpt lat="65.0865966" lon="-21.091115">
    <name>POI 552</name>
    <sym>Waypoint</sym>
  </wpt>
  <wpt lat="63.8421654" lon="-19.1474026">
    <name>POI 553</name>
    <sym>Waypoint</sym>
  </wpt>
  <wpt lat="63.8436333" lon="-19.1815572">
    <name>POI 554</name>
    <sym>Waypoint</sym>
  </wpt>
  <wpt lat="64.4103768" lon="-21.6353636">
    <name>POI 555</name>
    <sym>Waypoint</sym>
  </wpt>
  <wpt lat="64.4109666" lon="-21.6373163">
    <name>POI 556</name>
    <sym>Waypoint</sym>
  </wpt>
  <wpt lat="64.6703747" lon="-21.7218191">
    <name>POI 557</name>
    <sym>Waypoint</sym>
  </wpt>
  <wpt lat="66.0083578" lon="-17.8455522">
    <name>POI 558</name>
    <sym>Waypoint</sym>
  </wpt>
  <wpt lat="66.0910731" lon="-23.2936714">
    <name>POI 559</name>
    <sym>Waypoint</sym>
  </wpt>
  <wpt lat="66.0948765" lon="-23.2877523">
    <name>POI 560</name>
    <sym>Waypoint</sym>
  </wpt>
  <wpt lat="66.0949088" lon="-23.2868941">
    <name>POI 561</name>
    <sym>Waypoint</sym>
  </wpt>
  <wpt lat="66.0949702" lon="-23.2867241">
    <name>POI 562</name>
    <sym>Waypoint</sym>
  </wpt>
  <wpt lat="66.0956773" lon="-23.2920689">
    <name>POI 563</name>
    <sym>Waypoint</sym>
  </wpt>
  <wpt lat="66.0979703" lon="-23.2879481">
    <name>POI 564</name>
    <sym>Waypoint</sym>
  </wpt>
  <wpt lat="66.0985465" lon="-23.2655177">
    <name>POI 565</name>
    <sym>Waypoint</sym>
  </wpt>
  <wpt lat="66.0986875" lon="-23.2638706">
    <name>POI 566</name>
    <sym>Waypoint</sym>
  </wpt>
  <wpt lat="65.6076484" lon="-23.044509">
    <name>POI 567</name>
    <sym>Waypoint</sym>
  </wpt>
  <wpt lat="65.609704" lon="-23.0324609">
    <name>POI 568</name>
    <sym>Waypoint</sym>
  </wpt>
  <wpt lat="66.1119135" lon="-22.5532629">
    <name>POI 569</name>
    <sym>Waypoint</sym>
  </wpt>
  <wpt lat="65.0646054" lon="-15.5469757">
    <name>POI 570</name>
    <sym>Waypoint</sym>
  </wpt>
  <wpt lat="65.1951459" lon="-15.905743">
    <name>POI 571</name>
    <sym>Waypoint</sym>
  </wpt>
  <wpt lat="65.3247317" lon="-15.8566776">
    <name>POI 572</name>
    <sym>Waypoint</sym>
  </wpt>
  <wpt lat="66.2261329" lon="-22.5921563">
    <name>POI 573</name>
    <sym>Waypoint</sym>
  </wpt>
  <wpt lat="64.7356872" lon="-15.7004349">
    <name>POI 574</name>
    <sym>Waypoint</sym>
  </wpt>
  <wpt lat="64.8033896" lon="-15.6434145">
    <name>POI 575</name>
    <sym>Waypoint</sym>
  </wpt>
  <wpt lat="65.2623043" lon="-13.9835014">
    <name>POI 576</name>
    <sym>Waypoint</sym>
  </wpt>
  <wpt lat="65.7662894" lon="-14.3948094">
    <name>POI 577</name>
    <sym>Waypoint</sym>
  </wpt>
  <wpt lat="65.7225114" lon="-18.3504805">
    <name>POI 578</name>
    <sym>Waypoint</sym>
  </wpt>
  <wpt lat="64.277654" lon="-19.896872">
    <name>POI 579</name>
    <sym>Waypoint</sym>
  </wpt>
  <wpt lat="63.8916677" lon="-16.5905914">
    <name>POI 580</name>
    <sym>Waypoint</sym>
  </wpt>
  <wpt lat="66.0391389" lon="-21.6346342">
    <name>POI 581</name>
    <sym>Waypoint</sym>
  </wpt>
  <wpt lat="66.0491598" lon="-21.6950087">
    <name>POI 582</name>
    <sym>Waypoint</sym>
  </wpt>
  <wpt lat="66.0533553" lon="-21.6799808">
    <name>POI 583</name>
    <sym>Waypoint</sym>
  </wpt>
  <wpt lat="66.0597375" lon="-21.6670139">
    <name>POI 584</name>
    <sym>Waypoint</sym>
  </wpt>
  <wpt lat="66.0505965" lon="-21.6889523">
    <name>POI 585</name>
    <sym>Waypoint</sym>
  </wpt>
  <wpt lat="66.0237393" lon="-21.6249">
    <name>POI 586</name>
    <sym>Waypoint</sym>
  </wpt>
  <wpt lat="66.0559633" lon="-21.6746638">
    <name>POI 587</name>
    <sym>Waypoint</sym>
  </wpt>
  <wpt lat="66.0505829" lon="-21.6857886">
    <name>POI 588</name>
    <sym>Waypoint</sym>
  </wpt>
  <wpt lat="66.3781141" lon="-23.0053391">
    <name>POI 589</name>
    <sym>Waypoint</sym>
  </wpt>
  <wpt lat="65.5368828" lon="-22.1071257">
    <name>POI 590</name>
    <sym>Waypoint</sym>
  </wpt>
  <wpt lat="63.7185045" lon="-20.0030236">
    <name>POI 591</name>
    <sym>Waypoint</sym>
  </wpt>
  <wpt lat="65.140526" lon="-21.5948483">
    <name>POI 592</name>
    <sym>Waypoint</sym>
  </wpt>
  <wpt lat="64.0877514" lon="-21.70318">
    <name>POI 593</name>
    <sym>Waypoint</sym>
  </wpt>
  <wpt lat="65.6184941" lon="-23.3934817">
    <name>POI 594</name>
    <sym>Waypoint</sym>
  </wpt>
  <wpt lat="65.6187454" lon="-23.3906436">
    <name>POI 595</name>
    <sym>Waypoint</sym>
  </wpt>
  <wpt lat="65.6187544" lon="-23.3959654">
    <name>POI 596</name>
    <sym>Waypoint</sym>
  </wpt>
  <wpt lat="66.1114572" lon="-22.5471774">
    <name>POI 597</name>
    <sym>Waypoint</sym>
  </wpt>
  <wpt lat="66.4142658" lon="-22.6980352">
    <name>POI 598</name>
    <sym>Waypoint</sym>
  </wpt>
  <wpt lat="65.9712281" lon="-23.3260603">
    <name>POI 599</name>
    <sym>Waypoint</sym>
  </wpt>
  <wpt lat="66.4050857" lon="-15.9927487">
    <name>POI 600</name>
    <sym>Waypoint</sym>
  </wpt>
  <wpt lat="66.4426419" lon="-16.1393308">
    <name>POI 601</name>
    <sym>Waypoint</sym>
  </wpt>
  <wpt lat="66.0164323" lon="-15.5263415">
    <name>POI 602</name>
    <sym>Waypoint</sym>
  </wpt>
  <wpt lat="65.0855062" lon="-21.162043">
    <name>POI 603</name>
    <sym>Waypoint</sym>
  </wpt>
  <wpt lat="63.8968108" lon="-18.6920322">
    <name>POI 604</name>
    <sym>Waypoint</sym>
  </wpt>
  <wpt lat="66.0325591" lon="-17.8513148">
    <name>POI 605</name>
    <sym>Waypoint</sym>
  </wpt>
  <wpt lat="65.9715778" lon="-18.2184944">
    <name>POI 606</name>
    <sym>Waypoint</sym>
  </wpt>
  <wpt lat="65.9692977" lon="-23.3208231">
    <name>POI 607</name>
    <sym>Waypoint</sym>
  </wpt>
  <wpt lat="66.2400935" lon="-22.6222368">
    <name>POI 608</name>
    <sym>Waypoint</sym>
  </wpt>
  <wpt lat="65.7407147" lon="-16.0862527">
    <name>POI 609</name>
    <sym>Waypoint</sym>
  </wpt>
  <wpt lat="63.7228961" lon="-20.0043174">
    <name>POI 610</name>
    <sym>Waypoint</sym>
  </wpt>
  <wpt lat="65.975084" lon="-18.8115389">
    <name>POI 611</name>
    <sym>Waypoint</sym>
  </wpt>
  <wpt lat="65.5086985" lon="-13.8923872">
    <name>POI 612</name>
    <sym>Waypoint</sym>
  </wpt>
  <wpt lat="65.7347908" lon="-21.4212534">
    <name>POI 613</name>
    <sym>Waypoint</sym>
  </wpt>
  <wpt lat="65.8130095" lon="-18.9728867">
    <name>POI 614</name>
    <sym>Waypoint</sym>
  </wpt>
  <wpt lat="64.9467348" lon="-15.1900068">
    <name>POI 615</name>
    <sym>Waypoint</sym>
  </wpt>
  <wpt lat="66.0305954" lon="-17.3360005">
    <name>POI 616</name>
    <sym>Waypoint</sym>
  </wpt>
  <wpt lat="64.7780534" lon="-14.6685606">
    <name>POI 617</name>
    <sym>Waypoint</sym>
  </wpt>
  <wpt lat="64.7793413" lon="-14.6711355">
    <name>POI 618</name>
    <sym>Waypoint</sym>
  </wpt>
  <wpt lat="64.7805823" lon="-14.6718666">
    <name>POI 619</name>
    <sym>Waypoint</sym>
  </wpt>
  <wpt lat="64.7681436" lon="-14.6446821">
    <name>POI 620</name>
    <sym>Waypoint</sym>
  </wpt>
  <wpt lat="64.7693136" lon="-14.6284906">
    <name>POI 621</name>
    <sym>Waypoint</sym>
  </wpt>
  <wpt lat="65.4625277" lon="-13.6756049">
    <name>POI 622</name>
    <sym>Waypoint</sym>
  </wpt>
  <wpt lat="65.4633005" lon="-13.6722066">
    <name>POI 623</name>
    <sym>Waypoint</sym>
  </wpt>
  <wpt lat="65.4712989" lon="-13.6886599">
    <name>POI 624</name>
    <sym>Waypoint</sym>
  </wpt>
  <wpt lat="64.7240609" lon="-14.3299711">
    <name>POI 625</name>
    <sym>Waypoint</sym>
  </wpt>
  <wpt lat="65.0461552" lon="-16.5844667">
    <name>POI 626</name>
    <sym>Waypoint</sym>
  </wpt>
  <wpt lat="64.4831461" lon="-14.4868519">
    <name>POI 627</name>
    <sym>Waypoint</sym>
  </wpt>
  <wpt lat="66.3582318" lon="-14.7325174">
    <name>POI 628</name>
    <sym>Waypoint</sym>
  </wpt>
  <wpt lat="64.7321221" lon="-21.9902342">
    <name>POI 629</name>
    <sym>Waypoint</sym>
  </wpt>
  <wpt lat="64.7322823" lon="-21.9898313">
    <name>POI 630</name>
    <sym>Waypoint</sym>
  </wpt>
  <wpt lat="64.7348385" lon="-21.9747129">
    <name>POI 631</name>
    <sym>Waypoint</sym>
  </wpt>
  <wpt lat="64.6258445" lon="-21.8083837">
    <name>POI 632</name>
    <sym>Waypoint</sym>
  </wpt>
  <wpt lat="64.7278795" lon="-21.8422985">
    <name>POI 633</name>
    <sym>Waypoint</sym>
  </wpt>
  <wpt lat="64.727136" lon="-21.8426083">
    <name>POI 634</name>
    <sym>Waypoint</sym>
  </wpt>
  <wpt lat="64.7360487" lon="-21.8375563">
    <name>POI 635</name>
    <sym>Waypoint</sym>
  </wpt>
  <wpt lat="64.8635632" lon="-21.7384618">
    <name>POI 636</name>
    <sym>Waypoint</sym>
  </wpt>
  <wpt lat="64.7645917" lon="-21.8569283">
    <name>POI 637</name>
    <sym>Waypoint</sym>
  </wpt>
  <wpt lat="64.7786998" lon="-21.8263608">
    <name>POI 638</name>
    <sym>Waypoint</sym>
  </wpt>
  <wpt lat="64.856579" lon="-21.7441524">
    <name>POI 639</name>
    <sym>Waypoint</sym>
  </wpt>
  <wpt lat="64.7269945" lon="-22.0458345">
    <name>POI 640</name>
    <sym>Waypoint</sym>
  </wpt>
  <wpt lat="64.7250129" lon="-22.0029483">
    <name>POI 641</name>
    <sym>Waypoint</sym>
  </wpt>
  <wpt lat="64.7244911" lon="-22.0000684">
    <name>POI 642</name>
    <sym>Waypoint</sym>
  </wpt>
  <wpt lat="64.8043403" lon="-22.0665824">
    <name>POI 643</name>
    <sym>Waypoint</sym>
  </wpt>
  <wpt lat="65.7362563" lon="-21.4180849">
    <name>POI 644</name>
    <sym>Waypoint</sym>
  </wpt>
  <wpt lat="64.8987842" lon="-22.2895053">
    <name>POI 645</name>
    <sym>Waypoint</sym>
  </wpt>
  <wpt lat="64.8900612" lon="-22.3050778">
    <name>POI 646</name>
    <sym>Waypoint</sym>
  </wpt>
  <wpt lat="64.4298116" lon="-21.6780343">
    <name>POI 647</name>
    <sym>Waypoint</sym>
  </wpt>
  <wpt lat="63.8494385" lon="-18.4762578">
    <name>POI 648</name>
    <sym>Waypoint</sym>
  </wpt>
  <wpt lat="63.8496867" lon="-18.476868">
    <name>POI 649</name>
    <sym>Waypoint</sym>
  </wpt>
  <wpt lat="63.8601635" lon="-18.5358369">
    <name>POI 650</name>
    <sym>Waypoint</sym>
  </wpt>
  <wpt lat="63.8602318" lon="-18.5177227">
    <name>POI 651</name>
    <sym>Waypoint</sym>
  </wpt>
  <wpt lat="64.9955182" lon="-14.6881333">
    <name>POI 652</name>
    <sym>Waypoint</sym>
  </wpt>
  <wpt lat="65.8382203" lon="-23.1770272">
    <name>POI 653</name>
    <sym>Waypoint</sym>
  </wpt>
  <wpt lat="65.836255" lon="-23.3005695">
    <name>POI 654</name>
    <sym>Waypoint</sym>
  </wpt>
  <wpt lat="65.8431075" lon="-23.3036486">
    <name>POI 655</name>
    <sym>Waypoint</sym>
  </wpt>
  <wpt lat="63.504362" lon="-19.6004462">
    <name>POI 656</name>
    <sym>Waypoint</sym>
  </wpt>
  <wpt lat="65.0583705" lon="-17.8283542">
    <name>POI 657</name>
    <sym>Waypoint</sym>
  </wpt>
  <wpt lat="65.0657456" lon="-17.8296883">
    <name>POI 658</name>
    <sym>Waypoint</sym>
  </wpt>
  <wpt lat="65.0690486" lon="-17.8274608">
    <name>POI 659</name>
    <sym>Waypoint</sym>
  </wpt>
  <wpt lat="65.189653" lon="-18.82526">
    <name>POI 660</name>
    <sym>Waypoint</sym>
  </wpt>
  <wpt lat="65.2596856" lon="-18.9837698">
    <name>POI 661</name>
    <sym>Waypoint</sym>
  </wpt>
  <wpt lat="63.9057835" lon="-18.6026052">
    <name>POI 662</name>
    <sym>Waypoint</sym>
  </wpt>
  <wpt lat="64.3049038" lon="-20.1379891">
    <name>POI 663</name>
    <sym>Waypoint</sym>
  </wpt>
  <wpt lat="63.7267054" lon="-20.0880452">
    <name>POI 664</name>
    <sym>Waypoint</sym>
  </wpt>
  <wpt lat="63.8131831" lon="-20.2138245">
    <name>POI 665</name>
    <sym>Waypoint</sym>
  </wpt>
  <wpt lat="63.8133483" lon="-20.2166386">
    <name>POI 666</name>
    <sym>Waypoint</sym>
  </wpt>
  <wpt lat="64.4981254" lon="-21.5295056">
    <name>POI 667</name>
    <sym>Waypoint</sym>
  </wpt>
  <wpt lat="64.4992354" lon="-21.5318492">
    <name>POI 668</name>
    <sym>Waypoint</sym>
  </wpt>
  <wpt lat="65.0530061" lon="-19.6128528">
    <name>POI 669</name>
    <sym>Waypoint</sym>
  </wpt>
  <wpt lat="65.1988965" lon="-19.9241937">
    <name>POI 670</name>
    <sym>Waypoint</sym>
  </wpt>
  <wpt lat="65.2202694" lon="-20.0078963">
    <name>POI 671</name>
    <sym>Waypoint</sym>
  </wpt>
  <wpt lat="65.2111111" lon="-21.0680141">
    <name>POI 672</name>
    <sym>Waypoint</sym>
  </wpt>
  <wpt lat="65.1034825" lon="-21.1270255">
    <name>POI 673</name>
    <sym>Waypoint</sym>
  </wpt>
  <wpt lat="65.2879526" lon="-15.171708">
    <name>POI 674</name>
    <sym>Waypoint</sym>
  </wpt>
  <wpt lat="64.5221747" lon="-14.557817">
    <name>POI 675</name>
    <sym>Waypoint</sym>
  </wpt>
  <wpt lat="64.9689441" lon="-19.4971001">
    <name>POI 676</name>
    <sym>Waypoint</sym>
  </wpt>
  <wpt lat="63.4444939" lon="-18.7725121">
    <name>POI 677</name>
    <sym>Waypoint</sym>
  </wpt>
  <wpt lat="64.6414792" lon="-17.904124">
    <name>POI 678</name>
    <sym>Waypoint</sym>
  </wpt>
  <wpt lat="64.883954" lon="-13.8614504">
    <name>POI 679</name>
    <sym>Waypoint</sym>
  </wpt>
  <wpt lat="65.032454" lon="-13.6477363">
    <name>POI 680</name>
    <sym>Waypoint</sym>
  </wpt>
  <wpt lat="64.0249869" lon="-19.1628678">
    <name>POI 681</name>
    <sym>Waypoint</sym>
  </wpt>
  <wpt lat="63.5638611" lon="-19.6134037">
    <name>POI 682</name>
    <sym>Waypoint</sym>
  </wpt>
  <wpt lat="65.2841881" lon="-13.7591664">
    <name>POI 683</name>
    <sym>Waypoint</sym>
  </wpt>
  <wpt lat="65.2845936" lon="-13.7567058">
    <name>POI 684</name>
    <sym>Waypoint</sym>
  </wpt>
  <wpt lat="64.702681" lon="-17.8054498">
    <name>POI 685</name>
    <sym>Waypoint</sym>
  </wpt>
  <wpt lat="64.4748014" lon="-19.9337757">
    <name>POI 686</name>
    <sym>Waypoint</sym>
  </wpt>
  <wpt lat="64.4748031" lon="-19.9414209">
    <name>POI 687</name>
    <sym>Waypoint</sym>
  </wpt>
  <wpt lat="64.4764519" lon="-19.9404553">
    <name>POI 688</name>
    <sym>Waypoint</sym>
  </wpt>
  <wpt lat="64.1446922" lon="-20.7421372">
    <name>POI 689</name>
    <sym>Waypoint</sym>
  </wpt>
  <wpt lat="64.1518497" lon="-20.7730449">
    <name>POI 690</name>
    <sym>Waypoint</sym>
  </wpt>
  <wpt lat="64.2550374" lon="-20.4760961">
    <name>POI 691</name>
    <sym>Waypoint</sym>
  </wpt>
  <wpt lat="63.509096" lon="-18.379108">
    <name>POI 692</name>
    <sym>Waypoint</sym>
  </wpt>
  <wpt lat="63.5716714" lon="-18.538002">
    <name>POI 693</name>
    <sym>Waypoint</sym>
  </wpt>
  <wpt lat="63.5719387" lon="-18.5382193">
    <name>POI 694</name>
    <sym>Waypoint</sym>
  </wpt>
  <wpt lat="63.5750266" lon="-18.5519451">
    <name>POI 695</name>
    <sym>Waypoint</sym>
  </wpt>
  <wpt lat="63.5797439" lon="-18.5101964">
    <name>POI 696</name>
    <sym>Waypoint</sym>
  </wpt>
  <wpt lat="63.6090576" lon="-18.5580498">
    <name>POI 697</name>
    <sym>Waypoint</sym>
  </wpt>
  <wpt lat="63.6229818" lon="-18.5390226">
    <name>POI 698</name>
    <sym>Waypoint</sym>
  </wpt>
  <wpt lat="63.6496046" lon="-18.5571546">
    <name>POI 699</name>
    <sym>Waypoint</sym>
  </wpt>
  <wpt lat="63.6504523" lon="-18.5634823">
    <name>POI 700</name>
    <sym>Waypoint</sym>
  </wpt>
  <wpt lat="64.9340307" lon="-16.5096762">
    <name>POI 701</name>
    <sym>Waypoint</sym>
  </wpt>
  <wpt lat="65.5066169" lon="-18.8670061">
    <name>POI 702</name>
    <sym>Waypoint</sym>
  </wpt>
  <wpt lat="64.5167042" lon="-19.5068854">
    <name>POI 703</name>
    <sym>Waypoint</sym>
  </wpt>
  <wpt lat="64.5865595" lon="-19.0978117">
    <name>POI 704</name>
    <sym>Waypoint</sym>
  </wpt>
  <wpt lat="65.9603234" lon="-17.695588">
    <name>POI 705</name>
    <sym>Waypoint</sym>
  </wpt>
  <wpt lat="65.9613175" lon="-17.6955803">
    <name>POI 706</name>
    <sym>Waypoint</sym>
  </wpt>
  <wpt lat="63.7127129" lon="-19.9119375">
    <name>POI 707</name>
    <sym>Waypoint</sym>
  </wpt>
  <wpt lat="63.7139242" lon="-19.9100728">
    <name>POI 708</name>
    <sym>Waypoint</sym>
  </wpt>
  <wpt lat="65.9103059" lon="-16.5213508">
    <name>POI 709</name>
    <sym>Waypoint</sym>
  </wpt>
  <wpt lat="64.2609959" lon="-19.8497292">
    <name>POI 710</name>
    <desc>depth: 0.4m</desc>
    <sym>Waypoint</sym>
  </wpt>
  <wpt lat="64.295686" lon="-19.9211411">
    <name>POI 711</name>
    <desc>depth: 0.3m</desc>
    <sym>Waypoint</sym>
  </wpt>
  <wpt lat="64.4656177" lon="-20.2462155">
    <name>POI 712</name>
    <sym>Waypoint</sym>
  </wpt>
  <wpt lat="64.6923002" lon="-20.8706175">
    <name>POI 713</name>
    <sym>Waypoint</sym>
  </wpt>
  <wpt lat="63.9937757" lon="-19.1075573">
    <name>POI 714</name>
    <sym>Waypoint</sym>
  </wpt>
  <wpt lat="66.2592785" lon="-22.3429039">
    <name>POI 715</name>
    <sym>Waypoint</sym>
  </wpt>
  <wpt lat="63.8940709" lon="-19.3186484">
    <name>POI 716</name>
    <sym>Waypoint</sym>
  </wpt>
  <wpt lat="63.9027891" lon="-19.3643529">
    <name>POI 717</name>
    <sym>Waypoint</sym>
  </wpt>
  <wpt lat="64.03239" lon="-19.3789076">
    <name>POI 718</name>
    <sym>Waypoint</sym>
  </wpt>
  <wpt lat="64.0403375" lon="-19.3287269">
    <name>POI 719</name>
    <sym>Waypoint</sym>
  </wpt>
  <wpt lat="64.040602" lon="-19.3295838">
    <name>POI 720</name>
    <sym>Waypoint</sym>
  </wpt>
  <wpt lat="64.0410689" lon="-19.3293936">
    <name>POI 721</name>
    <sym>Waypoint</sym>
  </wpt>
  <wpt lat="63.8344765" lon="-19.4854123">
    <name>POI 722</name>
    <sym>Waypoint</sym>
  </wpt>
  <wpt lat="63.7593444" lon="-18.8407166">
    <name>POI 723</name>
    <sym>Waypoint</sym>
  </wpt>
  <wpt lat="63.8474534" lon="-19.101402">
    <name>POI 724</name>
    <sym>Waypoint</sym>
  </wpt>
  <wpt lat="63.8574943" lon="-19.2123022">
    <name>POI 725</name>
    <sym>Waypoint</sym>
  </wpt>
  <wpt lat="63.8577812" lon="-19.2134413">
    <name>POI 726</name>
    <sym>Waypoint</sym>
  </wpt>
  <wpt lat="63.8646023" lon="-19.219889">
    <name>POI 727</name>
    <sym>Waypoint</sym>
  </wpt>
  <wpt lat="63.8658204" lon="-19.2767813">
    <name>POI 728</name>
    <sym>Waypoint</sym>
  </wpt>
  <wpt lat="63.8756954" lon="-18.9438307">
    <name>POI 729</name>
    <sym>Waypoint</sym>
  </wpt>
  <wpt lat="63.7642492" lon="-19.3632035">
    <name>POI 730</name>
    <sym>Waypoint</sym>
  </wpt>
  <wpt lat="63.7913504" lon="-19.4378588">
    <name>POI 731</name>
    <sym>Waypoint</sym>
  </wpt>
  <wpt lat="63.7934192" lon="-19.4370223">
    <name>POI 732</name>
    <sym>Waypoint</sym>
  </wpt>
  <wpt lat="63.7943682" lon="-19.4361595">
    <name>POI 733</name>
    <sym>Waypoint</sym>
  </wpt>
  <wpt lat="63.8003312" lon="-19.4306086">
    <name>POI 734</name>
    <sym>Waypoint</sym>
  </wpt>
  <wpt lat="63.8151227" lon="-19.4133776">
    <name>POI 735</name>
    <sym>Waypoint</sym>
  </wpt>
  <wpt lat="63.8225894" lon="-19.2194161">
    <name>POI 736</name>
    <sym>Waypoint</sym>
  </wpt>
  <wpt lat="64.0502912" lon="-19.2234929">
    <name>POI 737</name>
    <sym>Waypoint</sym>
  </wpt>
  <wpt lat="64.1193025" lon="-19.3429931">
    <name>POI 738</name>
    <sym>Waypoint</sym>
  </wpt>
  <wpt lat="64.1603292" lon="-19.3199464">
    <name>POI 739</name>
    <sym>Waypoint</sym>
  </wpt>
  <wpt lat="63.9782518" lon="-19.1667751">
    <name>POI 740</name>
    <sym>Waypoint</sym>
  </wpt>
  <wpt lat="63.9808731" lon="-19.0518109">
    <name>POI 741</name>
    <sym>Waypoint</sym>
  </wpt>
  <wpt lat="63.9929752" lon="-19.1043644">
    <name>POI 742</name>
    <sym>Waypoint</sym>
  </wpt>
  <wpt lat="63.8387934" lon="-18.8460024">
    <name>POI 743</name>
    <sym>Waypoint</sym>
  </wpt>
  <wpt lat="63.8216217" lon="-18.6075736">
    <name>POI 744</name>
    <sym>Waypoint</sym>
  </wpt>
  <wpt lat="63.8312437" lon="-18.6013515">
    <name>POI 745</name>
    <sym>Waypoint</sym>
  </wpt>
  <wpt lat="63.8493306" lon="-18.7390494">
    <name>POI 746</name>
    <sym>Waypoint</sym>
  </wpt>
  <wpt lat="63.910263" lon="-18.657314">
    <name>POI 747</name>
    <sym>Waypoint</sym>
  </wpt>
  <wpt lat="63.9377989" lon="-18.6368227">
    <name>POI 748</name>
    <sym>Waypoint</sym>
  </wpt>
  <wpt lat="64.0753999" lon="-18.4462227">
    <name>POI 749</name>
    <sym>Waypoint</sym>
  </wpt>
  <wpt lat="64.03489" lon="-18.6971">
    <name>POI 750</name>
    <sym>Waypoint</sym>
  </wpt>
  <wpt lat="64.04259" lon="-18.67955">
    <name>POI 751</name>
    <sym>Waypoint</sym>
  </wpt>
  <wpt lat="64.04542" lon="-18.67397">
    <name>POI 752</name>
    <sym>Waypoint</sym>
  </wpt>
  <wpt lat="64.05104" lon="-18.67307">
    <name>POI 753</name>
    <sym>Waypoint</sym>
  </wpt>
  <wpt lat="64.08969" lon="-18.64045">
    <name>POI 754</name>
    <desc>depth: 0.3</desc>
    <sym>Waypoint</sym>
  </wpt>
  <wpt lat="64.1033433" lon="-18.592539">
    <name>POI 755</name>
    <sym>Waypoint</sym>
  </wpt>
  <wpt lat="63.9770511" lon="-18.782285">
    <name>POI 756</name>
    <sym>Waypoint</sym>
  </wpt>
  <wpt lat="63.979469" lon="-18.8125818">
    <name>POI 757</name>
    <sym>Waypoint</sym>
  </wpt>
  <wpt lat="63.9816747" lon="-18.7787748">
    <name>POI 758</name>
    <sym>Waypoint</sym>
  </wpt>
  <wpt lat="63.9846041" lon="-18.8327073">
    <name>POI 759</name>
    <sym>Waypoint</sym>
  </wpt>
  <wpt lat="63.8173529" lon="-20.9301938">
    <name>POI 760</name>
    <sym>Waypoint</sym>
  </wpt>
  <wpt lat="63.9796792" lon="-18.8124526">
    <name>POI 761</name>
    <sym>Waypoint</sym>
  </wpt>
  <wpt lat="63.979822" lon="-18.8119589">
    <name>POI 762</name>
    <sym>Waypoint</sym>
  </wpt>
  <wpt lat="63.980524" lon="-18.6697927">
    <name>POI 763</name>
    <sym>Waypoint</sym>
  </wpt>
  <wpt lat="63.9955944" lon="-18.8176752">
    <name>POI 764</name>
    <sym>Waypoint</sym>
  </wpt>
  <wpt lat="64.0064524" lon="-18.6258214">
    <name>POI 765</name>
    <sym>Waypoint</sym>
  </wpt>
  <wpt lat="64.0079894" lon="-18.6176677">
    <name>POI 766</name>
    <sym>Waypoint</sym>
  </wpt>
  <wpt lat="64.0086666" lon="-18.614298">
    <name>POI 767</name>
    <sym>Waypoint</sym>
  </wpt>
  <wpt lat="64.0095014" lon="-18.6103699">
    <name>POI 768</name>
    <sym>Waypoint</sym>
  </wpt>
  <wpt lat="64.0270241" lon="-18.5615582">
    <name>POI 769</name>
    <sym>Waypoint</sym>
  </wpt>
  <wpt lat="64.0350032" lon="-18.5535326">
    <name>POI 770</name>
    <sym>Waypoint</sym>
  </wpt>
  <wpt lat="63.474768" lon="-18.9729931">
    <name>POI 771</name>
    <sym>Waypoint</sym>
  </wpt>
  <wpt lat="64.2862805" lon="-19.9614376">
    <name>POI 772</name>
    <sym>Waypoint</sym>
  </wpt>
  <wpt lat="64.3023297" lon="-19.9597657">
    <name>POI 773</name>
    <sym>Waypoint</sym>
  </wpt>
  <wpt lat="63.4597764" lon="-19.2486461">
    <name>POI 774</name>
    <sym>Waypoint</sym>
  </wpt>
  <wpt lat="63.4607068" lon="-19.250502">
    <name>POI 775</name>
    <sym>Waypoint</sym>
  </wpt>
  <wpt lat="63.4612797" lon="-19.2518205">
    <name>POI 776</name>
    <sym>Waypoint</sym>
  </wpt>
  <wpt lat="64.0671425" lon="-20.4285752">
    <name>POI 777</name>
    <sym>Waypoint</sym>
  </wpt>
  <wpt lat="63.5302804" lon="-19.5192333">
    <name>POI 778</name>
    <sym>Waypoint</sym>
  </wpt>
  <wpt lat="63.7134211" lon="-20.0196218">
    <name>POI 779</name>
    <sym>Waypoint</sym>
  </wpt>
  <wpt lat="63.782675" lon="-20.0240372">
    <name>POI 780</name>
    <sym>Waypoint</sym>
  </wpt>
  <wpt lat="63.7832817" lon="-20.0222926">
    <name>POI 781</name>
    <sym>Waypoint</sym>
  </wpt>
  <wpt lat="63.6797497" lon="-19.7504564">
    <name>POI 782</name>
    <sym>Waypoint</sym>
  </wpt>
  <wpt lat="63.6799136" lon="-19.7550754">
    <name>POI 783</name>
    <sym>Waypoint</sym>
  </wpt>
  <wpt lat="63.6832261" lon="-19.7205831">
    <name>POI 784</name>
    <sym>Waypoint</sym>
  </wpt>
  <wpt lat="65.940957" lon="-21.5499732">
    <name>POI 785</name>
    <sym>Waypoint</sym>
  </wpt>
  <wpt lat="63.6841957" lon="-19.6639821">
    <name>POI 786</name>
    <sym>Waypoint</sym>
  </wpt>
  <wpt lat="63.6857308" lon="-19.6827814">
    <name>POI 787</name>
    <sym>Waypoint</sym>
  </wpt>
  <wpt lat="63.6863581" lon="-19.7034648">
    <name>POI 788</name>
    <sym>Waypoint</sym>
  </wpt>
  <wpt lat="63.6835362" lon="-19.6059479">
    <name>POI 789</name>
    <sym>Waypoint</sym>
  </wpt>
  <wpt lat="65.1729702" lon="-20.0637759">
    <name>POI 790</name>
    <sym>Waypoint</sym>
  </wpt>
  <wpt lat="65.9502088" lon="-17.8718135">
    <name>POI 791</name>
    <sym>Waypoint</sym>
  </wpt>
  <wpt lat="65.9537618" lon="-17.868914">
    <name>POI 792</name>
    <sym>Waypoint</sym>
  </wpt>
  <wpt lat="66.0299071" lon="-17.8495297">
    <name>POI 793</name>
    <sym>Waypoint</sym>
  </wpt>
  <wpt lat="64.0221141" lon="-21.2067737">
    <name>POI 794</name>
    <sym>Waypoint</sym>
  </wpt>
  <wpt lat="64.040741" lon="-21.1927942">
    <name>POI 795</name>
    <sym>Waypoint</sym>
  </wpt>
  <wpt lat="64.0581031" lon="-21.2055725">
    <name>POI 796</name>
    <sym>Waypoint</sym>
  </wpt>
  <wpt lat="64.0587988" lon="-21.2128634">
    <name>POI 797</name>
    <sym>Waypoint</sym>
  </wpt>
  <wpt lat="64.0611971" lon="-21.330153">
    <name>POI 798</name>
    <sym>Waypoint</sym>
  </wpt>
  <wpt lat="64.06255" lon="-21.33742">
    <name>POI 799</name>
    <sym>Waypoint</sym>
  </wpt>
  <wpt lat="64.0649082" lon="-21.3460437">
    <name>POI 800</name>
    <sym>Waypoint</sym>
  </wpt>
  <wpt lat="64.0650841" lon="-21.3512482">
    <name>POI 801</name>
    <sym>Waypoint</sym>
  </wpt>
  <wpt lat="64.0668464" lon="-21.3327777">
    <name>POI 802</name>
    <sym>Waypoint</sym>
  </wpt>
  <wpt lat="64.0672745" lon="-21.3303902">
    <name>POI 803</name>
    <sym>Waypoint</sym>
  </wpt>
  <wpt lat="64.5816107" lon="-20.7143038">
    <name>POI 804</name>
    <sym>Waypoint</sym>
  </wpt>
  <wpt lat="64.6306156" lon="-20.7148261">
    <name>POI 805</name>
    <sym>Waypoint</sym>
  </wpt>
  <wpt lat="64.6829986" lon="-20.9934702">
    <name>POI 806</name>
    <sym>Waypoint</sym>
  </wpt>
  <wpt lat="64.6885373" lon="-20.955796">
    <name>POI 807</name>
    <sym>Waypoint</sym>
  </wpt>
  <wpt lat="64.693791" lon="-20.943865">
    <name>POI 808</name>
    <sym>Waypoint</sym>
  </wpt>
  <wpt lat="64.4420747" lon="-21.0698988">
    <name>POI 809</name>
    <sym>Waypoint</sym>
  </wpt>
  <wpt lat="64.4527906" lon="-21.1169188">
    <name>POI 810</name>
    <sym>Waypoint</sym>
  </wpt>
  <wpt lat="64.4598615" lon="-21.0748841">
    <name>POI 811</name>
    <sym>Waypoint</sym>
  </wpt>
  <wpt lat="64.4684908" lon="-20.7222938">
    <name>POI 812</name>
    <sym>Waypoint</sym>
  </wpt>
  <wpt lat="64.517429" lon="-20.6426982">
    <name>POI 813</name>
    <sym>Waypoint</sym>
  </wpt>
  <wpt lat="64.5546058" lon="-20.8347781">
    <name>POI 814</name>
    <sym>Waypoint</sym>
  </wpt>
  <wpt lat="64.0662543" lon="-21.578026">
    <name>POI 815</name>
    <sym>Waypoint</sym>
  </wpt>
  <wpt lat="64.0721798" lon="-21.3680379">
    <name>POI 816</name>
    <sym>Waypoint</sym>
  </wpt>
  <wpt lat="64.0802733" lon="-21.3777241">
    <name>POI 817</name>
    <sym>Waypoint</sym>
  </wpt>
  <wpt lat="64.0807399" lon="-21.3671889">
    <name>POI 818</name>
    <sym>Waypoint</sym>
  </wpt>
  <wpt lat="64.8890522" lon="-23.7192682">
    <name>POI 819</name>
    <sym>Waypoint</sym>
  </wpt>
  <wpt lat="64.9827558" lon="-23.2119012">
    <name>POI 820</name>
    <sym>Waypoint</sym>
  </wpt>
  <wpt lat="64.700523" lon="-21.8109376">
    <name>POI 821</name>
    <sym>Waypoint</sym>
  </wpt>
  <wpt lat="65.0567148" lon="-21.3207078">
    <name>POI 822</name>
    <sym>Waypoint</sym>
  </wpt>
  <wpt lat="65.3670823" lon="-21.8818906">
    <name>POI 823</name>
    <sym>Waypoint</sym>
  </wpt>
  <wpt lat="65.1186607" lon="-22.1013496">
    <name>POI 824</name>
    <sym>Waypoint</sym>
  </wpt>
  <wpt lat="64.5763817" lon="-18.3329919">
    <name>POI 825</name>
    <sym>Waypoint</sym>
  </wpt>
  <wpt lat="63.7665258" lon="-17.8288277">
    <name>POI 826</name>
    <sym>Waypoint</sym>
  </wpt>
  <wpt lat="63.7892693" lon="-17.8810589">
    <name>POI 827</name>
    <sym>Waypoint</sym>
  </wpt>
  <wpt lat="63.7619871" lon="-17.8132731">
    <name>POI 828</name>
    <sym>Waypoint</sym>
  </wpt>
  <wpt lat="63.7976853" lon="-17.888979">
    <name>POI 829</name>
    <sym>Waypoint</sym>
  </wpt>
  <wpt lat="63.7849942" lon="-17.8706064">
    <name>POI 830</name>
    <sym>Waypoint</sym>
  </wpt>
  <wpt lat="63.7778191" lon="-17.8487249">
    <name>POI 831</name>
    <sym>Waypoint</sym>
  </wpt>
  <wpt lat="63.751751" lon="-17.7916266">
    <name>POI 832</name>
    <sym>Waypoint</sym>
  </wpt>
  <wpt lat="65.6905698" lon="-21.8257718">
    <name>POI 833</name>
    <sym>Waypoint</sym>
  </wpt>
  <wpt lat="65.9022987" lon="-17.8584274">
    <name>POI 834</name>
    <sym>Waypoint</sym>
  </wpt>
  <wpt lat="65.9607046" lon="-17.6961824">
    <name>POI 835</name>
    <sym>Waypoint</sym>
  </wpt>
  <wpt lat="65.9790036" lon="-17.8510979">
    <name>POI 836</name>
    <sym>Waypoint</sym>
  </wpt>
  <wpt lat="66.0508448" lon="-17.8589979">
    <name>POI 837</name>
    <sym>Waypoint</sym>
  </wpt>
  <wpt lat="66.0774661" lon="-17.8807801">
    <name>POI 838</name>
    <sym>Waypoint</sym>
  </wpt>
  <wpt lat="66.1064895" lon="-17.8891486">
    <name>POI 839</name>
    <sym>Waypoint</sym>
  </wpt>
  <wpt lat="65.6872767" lon="-15.0416243">
    <name>POI 840</name>
    <sym>Waypoint</sym>
  </wpt>
  <wpt lat="63.760537" lon="-17.7176484">
    <name>POI 841</name>
    <sym>Waypoint</sym>
  </wpt>
  <wpt lat="63.7669704" lon="-17.7320021">
    <name>POI 842</name>
    <sym>Waypoint</sym>
  </wpt>
  <wpt lat="63.7891956" lon="-17.7763936">
    <name>POI 843</name>
    <sym>Waypoint</sym>
  </wpt>
  <wpt lat="63.7815226" lon="-17.7651121">
    <name>POI 844</name>
    <sym>Waypoint</sym>
  </wpt>
  <wpt lat="63.7667593" lon="-17.7318565">
    <name>POI 845</name>
    <sym>Waypoint</sym>
  </wpt>
  <wpt lat="63.7615687" lon="-17.7194884">
    <name>POI 846</name>
    <sym>Waypoint</sym>
  </wpt>
  <wpt lat="63.828873" lon="-17.7537774">
    <name>POI 847</name>
    <sym>Waypoint</sym>
  </wpt>
  <wpt lat="63.8325482" lon="-17.7333847">
    <name>POI 848</name>
    <sym>Waypoint</sym>
  </wpt>
  <wpt lat="63.7597485" lon="-17.7166862">
    <name>POI 849</name>
    <sym>Waypoint</sym>
  </wpt>
  <wpt lat="65.7234273" lon="-17.7606426">
    <name>POI 850</name>
    <sym>Waypoint</sym>
  </wpt>
  <wpt lat="65.7378118" lon="-17.8208891">
    <name>POI 851</name>
    <sym>Waypoint</sym>
  </wpt>
  <wpt lat="64.2079183" lon="-21.6087636">
    <name>POI 852</name>
    <sym>Waypoint</sym>
  </wpt>
  <wpt lat="64.3774918" lon="-15.2807895">
    <name>POI 853</name>
    <sym>Waypoint</sym>
  </wpt>
  <wpt lat="64.8041668" lon="-15.4281078">
    <name>POI 854</name>
    <sym>Waypoint</sym>
  </wpt>
  <wpt lat="64.8260883" lon="-15.765718">
    <name>POI 855</name>
    <sym>Waypoint</sym>
  </wpt>
  <wpt lat="64.8309727" lon="-15.7740597">
    <name>POI 856</name>
    <sym>Waypoint</sym>
  </wpt>
  <wpt lat="66.1277326" lon="-17.2311009">
    <name>POI 857</name>
    <sym>Waypoint</sym>
  </wpt>
  <wpt lat="64.5466484" lon="-18.4107213">
    <name>POI 858</name>
    <sym>Waypoint</sym>
  </wpt>
  <wpt lat="63.9972076" lon="-21.1727793">
    <name>POI 859</name>
    <sym>Waypoint</sym>
  </wpt>
  <wpt lat="65.293818" lon="-15.5190307">
    <name>POI 860</name>
    <sym>Waypoint</sym>
  </wpt>
  <wpt lat="65.2996892" lon="-15.5589851">
    <name>POI 861</name>
    <sym>Waypoint</sym>
  </wpt>
  <wpt lat="66.1282627" lon="-18.2987858">
    <name>POI 862</name>
    <sym>Waypoint</sym>
  </wpt>
  <wpt lat="66.0990534" lon="-18.3039982">
    <name>POI 863</name>
    <sym>Waypoint</sym>
  </wpt>
  <wpt lat="66.0948776" lon="-18.3036411">
    <name>POI 864</name>
    <sym>Waypoint</sym>
  </wpt>
  <wpt lat="66.0896711" lon="-18.2982046">
    <name>POI 865</name>
    <sym>Waypoint</sym>
  </wpt>
  <wpt lat="66.0809988" lon="-18.2904799">
    <name>POI 866</name>
    <sym>Waypoint</sym>
  </wpt>
  <wpt lat="66.0794738" lon="-18.2902086">
    <name>POI 867</name>
    <sym>Waypoint</sym>
  </wpt>
  <wpt lat="66.0526406" lon="-18.2871723">
    <name>POI 868</name>
    <sym>Waypoint</sym>
  </wpt>
  <wpt lat="66.0471119" lon="-18.2827766">
    <name>POI 869</name>
    <sym>Waypoint</sym>
  </wpt>
  <wpt lat="66.0385489" lon="-18.2796782">
    <name>POI 870</name>
    <sym>Waypoint</sym>
  </wpt>
  <wpt lat="66.0327752" lon="-18.2765052">
    <name>POI 871</name>
    <sym>Waypoint</sym>
  </wpt>
  <wpt lat="66.0311471" lon="-18.2759982">
    <name>POI 872</name>
    <sym>Waypoint</sym>
  </wpt>
  <wpt lat="66.0270905" lon="-18.2717416">
    <name>POI 873</name>
    <sym>Waypoint</sym>
  </wpt>
  <wpt lat="66.0211468" lon="-18.2687563">
    <name>POI 874</name>
    <sym>Waypoint</sym>
  </wpt>
  <wpt lat="65.9745134" lon="-18.2261062">
    <name>POI 875</name>
    <sym>Waypoint</sym>
  </wpt>
  <wpt lat="64.2261929" lon="-21.5460071">
    <name>POI 876</name>
    <sym>Waypoint</sym>
  </wpt>
  <wpt lat="64.2290616" lon="-21.5209771">
    <name>POI 877</name>
    <sym>Waypoint</sym>
  </wpt>
  <wpt lat="64.2491133" lon="-21.4883272">
    <name>POI 878</name>
    <sym>Waypoint</sym>
  </wpt>
  <wpt lat="64.2360845" lon="-21.5062185">
    <name>POI 879</name>
    <sym>Waypoint</sym>
  </wpt>
  <wpt lat="65.9011784" lon="-16.4906104">
    <name>POI 880</name>
    <sym>Waypoint</sym>
  </wpt>
  <wpt lat="66.4095917" lon="-22.418232">
    <name>POI 881</name>
    <sym>Waypoint</sym>
  </wpt>
  <wpt lat="66.4109313" lon="-22.3995316">
    <name>POI 882</name>
    <sym>Waypoint</sym>
  </wpt>
  <wpt lat="66.4123537" lon="-22.3888974">
    <name>POI 883</name>
    <sym>Waypoint</sym>
  </wpt>
  <wpt lat="66.4419707" lon="-22.4378767">
    <name>POI 884</name>
    <sym>Waypoint</sym>
  </wpt>
  <wpt lat="66.3777854" lon="-22.3068629">
    <name>POI 885</name>
    <sym>Waypoint</sym>
  </wpt>
  <wpt lat="66.2731816" lon="-22.2323219">
    <name>POI 886</name>
    <sym>Waypoint</sym>
  </wpt>
  <wpt lat="66.2576748" lon="-22.2827626">
    <name>POI 887</name>
    <sym>Waypoint</sym>
  </wpt>
  <wpt lat="66.4324354" lon="-22.9264011">
    <name>POI 888</name>
    <sym>Waypoint</sym>
  </wpt>
  <wpt lat="66.43251" lon="-22.8619418">
    <name>POI 889</name>
    <sym>Waypoint</sym>
  </wpt>
  <wpt lat="66.439844" lon="-22.8780174">
    <name>POI 890</name>
    <sym>Waypoint</sym>
  </wpt>
  <wpt lat="66.4518178" lon="-22.9170947">
    <name>POI 891</name>
    <sym>Waypoint</sym>
  </wpt>
  <wpt lat="66.45329" lon="-22.9218136">
    <name>POI 892</name>
    <sym>Waypoint</sym>
  </wpt>
  <wpt lat="66.4142602" lon="-22.3895999">
    <name>POI 893</name>
    <sym>Waypoint</sym>
  </wpt>
  <wpt lat="66.4121621" lon="-22.3881802">
    <name>POI 894</name>
    <sym>Waypoint</sym>
  </wpt>
  <wpt lat="66.4096479" lon="-22.4062069">
    <name>POI 895</name>
    <sym>Waypoint</sym>
  </wpt>
  <wpt lat="66.4098331" lon="-22.4041741">
    <name>POI 896</name>
    <sym>Waypoint</sym>
  </wpt>
  <wpt lat="66.4096017" lon="-22.4155872">
    <name>POI 897</name>
    <sym>Waypoint</sym>
  </wpt>
  <wpt lat="66.3857899" lon="-22.3338695">
    <name>POI 898</name>
    <sym>Waypoint</sym>
  </wpt>
  <wpt lat="66.380308" lon="-22.7774107">
    <name>POI 899</name>
    <sym>Waypoint</sym>
  </wpt>
  <wpt lat="64.3578353" lon="-14.8956078">
    <name>POI 900</name>
    <sym>Waypoint</sym>
  </wpt>
  <wpt lat="64.3517264" lon="-14.9199084">
    <name>POI 901</name>
    <sym>Waypoint</sym>
  </wpt>
  <wpt lat="65.2290306" lon="-16.1887593">
    <name>POI 902</name>
    <sym>Waypoint</sym>
  </wpt>
  <wpt lat="63.8254082" lon="-18.8055951">
    <name>POI 903</name>
    <sym>Waypoint</sym>
  </wpt>
  <wpt lat="66.0492641" lon="-21.6930362">
    <name>POI 904</name>
    <sym>Waypoint</sym>
  </wpt>
  <wpt lat="66.0487163" lon="-21.6292">
    <name>POI 905</name>
    <sym>Waypoint</sym>
  </wpt>
  <wpt lat="66.0236921" lon="-21.6607474">
    <name>POI 906</name>
    <sym>Waypoint</sym>
  </wpt>
  <wpt lat="65.9869756" lon="-21.4139694">
    <name>POI 907</name>
    <sym>Waypoint</sym>
  </wpt>
  <wpt lat="65.9621614" lon="-21.5975594">
    <name>POI 908</name>
    <sym>Waypoint</sym>
  </wpt>
  <wpt lat="65.8769477" lon="-21.3189045">
    <name>POI 909</name>
    <sym>Waypoint</sym>
  </wpt>
  <wpt lat="65.6899631" lon="-21.4893188">
    <name>POI 910</name>
    <sym>Waypoint</sym>
  </wpt>
  <wpt lat="65.7426657" lon="-21.6537046">
    <name>POI 911</name>
    <sym>Waypoint</sym>
  </wpt>
  <wpt lat="65.4630452" lon="-21.2858991">
    <name>POI 912</name>
    <sym>Waypoint</sym>
  </wpt>
  <wpt lat="65.440277" lon="-21.2324719">
    <name>POI 913</name>
    <sym>Waypoint</sym>
  </wpt>
  <wpt lat="65.1601307" lon="-21.0936918">
    <name>POI 914</name>
    <sym>Waypoint</sym>
  </wpt>
  <wpt lat="65.1564398" lon="-21.0937937">
    <name>POI 915</name>
    <sym>Waypoint</sym>
  </wpt>
  <wpt lat="63.9805913" lon="-16.4326326">
    <name>POI 916</name>
    <sym>Waypoint</sym>
  </wpt>
  <wpt lat="65.0886205" lon="-21.1445932">
    <name>POI 917</name>
    <sym>Waypoint</sym>
  </wpt>
  <wpt lat="65.0634158" lon="-21.2285064">
    <name>POI 918</name>
    <sym>Waypoint</sym>
  </wpt>
  <wpt lat="65.1049766" lon="-21.1286111">
    <name>POI 919</name>
    <sym>Waypoint</sym>
  </wpt>
  <wpt lat="63.8309387" lon="-22.0578371">
    <name>POI 920</name>
    <sym>Waypoint</sym>
  </wpt>
  <wpt lat="63.8436075" lon="-22.1148126">
    <name>POI 921</name>
    <sym>Waypoint</sym>
  </wpt>
  <wpt lat="64.9119785" lon="-23.4805524">
    <name>POI 922</name>
    <sym>Waypoint</sym>
  </wpt>
  <wpt lat="64.5724702" lon="-14.789465">
    <name>POI 923</name>
    <sym>Waypoint</sym>
  </wpt>
  <wpt lat="64.6106156" lon="-14.7085074">
    <name>POI 924</name>
    <sym>Waypoint</sym>
  </wpt>
  <wpt lat="66.2365046" lon="-22.1614176">
    <name>POI 925</name>
    <sym>Waypoint</sym>
  </wpt>
  <wpt lat="66.2366622" lon="-22.1647498">
    <name>POI 926</name>
    <sym>Waypoint</sym>
  </wpt>
  <wpt lat="66.2738809" lon="-22.4022751">
    <name>POI 927</name>
    <sym>Waypoint</sym>
  </wpt>
  <wpt lat="63.4686123" lon="-18.3132853">
    <name>POI 928</name>
    <sym>Waypoint</sym>
  </wpt>
  <wpt lat="63.4793411" lon="-18.3644699">
    <name>POI 929</name>
    <sym>Waypoint</sym>
  </wpt>
  <wpt lat="63.5076425" lon="-18.4515156">
    <name>POI 930</name>
    <sym>Waypoint</sym>
  </wpt>
  <wpt lat="63.5074236" lon="-18.4574969">
    <name>POI 931</name>
    <sym>Waypoint</sym>
  </wpt>
  <wpt lat="63.5075294" lon="-18.4620111">
    <name>POI 932</name>
    <sym>Waypoint</sym>
  </wpt>
  <wpt lat="63.5122713" lon="-18.4572797">
    <name>POI 933</name>
    <sym>Waypoint</sym>
  </wpt>
  <wpt lat="63.5119962" lon="-18.4600906">
    <name>POI 934</name>
    <sym>Waypoint</sym>
  </wpt>
  <wpt lat="63.4909621" lon="-18.7345986">
    <name>POI 935</name>
    <sym>Waypoint</sym>
  </wpt>
  <wpt lat="63.5793073" lon="-18.5112572">
    <name>POI 936</name>
    <sym>Waypoint</sym>
  </wpt>
  <wpt lat="63.5977528" lon="-18.5761801">
    <name>POI 937</name>
    <sym>Waypoint</sym>
  </wpt>
  <wpt lat="64.8462506" lon="-14.2238366">
    <name>POI 938</name>
    <sym>Waypoint</sym>
  </wpt>
  <wpt lat="64.8961223" lon="-14.5264292">
    <name>POI 939</name>
    <sym>Waypoint</sym>
  </wpt>
  <wpt lat="64.7821117" lon="-14.1206865">
    <name>POI 940</name>
    <sym>Waypoint</sym>
  </wpt>
  <wpt lat="64.8975471" lon="-14.5372284">
    <name>POI 941</name>
    <sym>Waypoint</sym>
  </wpt>
  <wpt lat="64.8557289" lon="-14.3840066">
    <name>POI 942</name>
    <sym>Waypoint</sym>
  </wpt>
  <wpt lat="64.7806557" lon="-14.8439502">
    <name>POI 943</name>
    <sym>Waypoint</sym>
  </wpt>
  <wpt lat="64.8108283" lon="-14.7180366">
    <name>POI 944</name>
    <sym>Waypoint</sym>
  </wpt>
  <wpt lat="64.6468229" lon="-14.5385682">
    <name>POI 945</name>
    <sym>Waypoint</sym>
  </wpt>
  <wpt lat="64.6895342" lon="-14.7005578">
    <name>POI 946</name>
    <sym>Waypoint</sym>
  </wpt>
  <wpt lat="64.6827699" lon="-14.6734613">
    <name>POI 947</name>
    <sym>Waypoint</sym>
  </wpt>
  <wpt lat="64.6872516" lon="-14.6550624">
    <name>POI 948</name>
    <sym>Waypoint</sym>
  </wpt>
  <wpt lat="64.6829976" lon="-14.6330827">
    <name>POI 949</name>
    <sym>Waypoint</sym>
  </wpt>
  <wpt lat="64.421659" lon="-14.9938701">
    <name>POI 950</name>
    <sym>Waypoint</sym>
  </wpt>
  <wpt lat="64.4594554" lon="-15.0619302">
    <name>POI 951</name>
    <sym>Waypoint</sym>
  </wpt>
  <wpt lat="64.307339" lon="-15.1461191">
    <name>POI 952</name>
    <sym>Waypoint</sym>
  </wpt>
  <wpt lat="64.4039451" lon="-14.9160566">
    <name>POI 953</name>
    <sym>Waypoint</sym>
  </wpt>
  <wpt lat="64.3642268" lon="-15.1429643">
    <name>POI 954</name>
    <sym>Waypoint</sym>
  </wpt>
  <wpt lat="64.3333953" lon="-15.1881062">
    <name>POI 955</name>
    <sym>Waypoint</sym>
  </wpt>
  <wpt lat="65.1291901" lon="-13.9209466">
    <name>POI 956</name>
    <sym>Waypoint</sym>
  </wpt>
  <wpt lat="65.3431698" lon="-14.3125766">
    <name>POI 957</name>
    <sym>Waypoint</sym>
  </wpt>
  <wpt lat="65.6792602" lon="-15.2739926">
    <name>POI 958</name>
    <sym>Waypoint</sym>
  </wpt>
  <wpt lat="64.9053072" lon="-15.6931522">
    <name>POI 959</name>
    <desc>fixme: Is this really a ford (guessed from Bing)</desc>
    <sym>Waypoint</sym>
  </wpt>
  <wpt lat="64.9171147" lon="-15.7661614">
    <name>POI 960</name>
    <sym>Waypoint</sym>
  </wpt>
  <wpt lat="64.9232837" lon="-15.763388">
    <name>POI 961</name>
    <sym>Waypoint</sym>
  </wpt>
  <wpt lat="64.7694495" lon="-15.2860487">
    <name>POI 962</name>
    <sym>Waypoint</sym>
  </wpt>
  <wpt lat="64.69766" lon="-15.3580057">
    <name>POI 963</name>
    <sym>Waypoint</sym>
  </wpt>
  <wpt lat="65.485402" lon="-17.0775101">
    <name>POI 964</name>
    <sym>Waypoint</sym>
  </wpt>
  <wpt lat="65.3982593" lon="-17.0774808">
    <name>POI 965</name>
    <sym>Waypoint</sym>
  </wpt>
  <wpt lat="65.1061342" lon="-18.4135525">
    <name>POI 966</name>
    <sym>Waypoint</sym>
  </wpt>
  <wpt lat="65.1928115" lon="-17.8510389">
    <name>POI 967</name>
    <sym>Waypoint</sym>
  </wpt>
  <wpt lat="64.9358247" lon="-18.0530838">
    <name>POI 968</name>
    <sym>Waypoint</sym>
  </wpt>
  <wpt lat="65.5648337" lon="-17.5420708">
    <name>POI 969</name>
    <sym>Waypoint</sym>
  </wpt>
  <wpt lat="65.9597712" lon="-17.611921">
    <name>POI 970</name>
    <sym>Waypoint</sym>
  </wpt>
  <wpt lat="65.9465145" lon="-18.5574889">
    <name>POI 971</name>
    <sym>Waypoint</sym>
  </wpt>
  <wpt lat="65.7391928" lon="-17.8236185">
    <name>POI 972</name>
    <sym>Waypoint</sym>
  </wpt>
  <wpt lat="65.524531" lon="-17.761926">
    <name>POI 973</name>
    <desc>fixme: Is this really a ford (guessed from Bing)</desc>
    <sym>Waypoint</sym>
  </wpt>
  <wpt lat="65.50421" lon="-17.7508029">
    <name>POI 974</name>
    <sym>Waypoint</sym>
  </wpt>
  <wpt lat="65.5184884" lon="-17.6050351">
    <name>POI 975</name>
    <sym>Waypoint</sym>
  </wpt>
  <wpt lat="65.757853" lon="-17.9430844">
    <name>POI 976</name>
    <sym>Waypoint</sym>
  </wpt>
  <wpt lat="65.8016145" lon="-17.9045719">
    <name>POI 977</name>
    <sym>Waypoint</sym>
  </wpt>
  <wpt lat="65.7994115" lon="-17.913764">
    <name>POI 978</name>
    <sym>Waypoint</sym>
  </wpt>
  <wpt lat="65.8769834" lon="-17.97533">
    <name>POI 979</name>
    <desc>fixme: Is this really a ford (guessed from Bing)</desc>
    <sym>Waypoint</sym>
  </wpt>
  <wpt lat="64.4346105" lon="-21.1402701">
    <name>POI 980</name>
    <sym>Waypoint</sym>
  </wpt>
  <wpt lat="64.4533357" lon="-21.115287">
    <name>POI 981</name>
    <sym>Waypoint</sym>
  </wpt>
  <wpt lat="64.4356659" lon="-21.1575939">
    <name>POI 982</name>
    <sym>Waypoint</sym>
  </wpt>
  <wpt lat="64.4380389" lon="-21.1201881">
    <name>POI 983</name>
    <sym>Waypoint</sym>
  </wpt>
  <wpt lat="66.0673472" lon="-23.2206365">
    <name>POI 984</name>
    <sym>Waypoint</sym>
  </wpt>
  <wpt lat="64.9885011" lon="-13.7468174">
    <name>POI 985</name>
    <sym>Waypoint</sym>
  </wpt>
  <wpt lat="64.9886577" lon="-13.7467048">
    <name>POI 986</name>
    <sym>Waypoint</sym>
  </wpt>
  <wpt lat="64.9837585" lon="-18.9540746">
    <name>POI 987</name>
    <sym>Waypoint</sym>
  </wpt>
  <wpt lat="64.9712847" lon="-18.9733564">
    <name>POI 988</name>
    <sym>Waypoint</sym>
  </wpt>
  <wpt lat="64.9374166" lon="-19.1663985">
    <name>POI 989</name>
    <sym>Waypoint</sym>
  </wpt>
  <wpt lat="64.9030398" lon="-19.1945219">
    <name>POI 990</name>
    <sym>Waypoint</sym>
  </wpt>
  <wpt lat="65.4068021" lon="-20.5944474">
    <name>POI 991</name>
    <sym>Waypoint</sym>
  </wpt>
  <wpt lat="65.3785997" lon="-20.6155255">
    <name>POI 992</name>
    <sym>Waypoint</sym>
  </wpt>
  <wpt lat="65.2984002" lon="-20.656302">
    <name>POI 993</name>
    <sym>Waypoint</sym>
  </wpt>
  <wpt lat="65.160397" lon="-20.4326604">
    <name>POI 994</name>
    <sym>Waypoint</sym>
  </wpt>
  <wpt lat="65.2102209" lon="-20.6053212">
    <name>POI 995</name>
    <sym>Waypoint</sym>
  </wpt>
  <wpt lat="65.2087874" lon="-20.6044107">
    <name>POI 996</name>
    <sym>Waypoint</sym>
  </wpt>
  <wpt lat="65.1693714" lon="-20.570796">
    <name>POI 997</name>
    <sym>Waypoint</sym>
  </wpt>
  <wpt lat="65.1545673" lon="-20.557867">
    <name>POI 998</name>
    <sym>Waypoint</sym>
  </wpt>
  <wpt lat="65.1356998" lon="-20.4511172">
    <name>POI 999</name>
    <sym>Waypoint</sym>
  </wpt>
  <wpt lat="65.0412142" lon="-20.2913784">
    <name>POI 1000</name>
    <sym>Waypoint</sym>
  </wpt>
  <wpt lat="65.1044301" lon="-20.2697148">
    <name>POI 1001</name>
    <sym>Waypoint</sym>
  </wpt>
  <wpt lat="65.1015368" lon="-20.2805463">
    <name>POI 1002</name>
    <sym>Waypoint</sym>
  </wpt>
  <wpt lat="65.1017814" lon="-20.2803129">
    <name>POI 1003</name>
    <sym>Waypoint</sym>
  </wpt>
  <wpt lat="65.1079652" lon="-20.2649266">
    <name>POI 1004</name>
    <sym>Waypoint</sym>
  </wpt>
  <wpt lat="65.1375162" lon="-20.2585001">
    <name>POI 1005</name>
    <sym>Waypoint</sym>
  </wpt>
  <wpt lat="65.11644" lon="-20.2636868">
    <name>POI 1006</name>
    <sym>Waypoint</sym>
  </wpt>
  <wpt lat="65.142518" lon="-20.2754349">
    <name>POI 1007</name>
    <sym>Waypoint</sym>
  </wpt>
  <wpt lat="65.1420057" lon="-20.2595462">
    <name>POI 1008</name>
    <sym>Waypoint</sym>
  </wpt>
  <wpt lat="65.1561756" lon="-20.2562597">
    <name>POI 1009</name>
    <sym>Waypoint</sym>
  </wpt>
  <wpt lat="65.1397288" lon="-20.2583492">
    <name>POI 1010</name>
    <sym>Waypoint</sym>
  </wpt>
  <wpt lat="65.1403159" lon="-20.2744008">
    <name>POI 1011</name>
    <sym>Waypoint</sym>
  </wpt>
  <wpt lat="65.1623865" lon="-20.4075444">
    <name>POI 1012</name>
    <sym>Waypoint</sym>
  </wpt>
  <wpt lat="65.1574048" lon="-20.4405601">
    <name>POI 1013</name>
    <sym>Waypoint</sym>
  </wpt>
  <wpt lat="65.1369795" lon="-20.5128586">
    <name>POI 1014</name>
    <sym>Waypoint</sym>
  </wpt>
  <wpt lat="65.1515369" lon="-20.5524373">
    <name>POI 1015</name>
    <sym>Waypoint</sym>
  </wpt>
  <wpt lat="65.3828736" lon="-20.66665">
    <name>POI 1016</name>
    <sym>Waypoint</sym>
  </wpt>
  <wpt lat="65.3748716" lon="-20.6863654">
    <name>POI 1017</name>
    <sym>Waypoint</sym>
  </wpt>
  <wpt lat="65.6952243" lon="-16.7060423">
    <name>POI 1018</name>
    <sym>Waypoint</sym>
  </wpt>
  <wpt lat="65.7006487" lon="-15.9365916">
    <name>POI 1019</name>
    <sym>Waypoint</sym>
  </wpt>
  <wpt lat="65.645184" lon="-17.3928108">
    <name>POI 1020</name>
    <sym>Waypoint</sym>
  </wpt>
  <wpt lat="65.7563971" lon="-17.260688">
    <name>POI 1021</name>
    <sym>Waypoint</sym>
  </wpt>
  <wpt lat="65.709956" lon="-17.202202">
    <name>POI 1022</name>
    <sym>Waypoint</sym>
  </wpt>
  <wpt lat="65.7019173" lon="-17.1965397">
    <name>POI 1023</name>
    <sym>Waypoint</sym>
  </wpt>
  <wpt lat="65.8018887" lon="-17.2040012">
    <name>POI 1024</name>
    <sym>Waypoint</sym>
  </wpt>
  <wpt lat="65.7861292" lon="-17.1759927">
    <name>POI 1025</name>
    <sym>Waypoint</sym>
  </wpt>
  <wpt lat="65.7924078" lon="-17.1833709">
    <name>POI 1026</name>
    <sym>Waypoint</sym>
  </wpt>
  <wpt lat="65.8890275" lon="-17.2304973">
    <name>POI 1027</name>
    <sym>Waypoint</sym>
  </wpt>
  <wpt lat="65.8899112" lon="-17.2205058">
    <name>POI 1028</name>
    <sym>Waypoint</sym>
  </wpt>
  <wpt lat="65.9071086" lon="-17.1940385">
    <name>POI 1029</name>
    <sym>Waypoint</sym>
  </wpt>
  <wpt lat="65.9065743" lon="-17.2007458">
    <name>POI 1030</name>
    <sym>Waypoint</sym>
  </wpt>
  <wpt lat="65.6376482" lon="-16.27668">
    <name>POI 1031</name>
    <sym>Waypoint</sym>
  </wpt>
  <wpt lat="65.6376268" lon="-16.260801">
    <name>POI 1032</name>
    <sym>Waypoint</sym>
  </wpt>
  <wpt lat="63.6704126" lon="-19.6220517">
    <name>POI 1033</name>
    <sym>Waypoint</sym>
  </wpt>
  <wpt lat="63.6823849" lon="-19.6338893">
    <name>POI 1034</name>
    <sym>Waypoint</sym>
  </wpt>
  <wpt lat="63.7156356" lon="-19.7154752">
    <name>POI 1035</name>
    <sym>Waypoint</sym>
  </wpt>
  <wpt lat="63.7927883" lon="-18.0704638">
    <name>POI 1036</name>
    <desc>fixme: Is this really a ford (guessed from Bing)</desc>
    <sym>Waypoint</sym>
  </wpt>
  <wpt lat="63.7509826" lon="-18.1295658">
    <name>POI 1037</name>
    <sym>Waypoint</sym>
  </wpt>
  <wpt lat="63.7468031" lon="-18.099954">
    <name>POI 1038</name>
    <sym>Waypoint</sym>
  </wpt>
  <wpt lat="65.5188639" lon="-17.1048542">
    <name>POI 1039</name>
    <sym>Waypoint</sym>
  </wpt>
  <wpt lat="65.5186521" lon="-17.1050078">
    <name>POI 1040</name>
    <sym>Waypoint</sym>
  </wpt>
  <wpt lat="65.3587209" lon="-17.1757721">
    <name>POI 1041</name>
    <sym>Waypoint</sym>
  </wpt>
  <wpt lat="65.353882" lon="-17.1652822">
    <name>POI 1042</name>
    <sym>Waypoint</sym>
  </wpt>
  <wpt lat="65.3657746" lon="-17.1660936">
    <name>POI 1043</name>
    <sym>Waypoint</sym>
  </wpt>
  <wpt lat="65.3664747" lon="-17.1540441">
    <name>POI 1044</name>
    <desc>depth: 0,60</desc>
    <sym>Waypoint</sym>
  </wpt>
  <wpt lat="65.3248868" lon="-17.077393">
    <name>POI 1045</name>
    <sym>Waypoint</sym>
  </wpt>
  <wpt lat="65.3259903" lon="-17.0848308">
    <name>POI 1046</name>
    <sym>Waypoint</sym>
  </wpt>
  <wpt lat="65.3743864" lon="-17.099707">
    <name>POI 1047</name>
    <sym>Waypoint</sym>
  </wpt>
  <wpt lat="65.374239" lon="-17.1008742">
    <name>POI 1048</name>
    <sym>Waypoint</sym>
  </wpt>
  <wpt lat="65.4390554" lon="-17.057564">
    <name>POI 1049</name>
    <sym>Waypoint</sym>
  </wpt>
  <wpt lat="65.5212959" lon="-17.1076524">
    <name>POI 1050</name>
    <sym>Waypoint</sym>
  </wpt>
  <wpt lat="65.5323" lon="-17.1898317">
    <name>POI 1051</name>
    <sym>Waypoint</sym>
  </wpt>
  <wpt lat="65.5342682" lon="-17.1678007">
    <name>POI 1052</name>
    <sym>Waypoint</sym>
  </wpt>
  <wpt lat="65.5392626" lon="-17.1526511">
    <name>POI 1053</name>
    <sym>Waypoint</sym>
  </wpt>
  <wpt lat="64.7227477" lon="-21.7759812">
    <name>POI 1054</name>
    <sym>Waypoint</sym>
  </wpt>
  <wpt lat="64.6202562" lon="-21.9461882">
    <name>POI 1055</name>
    <sym>Waypoint</sym>
  </wpt>
  <wpt lat="65.0484673" lon="-13.7071812">
    <name>POI 1056</name>
    <desc>fixme: Is this really a ford (guessed from Bing)</desc>
    <sym>Waypoint</sym>
  </wpt>
  <wpt lat="65.0331787" lon="-13.7211116">
    <name>POI 1057</name>
    <sym>Waypoint</sym>
  </wpt>
  <wpt lat="65.0258083" lon="-13.6564115">
    <name>POI 1058</name>
    <desc>fixme: Is this really a ford (guessed from Bing)</desc>
    <sym>Waypoint</sym>
  </wpt>
  <wpt lat="65.0253112" lon="-13.653246">
    <name>POI 1059</name>
    <sym>Waypoint</sym>
  </wpt>
  <wpt lat="65.1371245" lon="-15.9478676">
    <name>POI 1060</name>
    <sym>Waypoint</sym>
  </wpt>
  <wpt lat="65.1420099" lon="-15.9466565">
    <name>POI 1061</name>
    <sym>Waypoint</sym>
  </wpt>
  <wpt lat="65.1457141" lon="-15.9393024">
    <name>POI 1062</name>
    <sym>Waypoint</sym>
  </wpt>
  <wpt lat="65.0923653" lon="-15.6488491">
    <name>POI 1063</name>
    <sym>Waypoint</sym>
  </wpt>
  <wpt lat="65.1366434" lon="-15.6544635">
    <name>POI 1064</name>
    <sym>Waypoint</sym>
  </wpt>
  <wpt lat="65.1438412" lon="-15.6631127">
    <name>POI 1065</name>
    <sym>Waypoint</sym>
  </wpt>
  <wpt lat="65.124366" lon="-15.967682">
    <name>POI 1066</name>
    <sym>Waypoint</sym>
  </wpt>
  <wpt lat="65.0707696" lon="-15.7042833">
    <name>POI 1067</name>
    <sym>Waypoint</sym>
  </wpt>
  <wpt lat="65.308277" lon="-15.8681363">
    <name>POI 1068</name>
    <sym>Waypoint</sym>
  </wpt>
  <wpt lat="65.3059333" lon="-15.8801773">
    <name>POI 1069</name>
    <sym>Waypoint</sym>
  </wpt>
  <wpt lat="65.0629121" lon="-15.7174751">
    <name>POI 1070</name>
    <sym>Waypoint</sym>
  </wpt>
  <wpt lat="65.0701441" lon="-15.7072929">
    <name>POI 1071</name>
    <sym>Waypoint</sym>
  </wpt>
  <wpt lat="65.0728647" lon="-15.7000374">
    <name>POI 1072</name>
    <sym>Waypoint</sym>
  </wpt>
  <wpt lat="65.454362" lon="-16.7903597">
    <name>POI 1073</name>
    <sym>Waypoint</sym>
  </wpt>
  <wpt lat="65.9049283" lon="-16.5127096">
    <name>POI 1074</name>
    <sym>Waypoint</sym>
  </wpt>
  <wpt lat="66.0583796" lon="-16.3885331">
    <name>POI 1075</name>
    <sym>Waypoint</sym>
  </wpt>
  <wpt lat="65.7635265" lon="-16.6143109">
    <name>POI 1076</name>
    <sym>Waypoint</sym>
  </wpt>
  <wpt lat="65.7656968" lon="-16.5833251">
    <name>POI 1077</name>
    <sym>Waypoint</sym>
  </wpt>
  <wpt lat="65.7659706" lon="-16.584126">
    <name>POI 1078</name>
    <sym>Waypoint</sym>
  </wpt>
  <wpt lat="66.1790254" lon="-15.9762143">
    <name>POI 1079</name>
    <sym>Waypoint</sym>
  </wpt>
  <wpt lat="66.1432244" lon="-15.9276557">
    <name>POI 1080</name>
    <sym>Waypoint</sym>
  </wpt>
  <wpt lat="66.1418089" lon="-15.7746796">
    <name>POI 1081</name>
    <sym>Waypoint</sym>
  </wpt>
  <wpt lat="66.1281365" lon="-15.7749268">
    <name>POI 1082</name>
    <sym>Waypoint</sym>
  </wpt>
  <wpt lat="66.1272374" lon="-15.7756833">
    <name>POI 1083</name>
    <sym>Waypoint</sym>
  </wpt>
  <wpt lat="66.1239168" lon="-15.776959">
    <name>POI 1084</name>
    <sym>Waypoint</sym>
  </wpt>
  <wpt lat="66.1301412" lon="-15.9231397">
    <name>POI 1085</name>
    <sym>Waypoint</sym>
  </wpt>
  <wpt lat="66.1332073" lon="-15.9232771">
    <name>POI 1086</name>
    <sym>Waypoint</sym>
  </wpt>
  <wpt lat="66.1328795" lon="-15.9229875">
    <name>POI 1087</name>
    <sym>Waypoint</sym>
  </wpt>
  <wpt lat="66.1128871" lon="-15.9238547">
    <name>POI 1088</name>
    <sym>Waypoint</sym>
  </wpt>
  <wpt lat="66.1407236" lon="-15.9290225">
    <name>POI 1089</name>
    <sym>Waypoint</sym>
  </wpt>
  <wpt lat="66.1378757" lon="-15.9258049">
    <name>POI 1090</name>
    <sym>Waypoint</sym>
  </wpt>
  <wpt lat="66.1372763" lon="-15.9250978">
    <name>POI 1091</name>
    <sym>Waypoint</sym>
  </wpt>
  <wpt lat="66.1995551" lon="-16.0610247">
    <name>POI 1092</name>
    <sym>Waypoint</sym>
  </wpt>
  <wpt lat="66.1362666" lon="-16.3343839">
    <name>POI 1093</name>
    <sym>Waypoint</sym>
  </wpt>
  <wpt lat="65.1806118" lon="-15.3206572">
    <name>POI 1094</name>
    <sym>Waypoint</sym>
  </wpt>
  <wpt lat="66.0086981" lon="-16.3154121">
    <name>POI 1095</name>
    <sym>Waypoint</sym>
  </wpt>
  <wpt lat="66.0896961" lon="-16.3011453">
    <name>POI 1096</name>
    <sym>Waypoint</sym>
  </wpt>
  <wpt lat="66.2037569" lon="-16.4290363">
    <name>POI 1097</name>
    <sym>Waypoint</sym>
  </wpt>
  <wpt lat="66.2457282" lon="-16.3077455">
    <name>POI 1098</name>
    <sym>Waypoint</sym>
  </wpt>
  <wpt lat="66.2051579" lon="-16.051911">
    <name>POI 1099</name>
    <sym>Waypoint</sym>
  </wpt>
  <wpt lat="66.2050879" lon="-16.0570757">
    <name>POI 1100</name>
    <sym>Waypoint</sym>
  </wpt>
  <wpt lat="66.2108898" lon="-16.4370543">
    <name>POI 1101</name>
    <sym>Waypoint</sym>
  </wpt>
  <wpt lat="65.2838789" lon="-15.1758573">
    <name>POI 1102</name>
    <sym>Waypoint</sym>
  </wpt>
  <wpt lat="65.3022833" lon="-15.2773412">
    <name>POI 1103</name>
    <sym>Waypoint</sym>
  </wpt>
  <wpt lat="65.7882553" lon="-21.718074">
    <name>POI 1104</name>
    <desc>fixme: Is this a ford? Guessed from Bing</desc>
    <sym>Waypoint</sym>
  </wpt>
  <wpt lat="65.5148356" lon="-14.8979826">
    <name>POI 1105</name>
    <sym>Waypoint</sym>
  </wpt>
  <wpt lat="65.5011123" lon="-14.8880473">
    <name>POI 1106</name>
    <sym>Waypoint</sym>
  </wpt>
  <wpt lat="65.5000387" lon="-14.8865765">
    <name>POI 1107</name>
    <sym>Waypoint</sym>
  </wpt>
  <wpt lat="65.4942408" lon="-14.8612619">
    <name>POI 1108</name>
    <sym>Waypoint</sym>
  </wpt>
  <wpt lat="65.4985059" lon="-14.8718727">
    <name>POI 1109</name>
    <sym>Waypoint</sym>
  </wpt>
  <wpt lat="65.4399214" lon="-14.6972019">
    <name>POI 1110</name>
    <sym>Waypoint</sym>
  </wpt>
  <wpt lat="65.4187095" lon="-14.864502">
    <name>POI 1111</name>
    <sym>Waypoint</sym>
  </wpt>
  <wpt lat="65.6448209" lon="-22.0720643">
    <name>POI 1112</name>
    <sym>Waypoint</sym>
  </wpt>
  <wpt lat="65.4436046" lon="-14.6481282">
    <name>POI 1113</name>
    <sym>Waypoint</sym>
  </wpt>
  <wpt lat="65.4877071" lon="-14.8467243">
    <name>POI 1114</name>
    <sym>Waypoint</sym>
  </wpt>
  <wpt lat="65.4830462" lon="-14.8263717">
    <name>POI 1115</name>
    <sym>Waypoint</sym>
  </wpt>
  <wpt lat="65.4804675" lon="-14.8179696">
    <name>POI 1116</name>
    <sym>Waypoint</sym>
  </wpt>
  <wpt lat="65.4793549" lon="-14.7757433">
    <name>POI 1117</name>
    <sym>Waypoint</sym>
  </wpt>
  <wpt lat="65.4746935" lon="-14.7496467">
    <name>POI 1118</name>
    <sym>Waypoint</sym>
  </wpt>
  <wpt lat="65.4783266" lon="-14.7688651">
    <name>POI 1119</name>
    <sym>Waypoint</sym>
  </wpt>
  <wpt lat="65.473232" lon="-14.7401118">
    <name>POI 1120</name>
    <sym>Waypoint</sym>
  </wpt>
  <wpt lat="65.4716216" lon="-14.7320912">
    <name>POI 1121</name>
    <sym>Waypoint</sym>
  </wpt>
  <wpt lat="65.4400363" lon="-14.6992236">
    <name>POI 1122</name>
    <sym>Waypoint</sym>
  </wpt>
  <wpt lat="65.4415733" lon="-14.7006535">
    <name>POI 1123</name>
    <sym>Waypoint</sym>
  </wpt>
  <wpt lat="65.4433329" lon="-14.7000938">
    <name>POI 1124</name>
    <sym>Waypoint</sym>
  </wpt>
  <wpt lat="65.4461505" lon="-14.7052334">
    <name>POI 1125</name>
    <sym>Waypoint</sym>
  </wpt>
  <wpt lat="65.4400396" lon="-14.6956328">
    <name>POI 1126</name>
    <sym>Waypoint</sym>
  </wpt>
  <wpt lat="65.4414532" lon="-14.6900028">
    <name>POI 1127</name>
    <sym>Waypoint</sym>
  </wpt>
  <wpt lat="65.4424564" lon="-14.7003239">
    <name>POI 1128</name>
    <sym>Waypoint</sym>
  </wpt>
  <wpt lat="65.4430517" lon="-14.7001469">
    <name>POI 1129</name>
    <sym>Waypoint</sym>
  </wpt>
  <wpt lat="65.4788276" lon="-14.7703672">
    <name>POI 1130</name>
    <sym>Waypoint</sym>
  </wpt>
  <wpt lat="65.5566395" lon="-14.9245417">
    <name>POI 1131</name>
    <sym>Waypoint</sym>
  </wpt>
  <wpt lat="65.600443" lon="-14.938488">
    <name>POI 1132</name>
    <sym>Waypoint</sym>
  </wpt>
  <wpt lat="65.5562778" lon="-14.9240845">
    <name>POI 1133</name>
    <sym>Waypoint</sym>
  </wpt>
  <wpt lat="64.5992319" lon="-18.5885944">
    <name>POI 1134</name>
    <desc>fixme: Is this really a ford (guessed from Bing)</desc>
    <sym>Waypoint</sym>
  </wpt>
  <wpt lat="65.8151641" lon="-18.0197088">
    <name>POI 1135</name>
    <sym>Waypoint</sym>
  </wpt>
  <wpt lat="65.815169" lon="-18.0055349">
    <name>POI 1136</name>
    <sym>Waypoint</sym>
  </wpt>
  <wpt lat="65.5605606" lon="-15.5087133">
    <name>POI 1137</name>
    <sym>Waypoint</sym>
  </wpt>
  <wpt lat="65.5374092" lon="-15.4763863">
    <name>POI 1138</name>
    <sym>Waypoint</sym>
  </wpt>
  <wpt lat="65.5146493" lon="-15.5613291">
    <name>POI 1139</name>
    <sym>Waypoint</sym>
  </wpt>
  <wpt lat="65.5029928" lon="-15.578801">
    <name>POI 1140</name>
    <sym>Waypoint</sym>
  </wpt>
  <wpt lat="65.5169349" lon="-17.7623686">
    <name>POI 1141</name>
    <desc>fixme: Is this really a ford (guessed from Bing)</desc>
    <sym>Waypoint</sym>
  </wpt>
  <wpt lat="64.8666554" lon="-21.5327365">
    <name>POI 1142</name>
    <sym>Waypoint</sym>
  </wpt>
  <wpt lat="64.8670086" lon="-21.5324361">
    <name>POI 1143</name>
    <sym>Waypoint</sym>
  </wpt>
  <wpt lat="65.8371706" lon="-16.0091776">
    <name>POI 1144</name>
    <sym>Waypoint</sym>
  </wpt>
  <wpt lat="65.2436603" lon="-18.2370177">
    <name>POI 1145</name>
    <sym>Waypoint</sym>
  </wpt>
  <wpt lat="65.2682149" lon="-18.2399146">
    <name>POI 1146</name>
    <sym>Waypoint</sym>
  </wpt>
  <wpt lat="64.995486" lon="-21.6401198">
    <name>POI 1147</name>
    <sym>Waypoint</sym>
  </wpt>
  <wpt lat="65.1090411" lon="-15.5133228">
    <name>POI 1148</name>
    <desc>fixme: Is this really a ford (guessed from Bing)</desc>
    <sym>Waypoint</sym>
  </wpt>
  <wpt lat="64.7970968" lon="-20.9992655">
    <name>POI 1149</name>
    <sym>Waypoint</sym>
  </wpt>
  <wpt lat="64.7183222" lon="-20.9501247">
    <name>POI 1150</name>
    <sym>Waypoint</sym>
  </wpt>
  <wpt lat="65.7042728" lon="-15.6522685">
    <name>POI 1151</name>
    <sym>Waypoint</sym>
  </wpt>
  <wpt lat="65.7045909" lon="-15.6530768">
    <name>POI 1152</name>
    <sym>Waypoint</sym>
  </wpt>
  <wpt lat="65.7100822" lon="-15.8265992">
    <name>POI 1153</name>
    <sym>Waypoint</sym>
  </wpt>
  <wpt lat="65.7045802" lon="-15.8941151">
    <name>POI 1154</name>
    <sym>Waypoint</sym>
  </wpt>
  <wpt lat="65.7102102" lon="-15.8343201">
    <name>POI 1155</name>
    <sym>Waypoint</sym>
  </wpt>
  <wpt lat="65.7095889" lon="-15.8339413">
    <name>POI 1156</name>
    <sym>Waypoint</sym>
  </wpt>
  <wpt lat="65.6448454" lon="-16.082176">
    <name>POI 1157</name>
    <sym>Waypoint</sym>
  </wpt>
  <wpt lat="65.6364556" lon="-16.0330519">
    <name>POI 1158</name>
    <sym>Waypoint</sym>
  </wpt>
  <wpt lat="65.6405961" lon="-16.0240938">
    <name>POI 1159</name>
    <sym>Waypoint</sym>
  </wpt>
  <wpt lat="64.8491744" lon="-14.7754043">
    <name>POI 1160</name>
    <sym>Waypoint</sym>
  </wpt>
  <wpt lat="64.8454602" lon="-14.8644805">
    <name>POI 1161</name>
    <sym>Waypoint</sym>
  </wpt>
  <wpt lat="64.8401003" lon="-14.8263341">
    <name>POI 1162</name>
    <sym>Waypoint</sym>
  </wpt>
  <wpt lat="64.8472942" lon="-14.8412485">
    <name>POI 1163</name>
    <sym>Waypoint</sym>
  </wpt>
  <wpt lat="64.8396196" lon="-14.8222426">
    <name>POI 1164</name>
    <sym>Waypoint</sym>
  </wpt>
  <wpt lat="64.8417106" lon="-14.8200904">
    <name>POI 1165</name>
    <sym>Waypoint</sym>
  </wpt>
  <wpt lat="64.8467967" lon="-14.7977914">
    <name>POI 1166</name>
    <sym>Waypoint</sym>
  </wpt>
  <wpt lat="64.8415234" lon="-14.7213645">
    <name>POI 1167</name>
    <sym>Waypoint</sym>
  </wpt>
  <wpt lat="64.6500874" lon="-18.5007274">
    <name>POI 1168</name>
    <sym>Waypoint</sym>
  </wpt>
  <wpt lat="65.1336041" lon="-19.0700665">
    <name>POI 1169</name>
    <desc>fixme: Is this really a ford (guessed from Bing)</desc>
    <sym>Waypoint</sym>
  </wpt>
  <wpt lat="64.2437859" lon="-19.4996059">
    <name>POI 1170</name>
    <sym>Waypoint</sym>
  </wpt>
  <wpt lat="64.7813019" lon="-14.6726227">
    <name>POI 1171</name>
    <sym>Waypoint</sym>
  </wpt>
  <wpt lat="64.7704576" lon="-14.6076141">
    <name>POI 1172</name>
    <sym>Waypoint</sym>
  </wpt>
  <wpt lat="64.7703923" lon="-14.6074419">
    <name>POI 1173</name>
    <sym>Waypoint</sym>
  </wpt>
  <wpt lat="64.7723646" lon="-14.656723">
    <name>POI 1174</name>
    <sym>Waypoint</sym>
  </wpt>
  <wpt lat="64.086297" lon="-19.4065669">
    <name>POI 1175</name>
    <sym>Waypoint</sym>
  </wpt>
  <wpt lat="64.062806" lon="-19.7593718">
    <name>POI 1176</name>
    <sym>Waypoint</sym>
  </wpt>
  <wpt lat="64.0121003" lon="-19.1409184">
    <name>POI 1177</name>
    <sym>Waypoint</sym>
  </wpt>
  <wpt lat="64.8375762" lon="-14.8529913">
    <name>POI 1178</name>
    <sym>Waypoint</sym>
  </wpt>
  <wpt lat="64.8389391" lon="-14.8581263">
    <name>POI 1179</name>
    <sym>Waypoint</sym>
  </wpt>
  <wpt lat="64.7848374" lon="-14.7941238">
    <name>POI 1180</name>
    <sym>Waypoint</sym>
  </wpt>
  <wpt lat="64.7826311" lon="-14.8089534">
    <name>POI 1181</name>
    <sym>Waypoint</sym>
  </wpt>
  <wpt lat="63.8514588" lon="-19.5673095">
    <name>POI 1182</name>
    <sym>Waypoint</sym>
  </wpt>
  <wpt lat="64.0644049" lon="-19.7581148">
    <name>POI 1183</name>
    <sym>Waypoint</sym>
  </wpt>
  <wpt lat="64.8209345" lon="-14.8166916">
    <name>POI 1184</name>
    <sym>Waypoint</sym>
  </wpt>
  <wpt lat="64.8460093" lon="-14.8646655">
    <name>POI 1185</name>
    <sym>Waypoint</sym>
  </wpt>
  <wpt lat="64.845461" lon="-14.8756317">
    <name>POI 1186</name>
    <sym>Waypoint</sym>
  </wpt>
  <wpt lat="64.8326517" lon="-14.9399844">
    <name>POI 1187</name>
    <sym>Waypoint</sym>
  </wpt>
  <wpt lat="64.8370586" lon="-14.9381125">
    <name>POI 1188</name>
    <sym>Waypoint</sym>
  </wpt>
  <wpt lat="64.8388148" lon="-14.9317047">
    <name>POI 1189</name>
    <sym>Waypoint</sym>
  </wpt>
  <wpt lat="64.8386666" lon="-14.9301732">
    <name>POI 1190</name>
    <sym>Waypoint</sym>
  </wpt>
  <wpt lat="64.8420448" lon="-14.9070398">
    <name>POI 1191</name>
    <sym>Waypoint</sym>
  </wpt>
  <wpt lat="64.8406362" lon="-14.9144612">
    <name>POI 1192</name>
    <sym>Waypoint</sym>
  </wpt>
  <wpt lat="64.8398811" lon="-14.9167648">
    <name>POI 1193</name>
    <sym>Waypoint</sym>
  </wpt>
  <wpt lat="64.8445777" lon="-14.8993814">
    <name>POI 1194</name>
    <sym>Waypoint</sym>
  </wpt>
  <wpt lat="64.8318279" lon="-14.9794507">
    <name>POI 1195</name>
    <sym>Waypoint</sym>
  </wpt>
  <wpt lat="65.6618813" lon="-14.9924476">
    <name>POI 1196</name>
    <desc>fixme: Is this really a ford (guessed from Bing)</desc>
    <sym>Waypoint</sym>
  </wpt>
  <wpt lat="65.6588486" lon="-14.9973391">
    <name>POI 1197</name>
    <desc>fixme: Is this really a ford (guessed from Bing)</desc>
    <sym>Waypoint</sym>
  </wpt>
  <wpt lat="65.6510469" lon="-17.8425127">
    <name>POI 1198</name>
    <desc>fixme: Is this really a ford (guessed from Bing)</desc>
    <sym>Waypoint</sym>
  </wpt>
  <wpt lat="65.6425017" lon="-17.828259">
    <name>POI 1199</name>
    <desc>fixme: Is this really a ford (guessed from Bing)</desc>
    <sym>Waypoint</sym>
  </wpt>
  <wpt lat="65.6349729" lon="-17.8219334">
    <name>POI 1200</name>
    <sym>Waypoint</sym>
  </wpt>
  <wpt lat="63.8221047" lon="-18.1864244">
    <name>POI 1201</name>
    <sym>Waypoint</sym>
  </wpt>
  <wpt lat="64.7236806" lon="-15.3236428">
    <name>POI 1202</name>
    <sym>Waypoint</sym>
  </wpt>
  <wpt lat="64.9268563" lon="-15.0616113">
    <name>POI 1203</name>
    <sym>Waypoint</sym>
  </wpt>
  <wpt lat="64.8692198" lon="-14.9894317">
    <name>POI 1204</name>
    <sym>Waypoint</sym>
  </wpt>
  <wpt lat="64.8612076" lon="-15.000993">
    <name>POI 1205</name>
    <sym>Waypoint</sym>
  </wpt>
  <wpt lat="64.8611045" lon="-15.0015649">
    <name>POI 1206</name>
    <sym>Waypoint</sym>
  </wpt>
  <wpt lat="64.8552604" lon="-15.0089341">
    <name>POI 1207</name>
    <sym>Waypoint</sym>
  </wpt>
  <wpt lat="64.8212786" lon="-15.4940131">
    <name>POI 1208</name>
    <sym>Waypoint</sym>
  </wpt>
  <wpt lat="64.8215487" lon="-15.4939297">
    <name>POI 1209</name>
    <sym>Waypoint</sym>
  </wpt>
  <wpt lat="64.7840842" lon="-15.294295">
    <name>POI 1210</name>
    <sym>Waypoint</sym>
  </wpt>
  <wpt lat="65.0447768" lon="-18.3809164">
    <name>POI 1211</name>
    <desc>fixme: Is this really a ford (guessed from Bing)</desc>
    <sym>Waypoint</sym>
  </wpt>
  <wpt lat="63.8475545" lon="-18.1030333">
    <name>POI 1212</name>
    <sym>Waypoint</sym>
  </wpt>
  <wpt lat="64.6312154" lon="-18.7136385">
    <name>POI 1213</name>
    <sym>Waypoint</sym>
  </wpt>
  <wpt lat="64.6465843" lon="-18.6359427">
    <name>POI 1214</name>
    <sym>Waypoint</sym>
  </wpt>
  <wpt lat="65.8974474" lon="-19.2685243">
    <name>POI 1215</name>
    <sym>Waypoint</sym>
  </wpt>
  <wpt lat="64.5018686" lon="-18.5801887">
    <name>POI 1216</name>
    <sym>Waypoint</sym>
  </wpt>
  <wpt lat="65.750071" lon="-18.2764971">
    <name>POI 1217</name>
    <sym>Waypoint</sym>
  </wpt>
  <wpt lat="64.9813109" lon="-14.7012923">
    <name>POI 1218</name>
    <sym>Waypoint</sym>
  </wpt>
  <wpt lat="64.9805768" lon="-14.7023406">
    <name>POI 1219</name>
    <sym>Waypoint</sym>
  </wpt>
  <wpt lat="64.8634906" lon="-14.8940197">
    <name>POI 1220</name>
    <sym>Waypoint</sym>
  </wpt>
  <wpt lat="64.872188" lon="-14.8997059">
    <name>POI 1221</name>
    <sym>Waypoint</sym>
  </wpt>
  <wpt lat="64.8707107" lon="-14.8993009">
    <name>POI 1222</name>
    <sym>Waypoint</sym>
  </wpt>
  <wpt lat="64.9787401" lon="-14.7020618">
    <name>POI 1223</name>
    <sym>Waypoint</sym>
  </wpt>
  <wpt lat="64.9819261" lon="-14.700734">
    <name>POI 1224</name>
    <sym>Waypoint</sym>
  </wpt>
  <wpt lat="64.9705121" lon="-14.7088602">
    <name>POI 1225</name>
    <sym>Waypoint</sym>
  </wpt>
  <wpt lat="64.9594381" lon="-14.7120077">
    <name>POI 1226</name>
    <sym>Waypoint</sym>
  </wpt>
  <wpt lat="64.9639425" lon="-14.7106719">
    <name>POI 1227</name>
    <sym>Waypoint</sym>
  </wpt>
  <wpt lat="64.9660968" lon="-14.7104922">
    <name>POI 1228</name>
    <sym>Waypoint</sym>
  </wpt>
  <wpt lat="64.9614032" lon="-14.7122839">
    <name>POI 1229</name>
    <sym>Waypoint</sym>
  </wpt>
  <wpt lat="64.9600114" lon="-14.7124931">
    <name>POI 1230</name>
    <sym>Waypoint</sym>
  </wpt>
  <wpt lat="64.7606963" lon="-14.7437904">
    <name>POI 1231</name>
    <sym>Waypoint</sym>
  </wpt>
  <wpt lat="64.7642317" lon="-14.7668243">
    <name>POI 1232</name>
    <sym>Waypoint</sym>
  </wpt>
  <wpt lat="64.7764452" lon="-14.8476652">
    <name>POI 1233</name>
    <sym>Waypoint</sym>
  </wpt>
  <wpt lat="64.7943959" lon="-14.8445964">
    <name>POI 1234</name>
    <sym>Waypoint</sym>
  </wpt>
  <wpt lat="64.8110056" lon="-14.8434208">
    <name>POI 1235</name>
    <sym>Waypoint</sym>
  </wpt>
  <wpt lat="64.8249486" lon="-14.8412029">
    <name>POI 1236</name>
    <sym>Waypoint</sym>
  </wpt>
  <wpt lat="64.8284171" lon="-14.8470408">
    <name>POI 1237</name>
    <sym>Waypoint</sym>
  </wpt>
  <wpt lat="64.8339655" lon="-14.8485267">
    <name>POI 1238</name>
    <sym>Waypoint</sym>
  </wpt>
  <wpt lat="64.8208028" lon="-14.8836305">
    <name>POI 1239</name>
    <sym>Waypoint</sym>
  </wpt>
  <wpt lat="64.8258666" lon="-14.8743718">
    <name>POI 1240</name>
    <sym>Waypoint</sym>
  </wpt>
  <wpt lat="64.8292639" lon="-14.8706812">
    <name>POI 1241</name>
    <sym>Waypoint</sym>
  </wpt>
  <wpt lat="64.8546891" lon="-14.8751239">
    <name>POI 1242</name>
    <desc>fixme: Is this really a ford (guessed from Bing)</desc>
    <sym>Waypoint</sym>
  </wpt>
  <wpt lat="64.8578389" lon="-14.8785137">
    <name>POI 1243</name>
    <sym>Waypoint</sym>
  </wpt>
  <wpt lat="64.8628954" lon="-14.8919457">
    <name>POI 1244</name>
    <sym>Waypoint</sym>
  </wpt>
  <wpt lat="64.8612515" lon="-14.8868868">
    <name>POI 1245</name>
    <sym>Waypoint</sym>
  </wpt>
  <wpt lat="64.8333108" lon="-14.9822704">
    <name>POI 1246</name>
    <sym>Waypoint</sym>
  </wpt>
  <wpt lat="64.8411405" lon="-15.0513739">
    <name>POI 1247</name>
    <sym>Waypoint</sym>
  </wpt>
  <wpt lat="64.8421879" lon="-15.0519937">
    <name>POI 1248</name>
    <sym>Waypoint</sym>
  </wpt>
  <wpt lat="64.8408479" lon="-15.0500844">
    <name>POI 1249</name>
    <sym>Waypoint</sym>
  </wpt>
  <wpt lat="64.3928011" lon="-21.2478133">
    <name>POI 1250</name>
    <sym>Waypoint</sym>
  </wpt>
  <wpt lat="65.672251" lon="-23.0554391">
    <name>POI 1251</name>
    <sym>Waypoint</sym>
  </wpt>
  <wpt lat="64.6366221" lon="-18.6563143">
    <name>POI 1252</name>
    <sym>Waypoint</sym>
  </wpt>
  <wpt lat="65.2608837" lon="-20.4869414">
    <name>POI 1253</name>
    <sym>Waypoint</sym>
  </wpt>
  <wpt lat="66.0907973" lon="-20.1198994">
    <name>POI 1254</name>
    <sym>Waypoint</sym>
  </wpt>
  <wpt lat="66.0573151" lon="-20.1357079">
    <name>POI 1255</name>
    <sym>Waypoint</sym>
  </wpt>
  <wpt lat="66.0297371" lon="-20.0619257">
    <name>POI 1256</name>
    <sym>Waypoint</sym>
  </wpt>
  <wpt lat="65.8990008" lon="-20.2515686">
    <name>POI 1257</name>
    <sym>Waypoint</sym>
  </wpt>
  <wpt lat="65.899325" lon="-20.2298588">
    <name>POI 1258</name>
    <sym>Waypoint</sym>
  </wpt>
  <wpt lat="65.9025637" lon="-20.1955163">
    <name>POI 1259</name>
    <sym>Waypoint</sym>
  </wpt>
  <wpt lat="65.9050219" lon="-20.1846421">
    <name>POI 1260</name>
    <sym>Waypoint</sym>
  </wpt>
  <wpt lat="65.8873001" lon="-20.1195889">
    <name>POI 1261</name>
    <sym>Waypoint</sym>
  </wpt>
  <wpt lat="65.7846445" lon="-22.4258529">
    <name>POI 1262</name>
    <sym>Waypoint</sym>
  </wpt>
  <wpt lat="65.6354327" lon="-22.151345">
    <name>POI 1263</name>
    <sym>Waypoint</sym>
  </wpt>
  <wpt lat="65.6249628" lon="-22.0721496">
    <name>POI 1264</name>
    <sym>Waypoint</sym>
  </wpt>
  <wpt lat="65.6100898" lon="-22.0827448">
    <name>POI 1265</name>
    <sym>Waypoint</sym>
  </wpt>
  <wpt lat="65.639837" lon="-22.0701185">
    <name>POI 1266</name>
    <sym>Waypoint</sym>
  </wpt>
  <wpt lat="65.6494036" lon="-22.0765075">
    <name>POI 1267</name>
    <sym>Waypoint</sym>
  </wpt>
  <wpt lat="65.648856" lon="-22.0753815">
    <name>POI 1268</name>
    <sym>Waypoint</sym>
  </wpt>
  <wpt lat="65.6479936" lon="-22.0736926">
    <name>POI 1269</name>
    <sym>Waypoint</sym>
  </wpt>
  <wpt lat="65.6519677" lon="-22.0791614">
    <name>POI 1270</name>
    <sym>Waypoint</sym>
  </wpt>
  <wpt lat="65.6819067" lon="-22.1589116">
    <name>POI 1271</name>
    <sym>Waypoint</sym>
  </wpt>
  <wpt lat="65.6874092" lon="-22.1751952">
    <name>POI 1272</name>
    <sym>Waypoint</sym>
  </wpt>
  <wpt lat="65.7458644" lon="-22.2357022">
    <name>POI 1273</name>
    <sym>Waypoint</sym>
  </wpt>
  <wpt lat="65.7597075" lon="-22.2835126">
    <name>POI 1274</name>
    <sym>Waypoint</sym>
  </wpt>
  <wpt lat="65.7146579" lon="-22.4730653">
    <name>POI 1275</name>
    <sym>Waypoint</sym>
  </wpt>
  <wpt lat="65.6932346" lon="-22.4838262">
    <name>POI 1276</name>
    <sym>Waypoint</sym>
  </wpt>
  <wpt lat="65.6638359" lon="-22.5282034">
    <name>POI 1277</name>
    <sym>Waypoint</sym>
  </wpt>
  <wpt lat="65.6250648" lon="-22.616044">
    <name>POI 1278</name>
    <sym>Waypoint</sym>
  </wpt>
  <wpt lat="65.6802634" lon="-22.5061044">
    <name>POI 1279</name>
    <sym>Waypoint</sym>
  </wpt>
  <wpt lat="65.6537237" lon="-22.5445103">
    <name>POI 1280</name>
    <sym>Waypoint</sym>
  </wpt>
  <wpt lat="65.588773" lon="-22.4863958">
    <name>POI 1281</name>
    <sym>Waypoint</sym>
  </wpt>
  <wpt lat="65.5787369" lon="-22.4666441">
    <name>POI 1282</name>
    <sym>Waypoint</sym>
  </wpt>
  <wpt lat="65.553958" lon="-22.3838012">
    <name>POI 1283</name>
    <sym>Waypoint</sym>
  </wpt>
  <wpt lat="65.7652043" lon="-22.5624705">
    <name>POI 1284</name>
    <sym>Waypoint</sym>
  </wpt>
  <wpt lat="64.4961532" lon="-21.1881208">
    <name>POI 1285</name>
    <sym>Waypoint</sym>
  </wpt>
  <wpt lat="63.9121194" lon="-17.7797803">
    <name>POI 1286</name>
    <sym>Waypoint</sym>
  </wpt>
  <wpt lat="63.9149255" lon="-17.7871596">
    <name>POI 1287</name>
    <sym>Waypoint</sym>
  </wpt>
  <wpt lat="64.0042657" lon="-21.1102547">
    <name>POI 1288</name>
    <sym>Waypoint</sym>
  </wpt>
  <wpt lat="66.3072382" lon="-22.2370604">
    <name>POI 1289</name>
    <sym>Waypoint</sym>
  </wpt>
  <wpt lat="66.2450878" lon="-22.080751">
    <name>POI 1290</name>
    <sym>Waypoint</sym>
  </wpt>
  <wpt lat="65.5341503" lon="-22.1727991">
    <name>POI 1291</name>
    <sym>Waypoint</sym>
  </wpt>
  <wpt lat="65.5497974" lon="-22.1146175">
    <name>POI 1292</name>
    <sym>Waypoint</sym>
  </wpt>
  <wpt lat="65.5029872" lon="-22.118791">
    <name>POI 1293</name>
    <sym>Waypoint</sym>
  </wpt>
  <wpt lat="65.6072196" lon="-21.9110458">
    <name>POI 1294</name>
    <sym>Waypoint</sym>
  </wpt>
  <wpt lat="65.6251452" lon="-22.0719828">
    <name>POI 1295</name>
    <sym>Waypoint</sym>
  </wpt>
  <wpt lat="65.7520738" lon="-22.0733548">
    <name>POI 1296</name>
    <sym>Waypoint</sym>
  </wpt>
  <wpt lat="66.0964209" lon="-16.9503647">
    <name>POI 1297</name>
    <sym>Waypoint</sym>
  </wpt>
  <wpt lat="63.9882253" lon="-21.0941953">
    <name>POI 1298</name>
    <sym>Waypoint</sym>
  </wpt>
  <wpt lat="65.3628357" lon="-13.8776347">
    <name>POI 1299</name>
    <sym>Waypoint</sym>
  </wpt>
  <wpt lat="65.9769856" lon="-17.8514528">
    <name>POI 1300</name>
    <sym>Waypoint</sym>
  </wpt>
  <wpt lat="65.9713577" lon="-18.0757239">
    <name>POI 1301</name>
    <desc>fixme: Is this really a ford (guessed from Bing)</desc>
    <sym>Waypoint</sym>
  </wpt>
  <wpt lat="65.8844838" lon="-18.0064919">
    <name>POI 1302</name>
    <desc>fixme: Is this really a ford (guessed from Bing)</desc>
    <sym>Waypoint</sym>
  </wpt>
  <wpt lat="66.0912515" lon="-17.8928822">
    <name>POI 1303</name>
    <desc>fixme: Is this really a ford (guessed from Bing)</desc>
    <sym>Waypoint</sym>
  </wpt>
  <wpt lat="66.0865345" lon="-18.0774986">
    <name>POI 1304</name>
    <desc>fixme: Is this really a ford (guessed from Bing)</desc>
    <sym>Waypoint</sym>
  </wpt>
  <wpt lat="66.0822219" lon="-18.0819351">
    <name>POI 1305</name>
    <sym>Waypoint</sym>
  </wpt>
  <wpt lat="66.0825742" lon="-18.0819887">
    <name>POI 1306</name>
    <sym>Waypoint</sym>
  </wpt>
  <wpt lat="66.171311" lon="-18.2482329">
    <name>POI 1307</name>
    <sym>Waypoint</sym>
  </wpt>
  <wpt lat="65.955638" lon="-15.3928925">
    <name>POI 1308</name>
    <sym>Waypoint</sym>
  </wpt>
  <wpt lat="65.9554414" lon="-15.3937144">
    <name>POI 1309</name>
    <sym>Waypoint</sym>
  </wpt>
  <wpt lat="65.6848772" lon="-21.8088702">
    <name>POI 1310</name>
    <sym>Waypoint</sym>
  </wpt>
  <wpt lat="65.6850106" lon="-21.8093373">
    <name>POI 1311</name>
    <sym>Waypoint</sym>
  </wpt>
  <wpt lat="65.7650923" lon="-14.3917925">
    <name>POI 1312</name>
    <sym>Waypoint</sym>
  </wpt>
  <wpt lat="65.5836368" lon="-14.014221">
    <name>POI 1313</name>
    <sym>Waypoint</sym>
  </wpt>
  <wpt lat="66.2756055" lon="-22.2284961">
    <name>POI 1314</name>
    <sym>Waypoint</sym>
  </wpt>
  <wpt lat="66.1117151" lon="-22.5522693">
    <name>POI 1315</name>
    <sym>Waypoint</sym>
  </wpt>
  <wpt lat="65.8015857" lon="-23.7590826">
    <name>POI 1316</name>
    <sym>Waypoint</sym>
  </wpt>
  <wpt lat="65.8366979" lon="-23.8149661">
    <name>POI 1317</name>
    <sym>Waypoint</sym>
  </wpt>
  <wpt lat="65.8089694" lon="-23.772537">
    <name>POI 1318</name>
    <sym>Waypoint</sym>
  </wpt>
  <wpt lat="65.7587751" lon="-23.489483">
    <name>POI 1319</name>
    <sym>Waypoint</sym>
  </wpt>
  <wpt lat="65.7760802" lon="-23.6492168">
    <name>POI 1320</name>
    <sym>Waypoint</sym>
  </wpt>
  <wpt lat="64.3685258" lon="-21.2312159">
    <name>POI 1321</name>
    <sym>Waypoint</sym>
  </wpt>
  <wpt lat="63.6821334" lon="-19.7261333">
    <name>POI 1322</name>
    <sym>Waypoint</sym>
  </wpt>
  <wpt lat="65.8372972" lon="-22.4764961">
    <name>POI 1323</name>
    <sym>Waypoint</sym>
  </wpt>
  <wpt lat="65.6470663" lon="-22.8838456">
    <name>POI 1324</name>
    <sym>Waypoint</sym>
  </wpt>
  <wpt lat="65.6405704" lon="-22.8271893">
    <name>POI 1325</name>
    <sym>Waypoint</sym>
  </wpt>
  <wpt lat="65.6394823" lon="-22.9492807">
    <name>POI 1326</name>
    <sym>Waypoint</sym>
  </wpt>
  <wpt lat="65.6394491" lon="-22.9601866">
    <name>POI 1327</name>
    <sym>Waypoint</sym>
  </wpt>
  <wpt lat="65.6153836" lon="-23.6035091">
    <name>POI 1328</name>
    <sym>Waypoint</sym>
  </wpt>
  <wpt lat="65.7785657" lon="-23.6940845">
    <name>POI 1329</name>
    <sym>Waypoint</sym>
  </wpt>
  <wpt lat="65.7574682" lon="-23.5283281">
    <name>POI 1330</name>
    <sym>Waypoint</sym>
  </wpt>
  <wpt lat="65.7960881" lon="-23.7345833">
    <name>POI 1331</name>
    <sym>Waypoint</sym>
  </wpt>
  <wpt lat="65.5303211" lon="-23.4088692">
    <name>POI 1332</name>
    <sym>Waypoint</sym>
  </wpt>
  <wpt lat="66.2338868" lon="-22.5205217">
    <name>POI 1333</name>
    <sym>Waypoint</sym>
  </wpt>
  <wpt lat="66.2366741" lon="-22.520325">
    <name>POI 1334</name>
    <sym>Waypoint</sym>
  </wpt>
  <wpt lat="65.6027313" lon="-20.8000105">
    <name>POI 1335</name>
    <sym>Waypoint</sym>
  </wpt>
  <wpt lat="64.0986205" lon="-20.0671484">
    <name>POI 1336</name>
    <sym>Waypoint</sym>
  </wpt>
  <wpt lat="64.1969674" lon="-20.0081442">
    <name>POI 1337</name>
    <sym>Waypoint</sym>
  </wpt>
  <wpt lat="64.0635786" lon="-20.012563">
    <name>POI 1338</name>
    <sym>Waypoint</sym>
  </wpt>
  <wpt lat="63.9238772" lon="-16.521131">
    <name>POI 1339</name>
    <sym>Waypoint</sym>
  </wpt>
  <wpt lat="63.9254679" lon="-16.5263739">
    <name>POI 1340</name>
    <sym>Waypoint</sym>
  </wpt>
  <wpt lat="64.182628" lon="-15.9170651">
    <name>POI 1341</name>
    <sym>Waypoint</sym>
  </wpt>
  <wpt lat="64.1851977" lon="-15.9232342">
    <name>POI 1342</name>
    <sym>Waypoint</sym>
  </wpt>
  <wpt lat="64.2343234" lon="-15.7830578">
    <name>POI 1343</name>
    <sym>Waypoint</sym>
  </wpt>
  <wpt lat="65.3170026" lon="-19.2538344">
    <name>POI 1344</name>
    <sym>Waypoint</sym>
  </wpt>
  <wpt lat="65.654752" lon="-19.0716004">
    <name>POI 1345</name>
    <sym>Waypoint</sym>
  </wpt>
  <wpt lat="65.889929" lon="-22.2971898">
    <name>POI 1346</name>
    <sym>Waypoint</sym>
  </wpt>
  <wpt lat="65.6915675" lon="-15.0862511">
    <name>POI 1347</name>
    <sym>Waypoint</sym>
  </wpt>
  <wpt lat="65.8068878" lon="-19.6802222">
    <name>POI 1348</name>
    <sym>Waypoint</sym>
  </wpt>
  <wpt lat="65.9945706" lon="-19.1562241">
    <name>POI 1349</name>
    <sym>Waypoint</sym>
  </wpt>
  <wpt lat="64.6608395" lon="-14.5545619">
    <name>POI 1350</name>
    <sym>Waypoint</sym>
  </wpt>
  <wpt lat="64.6642673" lon="-14.5573847">
    <name>POI 1351</name>
    <sym>Waypoint</sym>
  </wpt>
  <wpt lat="64.8492345" lon="-20.5854879">
    <name>POI 1352</name>
    <sym>Waypoint</sym>
  </wpt>
  <wpt lat="65.0241409" lon="-13.6470002">
    <name>POI 1353</name>
    <sym>Waypoint</sym>
  </wpt>
  <wpt lat="65.7547268" lon="-22.5899004">
    <name>POI 1354</name>
    <sym>Waypoint</sym>
  </wpt>
  <wpt lat="64.3536088" lon="-21.237039">
    <name>POI 1355</name>
    <sym>Waypoint</sym>
  </wpt>
  <wpt lat="65.6463717" lon="-22.9781306">
    <name>POI 1356</name>
    <sym>Waypoint</sym>
  </wpt>
  <wpt lat="65.597812" lon="-15.1140155">
    <name>POI 1357</name>
    <sym>Waypoint</sym>
  </wpt>
  <wpt lat="65.5988821" lon="-15.1187145">
    <name>POI 1358</name>
    <sym>Waypoint</sym>
  </wpt>
  <wpt lat="65.6271696" lon="-15.0598047">
    <name>POI 1359</name>
    <sym>Waypoint</sym>
  </wpt>
  <wpt lat="65.5966866" lon="-23.3689445">
    <name>POI 1360</name>
    <sym>Waypoint</sym>
  </wpt>
  <wpt lat="65.5951462" lon="-23.3735365">
    <name>POI 1361</name>
    <sym>Waypoint</sym>
  </wpt>
  <wpt lat="65.5832742" lon="-23.4063399">
    <name>POI 1362</name>
    <sym>Waypoint</sym>
  </wpt>
  <wpt lat="65.5408865" lon="-21.7649323">
    <name>POI 1363</name>
    <sym>Waypoint</sym>
  </wpt>
  <wpt lat="65.5444325" lon="-21.7705785">
    <name>POI 1364</name>
    <sym>Waypoint</sym>
  </wpt>
  <wpt lat="65.5439262" lon="-21.7730999">
    <name>POI 1365</name>
    <sym>Waypoint</sym>
  </wpt>
  <wpt lat="65.6291334" lon="-23.1069529">
    <name>POI 1366</name>
    <sym>Waypoint</sym>
  </wpt>
  <wpt lat="65.7431915" lon="-23.118217">
    <name>POI 1367</name>
    <sym>Waypoint</sym>
  </wpt>
  <wpt lat="65.9429339" lon="-21.6332635">
    <name>POI 1368</name>
    <sym>Waypoint</sym>
  </wpt>
  <wpt lat="65.957512" lon="-21.6860007">
    <name>POI 1369</name>
    <sym>Waypoint</sym>
  </wpt>
  <wpt lat="65.4182975" lon="-19.4016876">
    <name>POI 1370</name>
    <sym>Waypoint</sym>
  </wpt>
  <wpt lat="66.0527691" lon="-14.7502184">
    <name>POI 1371</name>
    <sym>Waypoint</sym>
  </wpt>
  <wpt lat="64.9053389" lon="-22.1112084">
    <name>POI 1372</name>
    <sym>Waypoint</sym>
  </wpt>
  <wpt lat="64.9460873" lon="-22.2098553">
    <name>POI 1373</name>
    <sym>Waypoint</sym>
  </wpt>
  <wpt lat="64.9443029" lon="-22.2144252">
    <name>POI 1374</name>
    <sym>Waypoint</sym>
  </wpt>
  <wpt lat="66.0976144" lon="-22.3469748">
    <name>POI 1375</name>
    <sym>Waypoint</sym>
  </wpt>
  <wpt lat="64.4224899" lon="-21.6961363">
    <name>POI 1376</name>
    <sym>Waypoint</sym>
  </wpt>
  <wpt lat="64.4236466" lon="-21.6904079">
    <name>POI 1377</name>
    <sym>Waypoint</sym>
  </wpt>
  <wpt lat="65.9506022" lon="-23.4271707">
    <name>POI 1378</name>
    <sym>Waypoint</sym>
  </wpt>
  <wpt lat="64.743265" lon="-22.1555159">
    <name>POI 1379</name>
    <sym>Waypoint</sym>
  </wpt>
  <wpt lat="64.742444" lon="-22.157824">
    <name>POI 1380</name>
    <sym>Waypoint</sym>
  </wpt>
  <wpt lat="65.625651" lon="-21.5199656">
    <name>POI 1381</name>
    <sym>Waypoint</sym>
  </wpt>
  <wpt lat="65.6257045" lon="-21.5184027">
    <name>POI 1382</name>
    <sym>Waypoint</sym>
  </wpt>
  <wpt lat="65.6330491" lon="-21.5761936">
    <name>POI 1383</name>
    <sym>Waypoint</sym>
  </wpt>
  <wpt lat="65.2613752" lon="-15.519608">
    <name>POI 1384</name>
    <sym>Waypoint</sym>
  </wpt>
  <wpt lat="65.323239" lon="-17.2562114">
    <name>POI 1385</name>
    <desc>depth: 0.75</desc>
    <sym>Waypoint</sym>
  </wpt>
  <wpt lat="65.1896376" lon="-17.367518">
    <name>POI 1386</name>
    <sym>Waypoint</sym>
  </wpt>
  <wpt lat="65.1042516" lon="-20.7375034">
    <name>POI 1387</name>
    <sym>Waypoint</sym>
  </wpt>
  <wpt lat="64.9980962" lon="-17.5099607">
    <name>POI 1388</name>
    <sym>Waypoint</sym>
  </wpt>
  <wpt lat="64.9733179" lon="-17.5539669">
    <name>POI 1389</name>
    <sym>Waypoint</sym>
  </wpt>
  <wpt lat="64.9786194" lon="-17.5293105">
    <name>POI 1390</name>
    <sym>Waypoint</sym>
  </wpt>
  <wpt lat="65.054453" lon="-17.6291372">
    <name>POI 1391</name>
    <sym>Waypoint</sym>
  </wpt>
  <wpt lat="64.9812632" lon="-17.6674667">
    <name>POI 1392</name>
    <sym>Waypoint</sym>
  </wpt>
  <wpt lat="64.9397653" lon="-17.6482053">
    <name>POI 1393</name>
    <sym>Waypoint</sym>
  </wpt>
  <wpt lat="64.95056" lon="-17.6248738">
    <name>POI 1394</name>
    <sym>Waypoint</sym>
  </wpt>
  <wpt lat="64.9555483" lon="-17.6215245">
    <name>POI 1395</name>
    <sym>Waypoint</sym>
  </wpt>
  <wpt lat="65.0495962" lon="-17.6350291">
    <name>POI 1396</name>
    <sym>Waypoint</sym>
  </wpt>
  <wpt lat="65.0489991" lon="-17.6349025">
    <name>POI 1397</name>
    <sym>Waypoint</sym>
  </wpt>
  <wpt lat="65.1947218" lon="-17.3669475">
    <name>POI 1398</name>
    <sym>Waypoint</sym>
  </wpt>
  <wpt lat="65.1458083" lon="-17.2930584">
    <name>POI 1399</name>
    <sym>Waypoint</sym>
  </wpt>
  <wpt lat="65.1401003" lon="-19.0737921">
    <name>POI 1400</name>
    <sym>Waypoint</sym>
  </wpt>
  <wpt lat="64.4189002" lon="-14.9394682">
    <name>POI 1401</name>
    <sym>Waypoint</sym>
  </wpt>
  <wpt lat="64.4185324" lon="-14.9391768">
    <name>POI 1402</name>
    <sym>Waypoint</sym>
  </wpt>
  <wpt lat="64.41914" lon="-14.9406947">
    <name>POI 1403</name>
    <sym>Waypoint</sym>
  </wpt>
  <wpt lat="64.4196142" lon="-14.9412207">
    <name>POI 1404</name>
    <sym>Waypoint</sym>
  </wpt>
  <wpt lat="65.9818207" lon="-17.8512229">
    <name>POI 1405</name>
    <sym>Waypoint</sym>
  </wpt>
  <wpt lat="64.5593978" lon="-15.1535293">
    <name>POI 1406</name>
    <sym>Waypoint</sym>
  </wpt>
  <wpt lat="64.5483403" lon="-15.1422015">
    <name>POI 1407</name>
    <sym>Waypoint</sym>
  </wpt>
  <wpt lat="64.6102423" lon="-15.1469945">
    <name>POI 1408</name>
    <sym>Waypoint</sym>
  </wpt>
  <wpt lat="64.8984014" lon="-15.9522249">
    <name>POI 1409</name>
    <sym>Waypoint</sym>
  </wpt>
  <wpt lat="64.8889007" lon="-15.9621835">
    <name>POI 1410</name>
    <sym>Waypoint</sym>
  </wpt>
  <wpt lat="64.4839962" lon="-15.0319306">
    <name>POI 1411</name>
    <sym>Waypoint</sym>
  </wpt>
  <wpt lat="64.3430205" lon="-15.16639">
    <name>POI 1412</name>
    <sym>Waypoint</sym>
  </wpt>
  <wpt lat="64.3468154" lon="-15.1539864">
    <name>POI 1413</name>
    <sym>Waypoint</sym>
  </wpt>
  <wpt lat="64.9428205" lon="-15.5161151">
    <name>POI 1414</name>
    <sym>Waypoint</sym>
  </wpt>
  <wpt lat="64.9600357" lon="-15.5363732">
    <name>POI 1415</name>
    <sym>Waypoint</sym>
  </wpt>
  <wpt lat="65.0083953" lon="-15.3467986">
    <name>POI 1416</name>
    <sym>Waypoint</sym>
  </wpt>
  <wpt lat="64.9952054" lon="-15.5258676">
    <name>POI 1417</name>
    <sym>Waypoint</sym>
  </wpt>
  <wpt lat="65.1478943" lon="-15.7181382">
    <name>POI 1418</name>
    <sym>Waypoint</sym>
  </wpt>
  <wpt lat="65.2887978" lon="-15.6377208">
    <name>POI 1419</name>
    <sym>Waypoint</sym>
  </wpt>
  <wpt lat="65.3106048" lon="-15.6231457">
    <name>POI 1420</name>
    <sym>Waypoint</sym>
  </wpt>
  <wpt lat="65.3119339" lon="-15.6429969">
    <name>POI 1421</name>
    <sym>Waypoint</sym>
  </wpt>
  <wpt lat="65.3012341" lon="-15.636742">
    <name>POI 1422</name>
    <sym>Waypoint</sym>
  </wpt>
  <wpt lat="65.1588254" lon="-15.8231596">
    <name>POI 1423</name>
    <sym>Waypoint</sym>
  </wpt>
  <wpt lat="65.1506881" lon="-15.7543516">
    <name>POI 1424</name>
    <sym>Waypoint</sym>
  </wpt>
  <wpt lat="65.8615327" lon="-19.2878079">
    <name>POI 1425</name>
    <sym>Waypoint</sym>
  </wpt>
  <wpt lat="65.8470234" lon="-19.2068825">
    <name>POI 1426</name>
    <sym>Waypoint</sym>
  </wpt>
  <wpt lat="65.8617213" lon="-19.3007031">
    <name>POI 1427</name>
    <sym>Waypoint</sym>
  </wpt>
  <wpt lat="64.687618" lon="-17.8747953">
    <name>POI 1428</name>
    <sym>Waypoint</sym>
  </wpt>
  <wpt lat="64.6912462" lon="-17.8497743">
    <name>POI 1429</name>
    <sym>Waypoint</sym>
  </wpt>
  <wpt lat="64.7016894" lon="-17.8102201">
    <name>POI 1430</name>
    <sym>Waypoint</sym>
  </wpt>
  <wpt lat="64.7020429" lon="-17.7925638">
    <name>POI 1431</name>
    <sym>Waypoint</sym>
  </wpt>
  <wpt lat="65.6568836" lon="-22.6496568">
    <name>POI 1432</name>
    <sym>Waypoint</sym>
  </wpt>
  <wpt lat="65.6517013" lon="-22.6512116">
    <name>POI 1433</name>
    <sym>Waypoint</sym>
  </wpt>
  <wpt lat="65.6427863" lon="-22.6614481">
    <name>POI 1434</name>
    <sym>Waypoint</sym>
  </wpt>
  <wpt lat="65.6409426" lon="-22.6628637">
    <name>POI 1435</name>
    <sym>Waypoint</sym>
  </wpt>
  <wpt lat="65.2076214" lon="-21.2293947">
    <name>POI 1436</name>
    <sym>Waypoint</sym>
  </wpt>
  <wpt lat="64.4526965" lon="-14.9081321">
    <name>POI 1437</name>
    <sym>Waypoint</sym>
  </wpt>
  <wpt lat="64.4535032" lon="-14.9108338">
    <name>POI 1438</name>
    <sym>Waypoint</sym>
  </wpt>
  <wpt lat="64.4265103" lon="-14.8438879">
    <name>POI 1439</name>
    <sym>Waypoint</sym>
  </wpt>
  <wpt lat="64.4270151" lon="-14.8456849">
    <name>POI 1440</name>
    <sym>Waypoint</sym>
  </wpt>
  <wpt lat="65.7988249" lon="-24.0385151">
    <name>POI 1441</name>
    <sym>Waypoint</sym>
  </wpt>
  <wpt lat="65.8000548" lon="-24.0603547">
    <name>POI 1442</name>
    <sym>Waypoint</sym>
  </wpt>
  <wpt lat="64.5650982" lon="-14.7722872">
    <name>POI 1443</name>
    <sym>Waypoint</sym>
  </wpt>
  <wpt lat="65.2828052" lon="-13.7341069">
    <name>POI 1444</name>
    <sym>Waypoint</sym>
  </wpt>
  <wpt lat="65.283592" lon="-13.7208688">
    <name>POI 1445</name>
    <sym>Waypoint</sym>
  </wpt>
  <wpt lat="65.3083838" lon="-13.8694682">
    <name>POI 1446</name>
    <sym>Waypoint</sym>
  </wpt>
  <wpt lat="63.9105163" lon="-18.6673928">
    <name>POI 1447</name>
    <sym>Waypoint</sym>
  </wpt>
  <wpt lat="63.9085374" lon="-18.6736541">
    <name>POI 1448</name>
    <sym>Waypoint</sym>
  </wpt>
  <wpt lat="64.5851058" lon="-14.609405">
    <name>POI 1449</name>
    <sym>Waypoint</sym>
  </wpt>
  <wpt lat="65.6072644" lon="-23.7149485">
    <name>POI 1450</name>
    <sym>Waypoint</sym>
  </wpt>
  <wpt lat="64.8817326" lon="-20.5170338">
    <name>POI 1451</name>
    <sym>Waypoint</sym>
  </wpt>
  <wpt lat="64.7110662" lon="-20.9946668">
    <name>POI 1452</name>
    <sym>Waypoint</sym>
  </wpt>
  <wpt lat="65.525892" lon="-20.2399899">
    <name>POI 1453</name>
    <sym>Waypoint</sym>
  </wpt>
  <wpt lat="65.5735953" lon="-23.4517604">
    <name>POI 1454</name>
    <sym>Waypoint</sym>
  </wpt>
  <wpt lat="65.5707396" lon="-23.4276378">
    <name>POI 1455</name>
    <sym>Waypoint</sym>
  </wpt>
  <wpt lat="65.5729365" lon="-23.4253889">
    <name>POI 1456</name>
    <sym>Waypoint</sym>
  </wpt>
  <wpt lat="65.584225" lon="-23.4151756">
    <name>POI 1457</name>
    <sym>Waypoint</sym>
  </wpt>
  <wpt lat="65.5828738" lon="-23.415026">
    <name>POI 1458</name>
    <sym>Waypoint</sym>
  </wpt>
  <wpt lat="65.5842621" lon="-23.4025523">
    <name>POI 1459</name>
    <sym>Waypoint</sym>
  </wpt>
  <wpt lat="65.5909249" lon="-23.38932">
    <name>POI 1460</name>
    <sym>Waypoint</sym>
  </wpt>
  <wpt lat="65.5906495" lon="-23.3896891">
    <name>POI 1461</name>
    <sym>Waypoint</sym>
  </wpt>
  <wpt lat="65.5911129" lon="-23.3890928">
    <name>POI 1462</name>
    <sym>Waypoint</sym>
  </wpt>
  <wpt lat="65.5960261" lon="-23.3705002">
    <name>POI 1463</name>
    <sym>Waypoint</sym>
  </wpt>
  <wpt lat="65.5923001" lon="-23.3785844">
    <name>POI 1464</name>
    <sym>Waypoint</sym>
  </wpt>
  <wpt lat="64.665204" lon="-19.5940932">
    <name>POI 1465</name>
    <sym>Waypoint</sym>
  </wpt>
  <wpt lat="64.5639991" lon="-19.4839364">
    <name>POI 1466</name>
    <sym>Waypoint</sym>
  </wpt>
  <wpt lat="64.5830422" lon="-19.5215464">
    <name>POI 1467</name>
    <sym>Waypoint</sym>
  </wpt>
  <wpt lat="64.8523204" lon="-19.3717772">
    <name>POI 1468</name>
    <desc>note: Often impassable</desc>
    <sym>Waypoint</sym>
  </wpt>
  <wpt lat="65.2127154" lon="-20.1928966">
    <name>POI 1469</name>
    <sym>Waypoint</sym>
  </wpt>
  <wpt lat="65.2125304" lon="-20.1932969">
    <name>POI 1470</name>
    <sym>Waypoint</sym>
  </wpt>
  <wpt lat="65.1793724" lon="-20.2099548">
    <name>POI 1471</name>
    <sym>Waypoint</sym>
  </wpt>
  <wpt lat="65.1788245" lon="-20.2124214">
    <name>POI 1472</name>
    <sym>Waypoint</sym>
  </wpt>
  <wpt lat="65.2307656" lon="-19.3962429">
    <name>POI 1473</name>
    <sym>Waypoint</sym>
  </wpt>
  <wpt lat="66.293486" lon="-14.970464">
    <name>POI 1474</name>
    <sym>Waypoint</sym>
  </wpt>
  <wpt lat="65.4149175" lon="-21.3128821">
    <name>POI 1475</name>
    <sym>Waypoint</sym>
  </wpt>
  <wpt lat="63.8137004" lon="-20.4218669">
    <name>POI 1476</name>
    <sym>Waypoint</sym>
  </wpt>
  <wpt lat="65.7279672" lon="-20.159483">
    <name>POI 1477</name>
    <sym>Waypoint</sym>
  </wpt>
  <wpt lat="65.2655582" lon="-19.9040186">
    <name>POI 1478</name>
    <sym>Waypoint</sym>
  </wpt>
  <wpt lat="65.3299327" lon="-20.7793809">
    <name>POI 1479</name>
    <sym>Waypoint</sym>
  </wpt>
  <wpt lat="65.2426881" lon="-14.3397731">
    <name>POI 1480</name>
    <sym>Waypoint</sym>
  </wpt>
  <wpt lat="65.2433354" lon="-14.3420393">
    <name>POI 1481</name>
    <sym>Waypoint</sym>
  </wpt>
  <wpt lat="65.0230194" lon="-15.361982">
    <name>POI 1482</name>
    <sym>Waypoint</sym>
  </wpt>
  <wpt lat="65.982687" lon="-15.5119886">
    <name>POI 1483</name>
    <sym>Waypoint</sym>
  </wpt>
  <wpt lat="65.9808245" lon="-15.5133361">
    <name>POI 1484</name>
    <sym>Waypoint</sym>
  </wpt>
  <wpt lat="65.9766067" lon="-15.5095059">
    <name>POI 1485</name>
    <sym>Waypoint</sym>
  </wpt>
  <wpt lat="66.050908" lon="-15.5223207">
    <name>POI 1486</name>
    <sym>Waypoint</sym>
  </wpt>
  <wpt lat="65.7410535" lon="-16.0873773">
    <name>POI 1487</name>
    <sym>Waypoint</sym>
  </wpt>
  <wpt lat="65.060898" lon="-18.3943261">
    <name>POI 1488</name>
    <sym>Waypoint</sym>
  </wpt>
  <wpt lat="64.7792665" lon="-17.5155989">
    <name>POI 1489</name>
    <sym>Waypoint</sym>
  </wpt>
  <wpt lat="65.2169054" lon="-14.6042307">
    <name>POI 1490</name>
    <sym>Waypoint</sym>
  </wpt>
  <wpt lat="65.0664319" lon="-15.0373217">
    <name>POI 1491</name>
    <sym>Waypoint</sym>
  </wpt>
  <wpt lat="64.9021547" lon="-21.1944592">
    <name>POI 1492</name>
    <sym>Waypoint</sym>
  </wpt>
  <wpt lat="64.5832011" lon="-19.5408368">
    <name>POI 1493</name>
    <sym>Waypoint</sym>
  </wpt>
  <wpt lat="64.6651724" lon="-19.3560516">
    <name>POI 1494</name>
    <sym>Waypoint</sym>
  </wpt>
  <wpt lat="64.6609061" lon="-19.3991627">
    <name>POI 1495</name>
    <sym>Waypoint</sym>
  </wpt>
  <wpt lat="64.4473788" lon="-19.975776">
    <name>POI 1496</name>
    <sym>Waypoint</sym>
  </wpt>
  <wpt lat="64.4628555" lon="-19.9459794">
    <name>POI 1497</name>
    <sym>Waypoint</sym>
  </wpt>
  <wpt lat="65.0495952" lon="-20.2795839">
    <name>POI 1498</name>
    <sym>Waypoint</sym>
  </wpt>
  <wpt lat="64.210188" lon="-21.5815712">
    <name>POI 1499</name>
    <sym>Waypoint</sym>
  </wpt>
  <wpt lat="64.2262066" lon="-21.5469989">
    <name>POI 1500</name>
    <sym>Waypoint</sym>
  </wpt>
  <wpt lat="65.1615245" lon="-20.2712799">
    <name>POI 1501</name>
    <sym>Waypoint</sym>
  </wpt>
  <wpt lat="64.788831" lon="-22.2073603">
    <name>POI 1502</name>
    <sym>Waypoint</sym>
  </wpt>
  <wpt lat="64.339078" lon="-21.5833134">
    <name>POI 1503</name>
    <sym>Waypoint</sym>
  </wpt>
  <wpt lat="64.3399346" lon="-21.5926136">
    <name>POI 1504</name>
    <sym>Waypoint</sym>
  </wpt>
  <wpt lat="65.2056904" lon="-17.3396446">
    <name>POI 1505</name>
    <sym>Waypoint</sym>
  </wpt>
  <wpt lat="65.0400905" lon="-19.8349388">
    <name>POI 1506</name>
    <sym>Waypoint</sym>
  </wpt>
  <wpt lat="65.032143" lon="-17.6366464">
    <name>POI 1507</name>
    <sym>Waypoint</sym>
  </wpt>
  <wpt lat="65.5760439" lon="-23.9072605">
    <name>POI 1508</name>
    <sym>Waypoint</sym>
  </wpt>
  <wpt lat="65.661759" lon="-23.0218506">
    <name>POI 1509</name>
    <sym>Waypoint</sym>
  </wpt>
  <wpt lat="65.7198025" lon="-23.0994737">
    <name>POI 1510</name>
    <sym>Waypoint</sym>
  </wpt>
  <wpt lat="65.73201" lon="-23.1124583">
    <name>POI 1511</name>
    <sym>Waypoint</sym>
  </wpt>
  <wpt lat="64.3364364" lon="-19.3091639">
    <name>POI 1512</name>
    <sym>Waypoint</sym>
  </wpt>
  <wpt lat="64.4812165" lon="-19.6383834">
    <name>POI 1513</name>
    <sym>Waypoint</sym>
  </wpt>
  <wpt lat="64.391209" lon="-19.73409">
    <name>POI 1514</name>
    <sym>Waypoint</sym>
  </wpt>
  <wpt lat="64.9660378" lon="-22.6714147">
    <name>POI 1515</name>
    <sym>Waypoint</sym>
  </wpt>
  <wpt lat="64.4643705" lon="-14.9909203">
    <name>POI 1516</name>
    <sym>Waypoint</sym>
  </wpt>
  <wpt lat="64.5846792" lon="-19.192611">
    <name>POI 1517</name>
    <sym>Waypoint</sym>
  </wpt>
  <wpt lat="64.4909396" lon="-19.4114149">
    <name>POI 1518</name>
    <sym>Waypoint</sym>
  </wpt>
  <wpt lat="64.3519032" lon="-19.9783081">
    <name>POI 1519</name>
    <sym>Waypoint</sym>
  </wpt>
  <wpt lat="64.3541184" lon="-20.0324696">
    <name>POI 1520</name>
    <sym>Waypoint</sym>
  </wpt>
  <wpt lat="64.3659476" lon="-19.9262757">
    <name>POI 1521</name>
    <sym>Waypoint</sym>
  </wpt>
  <wpt lat="64.3781478" lon="-19.8721028">
    <name>POI 1522</name>
    <sym>Waypoint</sym>
  </wpt>
  <wpt lat="65.775403" lon="-22.6111435">
    <name>POI 1523</name>
    <sym>Waypoint</sym>
  </wpt>
  <wpt lat="65.7592287" lon="-22.5766483">
    <name>POI 1524</name>
    <sym>Waypoint</sym>
  </wpt>
  <wpt lat="65.775579" lon="-22.5545021">
    <name>POI 1525</name>
    <sym>Waypoint</sym>
  </wpt>
  <wpt lat="63.655265" lon="-18.0154861">
    <name>POI 1526</name>
    <sym>Waypoint</sym>
  </wpt>
  <wpt lat="64.5134126" lon="-14.522478">
    <name>POI 1527</name>
    <sym>Waypoint</sym>
  </wpt>
  <wpt lat="64.5154033" lon="-14.5344569">
    <name>POI 1528</name>
    <sym>Waypoint</sym>
  </wpt>
  <wpt lat="64.5143451" lon="-14.528284">
    <name>POI 1529</name>
    <sym>Waypoint</sym>
  </wpt>
  <wpt lat="64.5103243" lon="-14.5162933">
    <name>POI 1530</name>
    <sym>Waypoint</sym>
  </wpt>
  <wpt lat="64.5091258" lon="-14.5138794">
    <name>POI 1531</name>
    <sym>Waypoint</sym>
  </wpt>
  <wpt lat="65.7810448" lon="-21.5202487">
    <name>POI 1532</name>
    <sym>Waypoint</sym>
  </wpt>
  <wpt lat="63.8275321" lon="-18.8072384">
    <name>POI 1533</name>
    <sym>Waypoint</sym>
  </wpt>
  <wpt lat="63.82247" lon="-18.7800582">
    <name>POI 1534</name>
    <sym>Waypoint</sym>
  </wpt>
  <wpt lat="64.1709795" lon="-15.9120125">
    <name>POI 1535</name>
    <sym>Waypoint</sym>
  </wpt>
  <wpt lat="65.7160765" lon="-16.7497435">
    <name>POI 1536</name>
    <sym>Waypoint</sym>
  </wpt>
  <wpt lat="65.7158206" lon="-16.7484172">
    <name>POI 1537</name>
    <sym>Waypoint</sym>
  </wpt>
  <wpt lat="65.3111307" lon="-13.8965476">
    <name>POI 1538</name>
    <sym>Waypoint</sym>
  </wpt>
  <wpt lat="65.2440994" lon="-14.1579966">
    <name>POI 1539</name>
    <sym>Waypoint</sym>
  </wpt>
  <wpt lat="63.8029421" lon="-19.4286531">
    <name>POI 1540</name>
    <sym>Waypoint</sym>
  </wpt>
  <wpt lat="63.8013689" lon="-19.4295276">
    <name>POI 1541</name>
    <sym>Waypoint</sym>
  </wpt>
  <wpt lat="63.7984107" lon="-19.4310388">
    <name>POI 1542</name>
    <sym>Waypoint</sym>
  </wpt>
  <wpt lat="63.7851587" lon="-19.4326713">
    <name>POI 1543</name>
    <sym>Waypoint</sym>
  </wpt>
  <wpt lat="63.8330085" lon="-19.2076008">
    <name>POI 1544</name>
    <sym>Waypoint</sym>
  </wpt>
  <wpt lat="65.3591123" lon="-13.8634309">
    <name>POI 1545</name>
    <sym>Waypoint</sym>
  </wpt>
  <wpt lat="65.3586681" lon="-13.8639264">
    <name>POI 1546</name>
    <sym>Waypoint</sym>
  </wpt>
  <wpt lat="63.9672227" lon="-17.5446443">
    <name>POI 1547</name>
    <sym>Waypoint</sym>
  </wpt>
  <wpt lat="64.0271697" lon="-19.2447523">
    <name>POI 1548</name>
    <sym>Waypoint</sym>
  </wpt>
  <wpt lat="64.0465762" lon="-21.1979549">
    <name>POI 1549</name>
    <sym>Waypoint</sym>
  </wpt>
  <wpt lat="64.0222409" lon="-21.2076351">
    <name>POI 1550</name>
    <sym>Waypoint</sym>
  </wpt>
  <wpt lat="64.8159102" lon="-19.7060964">
    <name>POI 1551</name>
    <sym>Waypoint</sym>
  </wpt>
  <wpt lat="64.0160239" lon="-18.1023574">
    <name>POI 1552</name>
    <sym>Waypoint</sym>
  </wpt>
  <wpt lat="64.7165459" lon="-18.1376865">
    <name>POI 1553</name>
    <sym>Waypoint</sym>
  </wpt>
  <wpt lat="64.7178562" lon="-18.1359052">
    <name>POI 1554</name>
    <sym>Waypoint</sym>
  </wpt>
  <wpt lat="63.9329376" lon="-19.0331753">
    <name>POI 1555</name>
    <sym>Waypoint</sym>
  </wpt>
  <wpt lat="66.0515846" lon="-23.2370637">
    <name>POI 1556</name>
    <sym>Waypoint</sym>
  </wpt>
  <wpt lat="66.0589885" lon="-23.2059682">
    <name>POI 1557</name>
    <sym>Waypoint</sym>
  </wpt>
  <wpt lat="66.0047154" lon="-19.1526442">
    <name>POI 1558</name>
    <sym>Waypoint</sym>
  </wpt>
  <wpt lat="64.8721003" lon="-21.7498505">
    <name>POI 1559</name>
    <sym>Waypoint</sym>
  </wpt>
  <wpt lat="65.6466788" lon="-18.2056107">
    <name>POI 1560</name>
    <sym>Waypoint</sym>
  </wpt>
  <wpt lat="65.8783199" lon="-17.8783248">
    <name>POI 1561</name>
    <sym>Waypoint</sym>
  </wpt>
  <wpt lat="66.1840892" lon="-21.8219">
    <name>POI 1562</name>
    <sym>Waypoint</sym>
  </wpt>
  <wpt lat="66.184446" lon="-21.8232876">
    <name>POI 1563</name>
    <sym>Waypoint</sym>
  </wpt>
  <wpt lat="64.1427659" lon="-21.7642224">
    <name>POI 1564</name>
    <sym>Waypoint</sym>
  </wpt>
  <wpt lat="66.1962833" lon="-21.8820554">
    <name>POI 1565</name>
    <sym>Waypoint</sym>
  </wpt>
  <wpt lat="66.334927" lon="-22.2808201">
    <name>POI 1566</name>
    <sym>Waypoint</sym>
  </wpt>
  <wpt lat="63.8493623" lon="-19.2128372">
    <name>POI 1567</name>
    <sym>Waypoint</sym>
  </wpt>
  <wpt lat="63.7988832" lon="-18.954494">
    <name>POI 1568</name>
    <sym>Waypoint</sym>
  </wpt>
  <wpt lat="63.7109129" lon="-18.7223821">
    <name>POI 1569</name>
    <sym>Waypoint</sym>
  </wpt>
  <wpt lat="63.6925491" lon="-18.7376072">
    <name>POI 1570</name>
    <sym>Waypoint</sym>
  </wpt>
  <wpt lat="63.9000288" lon="-19.330162">
    <name>POI 1571</name>
    <sym>Waypoint</sym>
  </wpt>
  <wpt lat="63.9042469" lon="-19.3539774">
    <name>POI 1572</name>
    <sym>Waypoint</sym>
  </wpt>
  <wpt lat="63.8892787" lon="-19.3121681">
    <name>POI 1573</name>
    <sym>Waypoint</sym>
  </wpt>
  <wpt lat="63.8909673" lon="-19.3160218">
    <name>POI 1574</name>
    <sym>Waypoint</sym>
  </wpt>
  <wpt lat="63.8851391" lon="-19.2786576">
    <name>POI 1575</name>
    <sym>Waypoint</sym>
  </wpt>
  <wpt lat="63.8811908" lon="-19.1984075">
    <name>POI 1576</name>
    <sym>Waypoint</sym>
  </wpt>
  <wpt lat="63.8340626" lon="-19.2087426">
    <name>POI 1577</name>
    <sym>Waypoint</sym>
  </wpt>
  <wpt lat="63.7985726" lon="-18.9527311">
    <name>POI 1578</name>
    <sym>Waypoint</sym>
  </wpt>
  <wpt lat="63.884467" lon="-19.4879984">
    <name>POI 1579</name>
    <sym>Waypoint</sym>
  </wpt>
  <wpt lat="64.1332283" lon="-19.5012316">
    <name>POI 1580</name>
    <sym>Waypoint</sym>
  </wpt>
  <wpt lat="64.1394916" lon="-19.4673857">
    <name>POI 1581</name>
    <sym>Waypoint</sym>
  </wpt>
  <wpt lat="64.1181674" lon="-19.3373926">
    <name>POI 1582</name>
    <sym>Waypoint</sym>
  </wpt>
  <wpt lat="64.1172995" lon="-19.3331641">
    <name>POI 1583</name>
    <sym>Waypoint</sym>
  </wpt>
  <wpt lat="65.6525721" lon="-14.9231825">
    <name>POI 1584</name>
    <sym>Waypoint</sym>
  </wpt>
  <wpt lat="63.8312461" lon="-19.4067195">
    <name>POI 1585</name>
    <sym>Waypoint</sym>
  </wpt>
  <wpt lat="65.5136661" lon="-15.9854445">
    <name>POI 1586</name>
    <sym>Waypoint</sym>
  </wpt>
  <wpt lat="64.339556" lon="-21.5826562">
    <name>POI 1587</name>
    <sym>Waypoint</sym>
  </wpt>
  <wpt lat="64.2049337" lon="-21.6357523">
    <name>POI 1588</name>
    <sym>Waypoint</sym>
  </wpt>
  <wpt lat="63.7858819" lon="-18.154631">
    <name>POI 1589</name>
    <sym>Waypoint</sym>
  </wpt>
  <wpt lat="65.8913741" lon="-19.2277455">
    <name>POI 1590</name>
    <sym>Waypoint</sym>
  </wpt>
  <wpt lat="63.6899692" lon="-20.070624">
    <name>POI 1591</name>
    <sym>Waypoint</sym>
  </wpt>
  <wpt lat="63.6905545" lon="-20.0583218">
    <name>POI 1592</name>
    <sym>Waypoint</sym>
  </wpt>
  <wpt lat="63.6894372" lon="-20.0473836">
    <name>POI 1593</name>
    <sym>Waypoint</sym>
  </wpt>
  <wpt lat="63.6922131" lon="-20.0248543">
    <name>POI 1594</name>
    <sym>Waypoint</sym>
  </wpt>
  <wpt lat="63.6965808" lon="-20.0148134">
    <name>POI 1595</name>
    <sym>Waypoint</sym>
  </wpt>
  <wpt lat="65.0158266" lon="-19.5099324">
    <name>POI 1596</name>
    <sym>Waypoint</sym>
  </wpt>
  <wpt lat="65.2322644" lon="-19.6821919">
    <name>POI 1597</name>
    <sym>Waypoint</sym>
  </wpt>
  <wpt lat="64.5348308" lon="-18.6837119">
    <name>POI 1598</name>
    <sym>Waypoint</sym>
  </wpt>
  <wpt lat="64.5209041" lon="-18.7822195">
    <name>POI 1599</name>
    <sym>Waypoint</sym>
  </wpt>
  <wpt lat="64.5119409" lon="-18.8156688">
    <name>POI 1600</name>
    <sym>Waypoint</sym>
  </wpt>
  <wpt lat="64.4754668" lon="-18.8815573">
    <name>POI 1601</name>
    <sym>Waypoint</sym>
  </wpt>
  <wpt lat="64.4632438" lon="-18.873836">
    <name>POI 1602</name>
    <sym>Waypoint</sym>
  </wpt>
  <wpt lat="64.4610469" lon="-18.8892973">
    <name>POI 1603</name>
    <sym>Waypoint</sym>
  </wpt>
  <wpt lat="64.6420697" lon="-19.2953675">
    <name>POI 1604</name>
    <sym>Waypoint</sym>
  </wpt>
  <wpt lat="64.9270497" lon="-21.74344">
    <name>POI 1605</name>
    <sym>Waypoint</sym>
  </wpt>
  <wpt lat="64.9104973" lon="-21.7576075">
    <name>POI 1606</name>
    <sym>Waypoint</sym>
  </wpt>
  <wpt lat="64.8929559" lon="-21.7630094">
    <name>POI 1607</name>
    <sym>Waypoint</sym>
  </wpt>
  <wpt lat="65.3440049" lon="-22.0652247">
    <name>POI 1608</name>
    <sym>Waypoint</sym>
  </wpt>
  <wpt lat="63.6791044" lon="-19.5216056">
    <name>POI 1609</name>
    <sym>Waypoint</sym>
  </wpt>
  <wpt lat="64.300953" lon="-15.6618774">
    <name>POI 1610</name>
    <sym>Waypoint</sym>
  </wpt>
  <wpt lat="65.2308597" lon="-16.1852097">
    <name>POI 1611</name>
    <sym>Waypoint</sym>
  </wpt>
  <wpt lat="63.7019374" lon="-18.5221276">
    <name>POI 1612</name>
    <sym>Waypoint</sym>
  </wpt>
  <wpt lat="64.7652092" lon="-19.384692">
    <name>POI 1613</name>
    <sym>Waypoint</sym>
  </wpt>
  <wpt lat="63.9937733" lon="-19.0600828">
    <name>POI 1614</name>
    <sym>Waypoint</sym>
  </wpt>
  <wpt lat="65.8127613" lon="-21.7819536">
    <name>POI 1615</name>
    <sym>Waypoint</sym>
  </wpt>
  <wpt lat="65.9272609" lon="-21.6038225">
    <name>POI 1616</name>
    <sym>Waypoint</sym>
  </wpt>
  <wpt lat="65.9373129" lon="-21.5709647">
    <name>POI 1617</name>
    <sym>Waypoint</sym>
  </wpt>
  <wpt lat="65.8317051" lon="-21.7973124">
    <name>POI 1618</name>
    <sym>Waypoint</sym>
  </wpt>
  <wpt lat="65.9159423" lon="-21.62958">
    <name>POI 1619</name>
    <sym>Waypoint</sym>
  </wpt>
  <wpt lat="65.9228035" lon="-21.6250613">
    <name>POI 1620</name>
    <sym>Waypoint</sym>
  </wpt>
  <wpt lat="64.783072" lon="-21.0187429">
    <name>POI 1621</name>
    <sym>Waypoint</sym>
  </wpt>
  <wpt lat="64.0923659" lon="-21.0493439">
    <name>POI 1622</name>
    <sym>Waypoint</sym>
  </wpt>
  <wpt lat="64.5380301" lon="-21.3357659">
    <name>POI 1623</name>
    <sym>Waypoint</sym>
  </wpt>
  <wpt lat="64.5233238" lon="-20.8783398">
    <name>POI 1624</name>
    <sym>Waypoint</sym>
  </wpt>
  <wpt lat="64.9422827" lon="-21.7434594">
    <name>POI 1625</name>
    <sym>Waypoint</sym>
  </wpt>
  <wpt lat="64.9462347" lon="-21.7416738">
    <name>POI 1626</name>
    <sym>Waypoint</sym>
  </wpt>
  <wpt lat="65.8672216" lon="-22.5857444">
    <name>POI 1627</name>
    <sym>Waypoint</sym>
  </wpt>
  <wpt lat="65.8350438" lon="-22.7264167">
    <name>POI 1628</name>
    <sym>Waypoint</sym>
  </wpt>
  <wpt lat="65.2227982" lon="-21.6337793">
    <name>POI 1629</name>
    <sym>Waypoint</sym>
  </wpt>
  <wpt lat="65.2203046" lon="-21.6377649">
    <name>POI 1630</name>
    <sym>Waypoint</sym>
  </wpt>
  <wpt lat="65.2283261" lon="-21.6254903">
    <name>POI 1631</name>
    <sym>Waypoint</sym>
  </wpt>
  <wpt lat="65.2318267" lon="-21.6157619">
    <name>POI 1632</name>
    <sym>Waypoint</sym>
  </wpt>
  <wpt lat="65.2839293" lon="-21.5544335">
    <name>POI 1633</name>
    <sym>Waypoint</sym>
  </wpt>
  <wpt lat="65.2830955" lon="-21.5567361">
    <name>POI 1634</name>
    <sym>Waypoint</sym>
  </wpt>
  <wpt lat="65.2793468" lon="-21.5713884">
    <name>POI 1635</name>
    <sym>Waypoint</sym>
  </wpt>
  <wpt lat="65.2682674" lon="-21.5899957">
    <name>POI 1636</name>
    <sym>Waypoint</sym>
  </wpt>
  <wpt lat="65.2608202" lon="-21.5930078">
    <name>POI 1637</name>
    <sym>Waypoint</sym>
  </wpt>
  <wpt lat="65.2594312" lon="-21.5954411">
    <name>POI 1638</name>
    <sym>Waypoint</sym>
  </wpt>
  <wpt lat="65.261459" lon="-21.5924405">
    <name>POI 1639</name>
    <sym>Waypoint</sym>
  </wpt>
  <wpt lat="65.274227" lon="-21.5828324">
    <name>POI 1640</name>
    <sym>Waypoint</sym>
  </wpt>
  <wpt lat="64.8413237" lon="-23.3013804">
    <name>POI 1641</name>
    <sym>Waypoint</sym>
  </wpt>
  <wpt lat="65.2061363" lon="-21.6572891">
    <name>POI 1642</name>
    <sym>Waypoint</sym>
  </wpt>
  <wpt lat="65.2123803" lon="-21.6494299">
    <name>POI 1643</name>
    <sym>Waypoint</sym>
  </wpt>
  <wpt lat="65.2270551" lon="-21.6136119">
    <name>POI 1644</name>
    <sym>Waypoint</sym>
  </wpt>
  <wpt lat="65.2323414" lon="-21.6111805">
    <name>POI 1645</name>
    <sym>Waypoint</sym>
  </wpt>
  <wpt lat="65.2296967" lon="-21.5866851">
    <name>POI 1646</name>
    <sym>Waypoint</sym>
  </wpt>
  <wpt lat="65.3516865" lon="-21.179891">
    <name>POI 1647</name>
    <sym>Waypoint</sym>
  </wpt>
  <wpt lat="66.2507859" lon="-22.0629661">
    <name>POI 1648</name>
    <sym>Waypoint</sym>
  </wpt>
  <wpt lat="65.338357" lon="-14.3157381">
    <name>POI 1649</name>
    <sym>Waypoint</sym>
  </wpt>
  <wpt lat="66.0729139" lon="-18.0792233">
    <name>POI 1650</name>
    <sym>Waypoint</sym>
  </wpt>
  <wpt lat="66.129386" lon="-18.0748668">
    <name>POI 1651</name>
    <sym>Waypoint</sym>
  </wpt>
  <wpt lat="66.1295984" lon="-18.0747129">
    <name>POI 1652</name>
    <sym>Waypoint</sym>
  </wpt>
  <wpt lat="66.0869072" lon="-18.0807763">
    <name>POI 1653</name>
    <sym>Waypoint</sym>
  </wpt>
  <wpt lat="66.0147746" lon="-18.2614937">
    <name>POI 1654</name>
    <sym>Waypoint</sym>
  </wpt>
  <wpt lat="66.1801464" lon="-23.4749462">
    <name>POI 1655</name>
    <sym>Waypoint</sym>
  </wpt>
  <wpt lat="65.232572" lon="-20.8879226">
    <name>POI 1656</name>
    <sym>Waypoint</sym>
  </wpt>
  <wpt lat="65.2511305" lon="-20.6227265">
    <name>POI 1657</name>
    <sym>Waypoint</sym>
  </wpt>
  <wpt lat="65.8466393" lon="-18.5977769">
    <name>POI 1658</name>
    <sym>Waypoint</sym>
  </wpt>
  <wpt lat="65.8461368" lon="-18.5974234">
    <name>POI 1659</name>
    <sym>Waypoint</sym>
  </wpt>
  <wpt lat="65.0288696" lon="-22.2504097">
    <name>POI 1660</name>
    <sym>Waypoint</sym>
  </wpt>
  <wpt lat="65.8916702" lon="-19.236275">
    <name>POI 1661</name>
    <sym>Waypoint</sym>
  </wpt>
  <wpt lat="66.2691989" lon="-22.3627003">
    <name>POI 1662</name>
    <sym>Waypoint</sym>
  </wpt>
  <wpt lat="66.2608848" lon="-22.3490229">
    <name>POI 1663</name>
    <sym>Waypoint</sym>
  </wpt>
  <wpt lat="65.6025364" lon="-17.7661565">
    <name>POI 1664</name>
    <sym>Waypoint</sym>
  </wpt>
  <wpt lat="65.6036927" lon="-17.7680834">
    <name>POI 1665</name>
    <sym>Waypoint</sym>
  </wpt>
  <wpt lat="64.1493611" lon="-19.752274">
    <name>POI 1666</name>
    <sym>Waypoint</sym>
  </wpt>
  <wpt lat="63.8955826" lon="-22.0549034">
    <name>POI 1667</name>
    <sym>Waypoint</sym>
  </wpt>
  <wpt lat="63.8954563" lon="-22.056552">
    <name>POI 1668</name>
    <sym>Waypoint</sym>
  </wpt>
  <wpt lat="64.2674108" lon="-20.5077894">
    <name>POI 1669</name>
    <sym>Waypoint</sym>
  </wpt>
  <wpt lat="63.8725309" lon="-18.9134882">
    <name>POI 1670</name>
    <sym>Waypoint</sym>
  </wpt>
  <wpt lat="63.8905306" lon="-18.7437165">
    <name>POI 1671</name>
    <sym>Waypoint</sym>
  </wpt>
  <wpt lat="63.9371808" lon="-18.7222197">
    <name>POI 1672</name>
    <sym>Waypoint</sym>
  </wpt>
  <wpt lat="63.9516963" lon="-18.7360481">
    <name>POI 1673</name>
    <sym>Waypoint</sym>
  </wpt>
  <wpt lat="63.980141" lon="-18.5242315">
    <name>POI 1674</name>
    <sym>Waypoint</sym>
  </wpt>
  <wpt lat="64.0919489" lon="-18.6552757">
    <name>POI 1675</name>
    <desc>depth: 0.3</desc>
    <sym>Waypoint</sym>
  </wpt>
  <wpt lat="64.0918498" lon="-18.6531519">
    <name>POI 1676</name>
    <desc>depth: 0.3</desc>
    <sym>Waypoint</sym>
  </wpt>
  <wpt lat="64.0906529" lon="-18.650118">
    <name>POI 1677</name>
    <desc>depth: 0.3</desc>
    <sym>Waypoint</sym>
  </wpt>
  <wpt lat="64.0378415" lon="-18.6905802">
    <name>POI 1678</name>
    <sym>Waypoint</sym>
  </wpt>
  <wpt lat="64.0402939" lon="-18.6848963">
    <name>POI 1679</name>
    <sym>Waypoint</sym>
  </wpt>
  <wpt lat="64.0275156" lon="-18.8082508">
    <name>POI 1680</name>
    <sym>Waypoint</sym>
  </wpt>
  <wpt lat="64.0260147" lon="-18.8081544">
    <name>POI 1681</name>
    <sym>Waypoint</sym>
  </wpt>
  <wpt lat="64.0007077" lon="-18.9148002">
    <name>POI 1682</name>
    <sym>Waypoint</sym>
  </wpt>
  <wpt lat="64.0008771" lon="-18.8930136">
    <name>POI 1683</name>
    <sym>Waypoint</sym>
  </wpt>
  <wpt lat="64.3830913" lon="-21.265957">
    <name>POI 1684</name>
    <sym>Waypoint</sym>
  </wpt>
  <wpt lat="64.0935644" lon="-21.6449295">
    <name>POI 1685</name>
    <sym>Waypoint</sym>
  </wpt>
  <wpt lat="63.8388653" lon="-18.8387772">
    <name>POI 1686</name>
    <sym>Waypoint</sym>
  </wpt>
  <wpt lat="63.875271" lon="-18.9442471">
    <name>POI 1687</name>
    <sym>Waypoint</sym>
  </wpt>
  <wpt lat="63.8755205" lon="-18.9448368">
    <name>POI 1688</name>
    <sym>Waypoint</sym>
  </wpt>
  <wpt lat="63.8752318" lon="-18.9441955">
    <name>POI 1689</name>
    <sym>Waypoint</sym>
  </wpt>
  <wpt lat="63.8213853" lon="-20.3956763">
    <name>POI 1690</name>
    <sym>Waypoint</sym>
  </wpt>
  <wpt lat="63.9404445" lon="-20.8081851">
    <name>POI 1691</name>
    <sym>Waypoint</sym>
  </wpt>
  <wpt lat="64.9476037" lon="-22.2043186">
    <name>POI 1692</name>
    <sym>Waypoint</sym>
  </wpt>
  <wpt lat="64.0372007" lon="-20.3044641">
    <name>POI 1693</name>
    <sym>Waypoint</sym>
  </wpt>
  <wpt lat="65.1879326" lon="-14.0159358">
    <name>POI 1694</name>
    <sym>Waypoint</sym>
  </wpt>
  <wpt lat="63.5652659" lon="-19.8650312">
    <name>POI 1695</name>
    <sym>Waypoint</sym>
  </wpt>
  <wpt lat="65.3424383" lon="-19.9512926">
    <name>POI 1696</name>
    <sym>Waypoint</sym>
  </wpt>
  <wpt lat="65.9333365" lon="-16.5590277">
    <name>POI 1697</name>
    <sym>Waypoint</sym>
  </wpt>
  <wpt lat="64.2173646" lon="-19.6817819">
    <name>POI 1698</name>
    <sym>Waypoint</sym>
  </wpt>
  <wpt lat="63.8358765" lon="-22.1003336">
    <name>POI 1699</name>
    <sym>Waypoint</sym>
  </wpt>
  <wpt lat="64.2838656" lon="-21.3998983">
    <name>POI 1700</name>
    <sym>Waypoint</sym>
  </wpt>
  <wpt lat="64.8154321" lon="-19.7077859">
    <name>POI 1701</name>
    <sym>Waypoint</sym>
  </wpt>
  <wpt lat="64.2442452" lon="-21.8116139">
    <name>POI 1702</name>
    <sym>Waypoint</sym>
  </wpt>
  <wpt lat="63.9622327" lon="-18.6039642">
    <name>POI 1703</name>
    <sym>Waypoint</sym>
  </wpt>
  <wpt lat="64.3729107" lon="-20.1276371">
    <name>POI 1704</name>
    <sym>Waypoint</sym>
  </wpt>
  <wpt lat="64.692962" lon="-19.2829352">
    <name>POI 1705</name>
    <sym>Waypoint</sym>
  </wpt>
  <wpt lat="64.423394" lon="-15.3914832">
    <name>POI 1706</name>
    <sym>Waypoint</sym>
  </wpt>
  <wpt lat="64.4359552" lon="-15.4059316">
    <name>POI 1707</name>
    <sym>Waypoint</sym>
  </wpt>
  <wpt lat="64.4883806" lon="-15.3482551">
    <name>POI 1708</name>
    <sym>Waypoint</sym>
  </wpt>
  <wpt lat="64.4802388" lon="-15.3170188">
    <name>POI 1709</name>
    <sym>Waypoint</sym>
  </wpt>
  <wpt lat="64.4882165" lon="-15.3177614">
    <name>POI 1710</name>
    <sym>Waypoint</sym>
  </wpt>
  <wpt lat="64.4878499" lon="-15.3161287">
    <name>POI 1711</name>
    <sym>Waypoint</sym>
  </wpt>
  <wpt lat="64.2429164" lon="-20.553714">
    <name>POI 1712</name>
    <sym>Waypoint</sym>
  </wpt>
  <wpt lat="64.2416944" lon="-20.5545567">
    <name>POI 1713</name>
    <sym>Waypoint</sym>
  </wpt>
  <wpt lat="64.0819123" lon="-21.0815695">
    <name>POI 1714</name>
    <sym>Waypoint</sym>
  </wpt>
  <wpt lat="64.0817378" lon="-21.0828297">
    <name>POI 1715</name>
    <sym>Waypoint</sym>
  </wpt>
  <wpt lat="64.3035458" lon="-20.1307189">
    <name>POI 1716</name>
    <sym>Waypoint</sym>
  </wpt>
  <wpt lat="64.0086489" lon="-20.986802">
    <name>POI 1717</name>
    <sym>Waypoint</sym>
  </wpt>
  <wpt lat="64.2730529" lon="-21.810931">
    <name>POI 1718</name>
    <sym>Waypoint</sym>
  </wpt>
  <wpt lat="65.5765854" lon="-19.8795033">
    <name>POI 1719</name>
    <sym>Waypoint</sym>
  </wpt>
  <wpt lat="63.9037412" lon="-22.0073734">
    <name>POI 1720</name>
    <sym>Waypoint</sym>
  </wpt>
  <wpt lat="64.6949416" lon="-20.8501707">
    <name>POI 1721</name>
    <sym>Waypoint</sym>
  </wpt>
  <wpt lat="66.2705705" lon="-22.3627513">
    <name>POI 1722</name>
    <sym>Waypoint</sym>
  </wpt>
  <wpt lat="63.6799288" lon="-19.5076691">
    <name>POI 1723</name>
    <sym>Waypoint</sym>
  </wpt>
  <wpt lat="64.0358827" lon="-20.315356">
    <name>POI 1724</name>
    <sym>Waypoint</sym>
  </wpt>
  <wpt lat="66.1587809" lon="-18.8659282">
    <name>POI 1725</name>
    <sym>Waypoint</sym>
  </wpt>
  <wpt lat="66.1016459" lon="-19.063189">
    <name>POI 1726</name>
    <sym>Waypoint</sym>
  </wpt>
  <wpt lat="65.2785644" lon="-15.4577208">
    <name>POI 1727</name>
    <sym>Waypoint</sym>
  </wpt>
  <wpt lat="63.67123" lon="-19.5421158">
    <name>POI 1728</name>
    <sym>Waypoint</sym>
  </wpt>
  <wpt lat="64.1757178" lon="-21.6861963">
    <name>POI 1729</name>
    <sym>Waypoint</sym>
  </wpt>
  <wpt lat="63.5295035" lon="-18.8870585">
    <name>POI 1730</name>
    <sym>Waypoint</sym>
  </wpt>
  <wpt lat="64.0519667" lon="-21.2364798">
    <name>POI 1731</name>
    <sym>Waypoint</sym>
  </wpt>
  <wpt lat="65.3029752" lon="-13.9101577">
    <name>POI 1732</name>
    <sym>Waypoint</sym>
  </wpt>
  <wpt lat="65.3149308" lon="-13.9063715">
    <name>POI 1733</name>
    <sym>Waypoint</sym>
  </wpt>
  <wpt lat="65.3162465" lon="-13.9072698">
    <name>POI 1734</name>
    <sym>Waypoint</sym>
  </wpt>
  <wpt lat="66.0349409" lon="-16.0190535">
    <name>POI 1735</name>
    <sym>Waypoint</sym>
  </wpt>
  <wpt lat="64.1382541" lon="-19.4485478">
    <name>POI 1736</name>
    <sym>Waypoint</sym>
  </wpt>
  <wpt lat="64.1224861" lon="-19.4346121">
    <name>POI 1737</name>
    <sym>Waypoint</sym>
  </wpt>
  <wpt lat="64.1198242" lon="-19.4427665">
    <name>POI 1738</name>
    <sym>Waypoint</sym>
  </wpt>
  <wpt lat="64.1167696" lon="-19.4436809">
    <name>POI 1739</name>
    <sym>Waypoint</sym>
  </wpt>
  <wpt lat="64.1390648" lon="-19.4593027">
    <name>POI 1740</name>
    <sym>Waypoint</sym>
  </wpt>
  <wpt lat="64.1392131" lon="-19.4614749">
    <name>POI 1741</name>
    <sym>Waypoint</sym>
  </wpt>
  <wpt lat="64.1308077" lon="-19.5253292">
    <name>POI 1742</name>
    <sym>Waypoint</sym>
  </wpt>
  <wpt lat="64.1330439" lon="-19.5025203">
    <name>POI 1743</name>
    <sym>Waypoint</sym>
  </wpt>
  <wpt lat="64.1330464" lon="-19.5103721">
    <name>POI 1744</name>
    <sym>Waypoint</sym>
  </wpt>
  <wpt lat="64.1328176" lon="-19.5140709">
    <name>POI 1745</name>
    <sym>Waypoint</sym>
  </wpt>
  <wpt lat="65.5230913" lon="-18.5876763">
    <name>POI 1746</name>
    <sym>Waypoint</sym>
  </wpt>
  <wpt lat="65.5230683" lon="-18.5877297">
    <name>POI 1747</name>
    <sym>Waypoint</sym>
  </wpt>
  <wpt lat="65.5416002" lon="-18.5605061">
    <name>POI 1748</name>
    <sym>Waypoint</sym>
  </wpt>
  <wpt lat="65.5805651" lon="-23.5755417">
    <name>POI 1749</name>
    <sym>Waypoint</sym>
  </wpt>
  <wpt lat="65.5797257" lon="-23.5647341">
    <name>POI 1750</name>
    <sym>Waypoint</sym>
  </wpt>
  <wpt lat="65.5805962" lon="-23.5739152">
    <name>POI 1751</name>
    <sym>Waypoint</sym>
  </wpt>
  <wpt lat="65.5775188" lon="-23.5381377">
    <name>POI 1752</name>
    <sym>Waypoint</sym>
  </wpt>
  <wpt lat="63.6800731" lon="-19.6303262">
    <name>POI 1753</name>
    <sym>Waypoint</sym>
  </wpt>
  <wpt lat="65.0036719" lon="-18.8942169">
    <name>POI 1754</name>
    <sym>Waypoint</sym>
  </wpt>
  <wpt lat="64.9845292" lon="-18.9535283">
    <name>POI 1755</name>
    <sym>Waypoint</sym>
  </wpt>
  <wpt lat="64.9843333" lon="-18.9521223">
    <name>POI 1756</name>
    <sym>Waypoint</sym>
  </wpt>
  <wpt lat="64.9795757" lon="-18.9635598">
    <name>POI 1757</name>
    <sym>Waypoint</sym>
  </wpt>
  <wpt lat="64.1857607" lon="-19.7278512">
    <name>POI 1758</name>
    <sym>Waypoint</sym>
  </wpt>
  <wpt lat="64.1921623" lon="-19.7136891">
    <name>POI 1759</name>
    <sym>Waypoint</sym>
  </wpt>
  <wpt lat="64.1956611" lon="-19.7118276">
    <name>POI 1760</name>
    <sym>Waypoint</sym>
  </wpt>
  <wpt lat="64.1975407" lon="-19.7089221">
    <name>POI 1761</name>
    <sym>Waypoint</sym>
  </wpt>
  <wpt lat="64.1758444" lon="-20.4717017">
    <name>POI 1762</name>
    <sym>Waypoint</sym>
  </wpt>
  <wpt lat="64.2885868" lon="-15.1424131">
    <name>POI 1763</name>
    <sym>Waypoint</sym>
  </wpt>
  <wpt lat="63.963135" lon="-19.2872004">
    <name>POI 1764</name>
    <sym>Waypoint</sym>
  </wpt>
  <wpt lat="64.0854604" lon="-18.4740901">
    <name>POI 1765</name>
    <sym>Waypoint</sym>
  </wpt>
  <wpt lat="64.0595174" lon="-18.5327748">
    <name>POI 1766</name>
    <sym>Waypoint</sym>
  </wpt>
  <wpt lat="63.9676667" lon="-19.2366448">
    <name>POI 1767</name>
    <sym>Waypoint</sym>
  </wpt>
  <wpt lat="63.9674901" lon="-19.2327502">
    <name>POI 1768</name>
    <sym>Waypoint</sym>
  </wpt>
  <wpt lat="66.0443085" lon="-17.2510886">
    <name>POI 1769</name>
    <sym>Waypoint</sym>
  </wpt>
  <wpt lat="65.7995969" lon="-18.9747368">
    <name>POI 1770</name>
    <sym>Waypoint</sym>
  </wpt>
  <wpt lat="66.2048065" lon="-22.4925971">
    <name>POI 1771</name>
    <sym>Waypoint</sym>
  </wpt>
  <wpt lat="65.8160433" lon="-18.975803">
    <name>POI 1772</name>
    <sym>Waypoint</sym>
  </wpt>
  <wpt lat="65.8129515" lon="-18.9728663">
    <name>POI 1773</name>
    <sym>Waypoint</sym>
  </wpt>
  <wpt lat="65.8473993" lon="-19.2091481">
    <name>POI 1774</name>
    <sym>Waypoint</sym>
  </wpt>
  <wpt lat="65.8470427" lon="-19.2073058">
    <name>POI 1775</name>
    <sym>Waypoint</sym>
  </wpt>
  <wpt lat="65.7397794" lon="-19.6374464">
    <name>POI 1776</name>
    <sym>Waypoint</sym>
  </wpt>
  <wpt lat="65.6633659" lon="-19.0846391">
    <name>POI 1777</name>
    <sym>Waypoint</sym>
  </wpt>
  <wpt lat="64.260134" lon="-14.9868598">
    <name>POI 1778</name>
    <sym>Waypoint</sym>
  </wpt>
  <wpt lat="64.4924739" lon="-18.6014903">
    <name>POI 1779</name>
    <sym>Waypoint</sym>
  </wpt>
  <wpt lat="65.7736131" lon="-19.0012034">
    <name>POI 1780</name>
    <sym>Waypoint</sym>
  </wpt>
  <wpt lat="65.7745279" lon="-19.0007053">
    <name>POI 1781</name>
    <sym>Waypoint</sym>
  </wpt>
  <wpt lat="64.3298854" lon="-15.1975015">
    <name>POI 1782</name>
    <sym>Waypoint</sym>
  </wpt>
  <wpt lat="63.912736" lon="-19.3890089">
    <name>POI 1783</name>
    <sym>Waypoint</sym>
  </wpt>
  <wpt lat="63.8837653" lon="-19.4801862">
    <name>POI 1784</name>
    <sym>Waypoint</sym>
  </wpt>
  <wpt lat="64.0630598" lon="-19.9818942">
    <name>POI 1785</name>
    <sym>Waypoint</sym>
  </wpt>
  <wpt lat="64.0615695" lon="-19.9847368">
    <name>POI 1786</name>
    <sym>Waypoint</sym>
  </wpt>
  <wpt lat="64.0282435" lon="-19.1575805">
    <name>POI 1787</name>
    <sym>Waypoint</sym>
  </wpt>
  <wpt lat="63.8378058" lon="-19.8106818">
    <name>POI 1788</name>
    <sym>Waypoint</sym>
  </wpt>
  <wpt lat="63.783934" lon="-20.0212081">
    <name>POI 1789</name>
    <sym>Waypoint</sym>
  </wpt>
  <wpt lat="63.9105523" lon="-18.6570979">
    <name>POI 1790</name>
    <sym>Waypoint</sym>
  </wpt>
  <wpt lat="63.8925673" lon="-18.7458537">
    <name>POI 1791</name>
    <sym>Waypoint</sym>
  </wpt>
  <wpt lat="63.9688478" lon="-19.2369122">
    <name>POI 1792</name>
    <sym>Waypoint</sym>
  </wpt>
  <wpt lat="63.7877474" lon="-19.3811181">
    <name>POI 1793</name>
    <sym>Waypoint</sym>
  </wpt>
  <wpt lat="63.7903852" lon="-19.3805397">
    <name>POI 1794</name>
    <sym>Waypoint</sym>
  </wpt>
  <wpt lat="63.8435054" lon="-19.5472828">
    <name>POI 1795</name>
    <sym>Waypoint</sym>
  </wpt>
  <wpt lat="64.3259061" lon="-21.5100046">
    <name>POI 1796</name>
    <sym>Waypoint</sym>
  </wpt>
  <wpt lat="63.7200016" lon="-19.9411207">
    <name>POI 1797</name>
    <sym>Waypoint</sym>
  </wpt>
  <wpt lat="63.7135187" lon="-19.9352997">
    <name>POI 1798</name>
    <sym>Waypoint</sym>
  </wpt>
  <wpt lat="63.7135064" lon="-19.942374">
    <name>POI 1799</name>
    <sym>Waypoint</sym>
  </wpt>
  <wpt lat="63.7216642" lon="-19.9572059">
    <name>POI 1800</name>
    <sym>Waypoint</sym>
  </wpt>
  <wpt lat="63.7208997" lon="-19.9582099">
    <name>POI 1801</name>
    <sym>Waypoint</sym>
  </wpt>
  <wpt lat="64.6457355" lon="-18.637321">
    <name>POI 1802</name>
    <sym>Waypoint</sym>
  </wpt>
  <wpt lat="64.6415641" lon="-18.644283">
    <name>POI 1803</name>
    <sym>Waypoint</sym>
  </wpt>
  <wpt lat="64.3305825" lon="-15.2310629">
    <name>POI 1804</name>
    <sym>Waypoint</sym>
  </wpt>
  <wpt lat="64.3318514" lon="-15.231895">
    <name>POI 1805</name>
    <sym>Waypoint</sym>
  </wpt>
  <wpt lat="64.3337781" lon="-15.2373164">
    <name>POI 1806</name>
    <sym>Waypoint</sym>
  </wpt>
  <wpt lat="64.3336896" lon="-15.2377308">
    <name>POI 1807</name>
    <sym>Waypoint</sym>
  </wpt>
  <wpt lat="64.310171" lon="-15.2592076">
    <name>POI 1808</name>
    <sym>Waypoint</sym>
  </wpt>
  <wpt lat="64.3618334" lon="-15.2633205">
    <name>POI 1809</name>
    <sym>Waypoint</sym>
  </wpt>
  <wpt lat="64.8401573" lon="-23.7724087">
    <name>POI 1810</name>
    <sym>Waypoint</sym>
  </wpt>
  <wpt lat="65.6617427" lon="-20.7435654">
    <name>POI 1811</name>
    <sym>Waypoint</sym>
  </wpt>
  <wpt lat="65.6709194" lon="-20.6517854">
    <name>POI 1812</name>
    <sym>Waypoint</sym>
  </wpt>
  <wpt lat="65.6683621" lon="-20.6576189">
    <name>POI 1813</name>
    <sym>Waypoint</sym>
  </wpt>
  <wpt lat="65.676726" lon="-20.7028321">
    <name>POI 1814</name>
    <sym>Waypoint</sym>
  </wpt>
  <wpt lat="65.6770384" lon="-20.7036008">
    <name>POI 1815</name>
    <sym>Waypoint</sym>
  </wpt>
  <wpt lat="63.5775389" lon="-19.4452389">
    <name>POI 1816</name>
    <sym>Waypoint</sym>
  </wpt>
  <wpt lat="65.9255069" lon="-18.5638727">
    <name>POI 1817</name>
    <sym>Waypoint</sym>
  </wpt>
  <wpt lat="64.3448608" lon="-15.5117082">
    <name>POI 1818</name>
    <sym>Waypoint</sym>
  </wpt>
  <wpt lat="64.3448207" lon="-15.5118134">
    <name>POI 1819</name>
    <sym>Waypoint</sym>
  </wpt>
  <wpt lat="64.3466248" lon="-15.4965268">
    <name>POI 1820</name>
    <sym>Waypoint</sym>
  </wpt>
  <wpt lat="64.3414974" lon="-15.4674866">
    <name>POI 1821</name>
    <sym>Waypoint</sym>
  </wpt>
  <wpt lat="64.2013688" lon="-20.743563">
    <name>POI 1822</name>
    <sym>Waypoint</sym>
  </wpt>
  <wpt lat="64.3959024" lon="-21.2374797">
    <name>POI 1823</name>
    <sym>Waypoint</sym>
  </wpt>
  <wpt lat="64.9359407" lon="-16.504328">
    <name>POI 1824</name>
    <sym>Waypoint</sym>
  </wpt>
  <wpt lat="64.9359853" lon="-16.5021891">
    <name>POI 1825</name>
    <sym>Waypoint</sym>
  </wpt>
  <wpt lat="64.9062251" lon="-22.1122545">
    <name>POI 1826</name>
    <sym>Waypoint</sym>
  </wpt>
  <wpt lat="64.0634627" lon="-21.3478583">
    <name>POI 1827</name>
    <sym>Waypoint</sym>
  </wpt>
  <wpt lat="64.0641295" lon="-21.3451535">
    <name>POI 1828</name>
    <sym>Waypoint</sym>
  </wpt>
  <wpt lat="64.0624681" lon="-21.3395321">
    <name>POI 1829</name>
    <sym>Waypoint</sym>
  </wpt>
  <wpt lat="64.066558" lon="-21.3270027">
    <name>POI 1830</name>
    <sym>Waypoint</sym>
  </wpt>
  <wpt lat="64.0642644" lon="-21.3318859">
    <name>POI 1831</name>
    <sym>Waypoint</sym>
  </wpt>
  <wpt lat="63.9319276" lon="-19.030364">
    <name>POI 1832</name>
    <sym>Waypoint</sym>
  </wpt>
  <wpt lat="64.9364941" lon="-19.52358">
    <name>POI 1833</name>
    <sym>Waypoint</sym>
  </wpt>
  <wpt lat="64.9320566" lon="-19.5188096">
    <name>POI 1834</name>
    <sym>Waypoint</sym>
  </wpt>
  <wpt lat="63.6890646" lon="-18.4873411">
    <name>POI 1835</name>
    <sym>Waypoint</sym>
  </wpt>
  <wpt lat="63.9094041" lon="-22.1143596">
    <name>POI 1836</name>
    <sym>Waypoint</sym>
  </wpt>
  <wpt lat="65.7499055" lon="-22.0851098">
    <name>POI 1837</name>
    <sym>Waypoint</sym>
  </wpt>
  <wpt lat="64.5454223" lon="-19.2388657">
    <name>POI 1838</name>
    <sym>Waypoint</sym>
  </wpt>
  <wpt lat="64.5388958" lon="-19.2982529">
    <name>POI 1839</name>
    <sym>Waypoint</sym>
  </wpt>
  <wpt lat="64.5297515" lon="-19.4904074">
    <name>POI 1840</name>
    <sym>Waypoint</sym>
  </wpt>
  <wpt lat="64.524763" lon="-19.385442">
    <name>POI 1841</name>
    <sym>Waypoint</sym>
  </wpt>
  <wpt lat="64.5196452" lon="-19.3823055">
    <name>POI 1842</name>
    <sym>Waypoint</sym>
  </wpt>
  <wpt lat="64.501755" lon="-19.413931">
    <name>POI 1843</name>
    <sym>Waypoint</sym>
  </wpt>
  <wpt lat="64.5877923" lon="-19.1029665">
    <name>POI 1844</name>
    <sym>Waypoint</sym>
  </wpt>
  <wpt lat="64.5877889" lon="-19.1008312">
    <name>POI 1845</name>
    <sym>Waypoint</sym>
  </wpt>
  <wpt lat="64.5878079" lon="-19.1042501">
    <name>POI 1846</name>
    <sym>Waypoint</sym>
  </wpt>
  <wpt lat="64.5506803" lon="-19.2075435">
    <name>POI 1847</name>
    <sym>Waypoint</sym>
  </wpt>
  <wpt lat="64.5667228" lon="-19.2637328">
    <name>POI 1848</name>
    <sym>Waypoint</sym>
  </wpt>
  <wpt lat="64.5685185" lon="-19.2831213">
    <name>POI 1849</name>
    <sym>Waypoint</sym>
  </wpt>
  <wpt lat="64.3312847" lon="-19.6584352">
    <name>POI 1850</name>
    <sym>Waypoint</sym>
  </wpt>
  <wpt lat="64.3434385" lon="-19.6274936">
    <name>POI 1851</name>
    <sym>Waypoint</sym>
  </wpt>
  <wpt lat="64.3439402" lon="-19.6257308">
    <name>POI 1852</name>
    <sym>Waypoint</sym>
  </wpt>
  <wpt lat="64.3617214" lon="-19.5866729">
    <name>POI 1853</name>
    <sym>Waypoint</sym>
  </wpt>
  <wpt lat="64.5279247" lon="-18.8757786">
    <name>POI 1854</name>
    <sym>Waypoint</sym>
  </wpt>
  <wpt lat="64.9208115" lon="-20.4949668">
    <name>POI 1855</name>
    <sym>Waypoint</sym>
  </wpt>
  <wpt lat="64.9163205" lon="-20.4475467">
    <name>POI 1856</name>
    <sym>Waypoint</sym>
  </wpt>
  <wpt lat="64.389528" lon="-14.7947002">
    <name>POI 1857</name>
    <sym>Waypoint</sym>
  </wpt>
  <wpt lat="63.5064446" lon="-18.4698247">
    <name>POI 1858</name>
    <sym>Waypoint</sym>
  </wpt>
  <wpt lat="64.4468231" lon="-14.7861105">
    <name>POI 1859</name>
    <sym>Waypoint</sym>
  </wpt>
  <wpt lat="64.43645" lon="-14.7940618">
    <name>POI 1860</name>
    <sym>Waypoint</sym>
  </wpt>
  <wpt lat="63.5264881" lon="-18.8201282">
    <name>POI 1861</name>
    <sym>Waypoint</sym>
  </wpt>
  <wpt lat="64.5043677" lon="-18.9148486">
    <name>POI 1862</name>
    <sym>Waypoint</sym>
  </wpt>
  <wpt lat="63.9788581" lon="-19.0837304">
    <name>POI 1863</name>
    <sym>Waypoint</sym>
  </wpt>
  <wpt lat="65.9035764" lon="-23.5215113">
    <name>POI 1864</name>
    <sym>Waypoint</sym>
  </wpt>
  <wpt lat="65.9031866" lon="-23.5244027">
    <name>POI 1865</name>
    <sym>Waypoint</sym>
  </wpt>
  <wpt lat="64.683983" lon="-20.861149">
    <name>POI 1866</name>
    <sym>Waypoint</sym>
  </wpt>
  <wpt lat="65.0876788" lon="-15.1021889">
    <name>POI 1867</name>
    <sym>Waypoint</sym>
  </wpt>
  <wpt lat="65.0904862" lon="-15.1240854">
    <name>POI 1868</name>
    <sym>Waypoint</sym>
  </wpt>
  <wpt lat="64.5939629" lon="-14.4828746">
    <name>POI 1869</name>
    <sym>Waypoint</sym>
  </wpt>
  <wpt lat="64.5944386" lon="-14.4830687">
    <name>POI 1870</name>
    <sym>Waypoint</sym>
  </wpt>
  <wpt lat="63.8223713" lon="-19.218109">
    <name>POI 1871</name>
    <sym>Waypoint</sym>
  </wpt>
  <wpt lat="64.0441576" lon="-21.3169417">
    <name>POI 1872</name>
    <sym>Waypoint</sym>
  </wpt>
  <wpt lat="65.1763605" lon="-22.3625713">
    <name>POI 1873</name>
    <sym>Waypoint</sym>
  </wpt>
  <wpt lat="64.2087674" lon="-21.5969485">
    <name>POI 1874</name>
    <sym>Waypoint</sym>
  </wpt>
  <wpt lat="64.2331539" lon="-19.7413632">
    <name>POI 1875</name>
    <sym>Waypoint</sym>
  </wpt>
  <wpt lat="64.2396981" lon="-19.7989858">
    <name>POI 1876</name>
    <sym>Waypoint</sym>
  </wpt>
  <wpt lat="64.2095046" lon="-19.6719663">
    <name>POI 1877</name>
    <sym>Waypoint</sym>
  </wpt>
  <wpt lat="64.2411312" lon="-19.7718809">
    <name>POI 1878</name>
    <sym>Waypoint</sym>
  </wpt>
  <wpt lat="65.853097" lon="-17.8180311">
    <name>POI 1879</name>
    <sym>Waypoint</sym>
  </wpt>
  <wpt lat="63.5485398" lon="-18.9328528">
    <name>POI 1880</name>
    <sym>Waypoint</sym>
  </wpt>
  <wpt lat="64.8867388" lon="-16.8531697">
    <name>POI 1881</name>
    <sym>Waypoint</sym>
  </wpt>
  <wpt lat="64.7072993" lon="-14.098914">
    <name>POI 1882</name>
    <sym>Waypoint</sym>
  </wpt>
  <wpt lat="65.1711252" lon="-15.269421">
    <name>POI 1883</name>
    <sym>Waypoint</sym>
  </wpt>
  <wpt lat="65.1743974" lon="-15.2732151">
    <name>POI 1884</name>
    <sym>Waypoint</sym>
  </wpt>
  <wpt lat="65.1594481" lon="-15.2421379">
    <name>POI 1885</name>
    <sym>Waypoint</sym>
  </wpt>
  <wpt lat="65.109226" lon="-13.5923547">
    <name>POI 1886</name>
    <sym>Waypoint</sym>
  </wpt>
  <wpt lat="65.1442076" lon="-13.5543202">
    <name>POI 1887</name>
    <sym>Waypoint</sym>
  </wpt>
  <wpt lat="65.7669948" lon="-22.6802388">
    <name>POI 1888</name>
    <sym>Waypoint</sym>
  </wpt>
  <wpt lat="64.6405635" lon="-17.8747738">
    <name>POI 1889</name>
    <sym>Waypoint</sym>
  </wpt>
  <wpt lat="64.2712843" lon="-19.8869951">
    <name>POI 1890</name>
    <sym>Waypoint</sym>
  </wpt>
  <wpt lat="66.0742091" lon="-19.2165209">
    <name>POI 1891</name>
    <sym>Waypoint</sym>
  </wpt>
  <wpt lat="65.3279941" lon="-21.8593346">
    <name>POI 1892</name>
    <sym>Waypoint</sym>
  </wpt>
  <wpt lat="66.1332945" lon="-18.9216294">
    <name>POI 1893</name>
    <sym>Waypoint</sym>
  </wpt>
  <wpt lat="64.3625355" lon="-18.8790611">
    <name>POI 1894</name>
    <sym>Waypoint</sym>
  </wpt>
  <wpt lat="65.098788" lon="-16.9284463">
    <name>POI 1895</name>
    <sym>Waypoint</sym>
  </wpt>
  <wpt lat="65.0777128" lon="-16.926566">
    <name>POI 1896</name>
    <sym>Waypoint</sym>
  </wpt>
  <wpt lat="63.7936801" lon="-20.1334713">
    <name>POI 1897</name>
    <sym>Waypoint</sym>
  </wpt>
  <wpt lat="63.8195427" lon="-19.9199448">
    <name>POI 1898</name>
    <sym>Waypoint</sym>
  </wpt>
  <wpt lat="66.0387132" lon="-22.2972322">
    <name>POI 1899</name>
    <sym>Waypoint</sym>
  </wpt>
  <wpt lat="64.1478737" lon="-21.6263995">
    <name>POI 1900</name>
    <sym>Waypoint</sym>
  </wpt>
  <wpt lat="64.0724693" lon="-21.4045962">
    <name>POI 1901</name>
    <sym>Waypoint</sym>
  </wpt>
  <wpt lat="64.0723014" lon="-21.4048245">
    <name>POI 1902</name>
    <sym>Waypoint</sym>
  </wpt>
  <wpt lat="64.0717366" lon="-21.4056998">
    <name>POI 1903</name>
    <sym>Waypoint</sym>
  </wpt>
  <wpt lat="64.0715497" lon="-21.4062338">
    <name>POI 1904</name>
    <sym>Waypoint</sym>
  </wpt>
  <wpt lat="64.0713091" lon="-21.4069598">
    <name>POI 1905</name>
    <sym>Waypoint</sym>
  </wpt>
  <wpt lat="64.0798177" lon="-21.3708942">
    <name>POI 1906</name>
    <sym>Waypoint</sym>
  </wpt>
  <wpt lat="64.0843541" lon="-21.3827082">
    <name>POI 1907</name>
    <sym>Waypoint</sym>
  </wpt>
  <wpt lat="64.0840136" lon="-21.3856002">
    <name>POI 1908</name>
    <sym>Waypoint</sym>
  </wpt>
  <wpt lat="66.0345748" lon="-23.247298">
    <name>POI 1909</name>
    <sym>Waypoint</sym>
  </wpt>
  <wpt lat="65.7648781" lon="-21.8420135">
    <name>POI 1910</name>
    <sym>Waypoint</sym>
  </wpt>
  <wpt lat="65.8171764" lon="-23.2803012">
    <name>POI 1911</name>
    <sym>Waypoint</sym>
  </wpt>
  <wpt lat="66.0250707" lon="-22.7186614">
    <name>POI 1912</name>
    <sym>Waypoint</sym>
  </wpt>
  <wpt lat="64.9484291" lon="-19.1055189">
    <name>POI 1913</name>
    <sym>Waypoint</sym>
  </wpt>
  <wpt lat="64.8692167" lon="-19.2722789">
    <name>POI 1914</name>
    <sym>Waypoint</sym>
  </wpt>
  <wpt lat="64.9332083" lon="-19.1219392">
    <name>POI 1915</name>
    <sym>Waypoint</sym>
  </wpt>
  <wpt lat="64.9973786" lon="-18.9411122">
    <name>POI 1916</name>
    <sym>Waypoint</sym>
  </wpt>
  <wpt lat="64.9110085" lon="-19.1807995">
    <name>POI 1917</name>
    <sym>Waypoint</sym>
  </wpt>
  <wpt lat="64.8765579" lon="-19.2521755">
    <name>POI 1918</name>
    <sym>Waypoint</sym>
  </wpt>
  <wpt lat="64.2901602" lon="-21.6711784">
    <name>POI 1919</name>
    <sym>Waypoint</sym>
  </wpt>
  <wpt lat="64.0567885" lon="-21.1943758">
    <name>POI 1920</name>
    <sym>Waypoint</sym>
  </wpt>
  <wpt lat="64.0491409" lon="-21.188768">
    <name>POI 1921</name>
    <sym>Waypoint</sym>
  </wpt>
  <wpt lat="64.043267" lon="-21.1755046">
    <name>POI 1922</name>
    <sym>Waypoint</sym>
  </wpt>
  <wpt lat="64.041245" lon="-21.1598293">
    <name>POI 1923</name>
    <sym>Waypoint</sym>
  </wpt>
  <wpt lat="64.0411406" lon="-21.1629384">
    <name>POI 1924</name>
    <sym>Waypoint</sym>
  </wpt>
  <wpt lat="64.0432122" lon="-21.1774722">
    <name>POI 1925</name>
    <sym>Waypoint</sym>
  </wpt>
  <wpt lat="64.0508389" lon="-21.1994579">
    <name>POI 1926</name>
    <sym>Waypoint</sym>
  </wpt>
  <wpt lat="64.0506672" lon="-21.2009773">
    <name>POI 1927</name>
    <sym>Waypoint</sym>
  </wpt>
  <wpt lat="64.0415062" lon="-21.192307">
    <name>POI 1928</name>
    <sym>Waypoint</sym>
  </wpt>
  <wpt lat="64.0489221" lon="-21.2002126">
    <name>POI 1929</name>
    <sym>Waypoint</sym>
  </wpt>
  <wpt lat="64.0219786" lon="-21.2073263">
    <name>POI 1930</name>
    <sym>Waypoint</sym>
  </wpt>
  <wpt lat="66.1444818" lon="-16.9567376">
    <name>POI 1931</name>
    <sym>Waypoint</sym>
  </wpt>
  <wpt lat="64.7784467" lon="-18.2468527">
    <name>POI 1932</name>
    <sym>Waypoint</sym>
  </wpt>
  <wpt lat="64.8295973" lon="-18.1810937">
    <name>POI 1933</name>
    <sym>Waypoint</sym>
  </wpt>
  <wpt lat="64.6988074" lon="-18.4142066">
    <name>POI 1934</name>
    <sym>Waypoint</sym>
  </wpt>
  <wpt lat="66.359548" lon="-14.7463153">
    <name>POI 1935</name>
    <sym>Waypoint</sym>
  </wpt>
  <wpt lat="66.3595763" lon="-14.7477139">
    <name>POI 1936</name>
    <sym>Waypoint</sym>
  </wpt>
  <wpt lat="64.1986498" lon="-20.0995402">
    <name>POI 1937</name>
    <sym>Waypoint</sym>
  </wpt>
  <wpt lat="63.8485996" lon="-19.215281">
    <name>POI 1938</name>
    <sym>Waypoint</sym>
  </wpt>
  <wpt lat="63.90963" lon="-22.1398919">
    <name>POI 1939</name>
    <sym>Waypoint</sym>
  </wpt>
  <wpt lat="64.8318245" lon="-23.1187248">
    <name>POI 1940</name>
    <sym>Waypoint</sym>
  </wpt>
  <wpt lat="63.8296536" lon="-18.9635879">
    <name>POI 1941</name>
    <sym>Waypoint</sym>
  </wpt>
  <wpt lat="63.511118" lon="-18.3799393">
    <name>POI 1942</name>
    <sym>Waypoint</sym>
  </wpt>
  <wpt lat="64.9901824" lon="-15.5997708">
    <name>POI 1943</name>
    <sym>Waypoint</sym>
  </wpt>
  <wpt lat="64.8304191" lon="-17.6932587">
    <name>POI 1944</name>
    <sym>Waypoint</sym>
  </wpt>
  <wpt lat="64.8287263" lon="-17.8487237">
    <name>POI 1945</name>
    <sym>Waypoint</sym>
  </wpt>
  <wpt lat="65.1524182" lon="-13.7171334">
    <name>POI 1946</name>
    <sym>Waypoint</sym>
  </wpt>
  <wpt lat="65.1518885" lon="-13.7160766">
    <name>POI 1947</name>
    <sym>Waypoint</sym>
  </wpt>
  <wpt lat="65.0556021" lon="-16.6254948">
    <name>POI 1948</name>
    <sym>Waypoint</sym>
  </wpt>
  <wpt lat="63.7890269" lon="-18.4960046">
    <name>POI 1949</name>
    <sym>Waypoint</sym>
  </wpt>
  <wpt lat="65.2849353" lon="-18.2513668">
    <name>POI 1950</name>
    <sym>Waypoint</sym>
  </wpt>
  <wpt lat="65.3406707" lon="-19.5857167">
    <name>POI 1951</name>
    <sym>Waypoint</sym>
  </wpt>
  <wpt lat="65.34234" lon="-19.5826917">
    <name>POI 1952</name>
    <sym>Waypoint</sym>
  </wpt>
  <wpt lat="65.3251374" lon="-19.569136">
    <name>POI 1953</name>
    <sym>Waypoint</sym>
  </wpt>
  <wpt lat="65.7760595" lon="-24.0040184">
    <name>POI 1954</name>
    <sym>Waypoint</sym>
  </wpt>
  <wpt lat="64.3855847" lon="-15.2873744">
    <name>POI 1955</name>
    <sym>Waypoint</sym>
  </wpt>
  <wpt lat="64.3858566" lon="-15.2879315">
    <name>POI 1956</name>
    <sym>Waypoint</sym>
  </wpt>
  <wpt lat="64.4381685" lon="-14.6644239">
    <name>POI 1957</name>
    <sym>Waypoint</sym>
  </wpt>
  <wpt lat="64.4293933" lon="-14.6794477">
    <name>POI 1958</name>
    <sym>Waypoint</sym>
  </wpt>
  <wpt lat="64.4273913" lon="-14.7070632">
    <name>POI 1959</name>
    <sym>Waypoint</sym>
  </wpt>
  <wpt lat="64.4030567" lon="-14.733889">
    <name>POI 1960</name>
    <sym>Waypoint</sym>
  </wpt>
  <wpt lat="64.3994161" lon="-14.7286393">
    <name>POI 1961</name>
    <sym>Waypoint</sym>
  </wpt>
  <wpt lat="64.4003135" lon="-14.7198666">
    <name>POI 1962</name>
    <sym>Waypoint</sym>
  </wpt>
  <wpt lat="64.4094674" lon="-14.725034">
    <name>POI 1963</name>
    <sym>Waypoint</sym>
  </wpt>
  <wpt lat="64.4297167" lon="-14.9499279">
    <name>POI 1964</name>
    <sym>Waypoint</sym>
  </wpt>
  <wpt lat="64.3326443" lon="-14.928252">
    <name>POI 1965</name>
    <sym>Waypoint</sym>
  </wpt>
  <wpt lat="63.8723494" lon="-18.9120441">
    <name>POI 1966</name>
    <sym>Waypoint</sym>
  </wpt>
  <wpt lat="63.8741526" lon="-18.9162">
    <name>POI 1967</name>
    <sym>Waypoint</sym>
  </wpt>
  <wpt lat="63.8779971" lon="-18.9025388">
    <name>POI 1968</name>
    <sym>Waypoint</sym>
  </wpt>
  <wpt lat="63.5644488" lon="-19.6130285">
    <name>POI 1969</name>
    <sym>Waypoint</sym>
  </wpt>
  <wpt lat="65.5721594" lon="-23.8775951">
    <name>POI 1970</name>
    <sym>Waypoint</sym>
  </wpt>
  <wpt lat="63.8247069" lon="-18.3517705">
    <name>POI 1971</name>
    <sym>Waypoint</sym>
  </wpt>
  <wpt lat="63.8245372" lon="-18.3392211">
    <name>POI 1972</name>
    <sym>Waypoint</sym>
  </wpt>
  <wpt lat="63.8970992" lon="-18.6921241">
    <name>POI 1973</name>
    <sym>Waypoint</sym>
  </wpt>
  <wpt lat="63.8923003" lon="-18.7222398">
    <name>POI 1974</name>
    <sym>Waypoint</sym>
  </wpt>
  <wpt lat="63.8916189" lon="-18.7259296">
    <name>POI 1975</name>
    <sym>Waypoint</sym>
  </wpt>
  <wpt lat="63.8912861" lon="-18.7301863">
    <name>POI 1976</name>
    <sym>Waypoint</sym>
  </wpt>
  <wpt lat="63.8915523" lon="-18.7442833">
    <name>POI 1977</name>
    <sym>Waypoint</sym>
  </wpt>
  <wpt lat="63.8874555" lon="-18.872161">
    <name>POI 1978</name>
    <sym>Waypoint</sym>
  </wpt>
  <wpt lat="63.8921324" lon="-18.9167451">
    <name>POI 1979</name>
    <sym>Waypoint</sym>
  </wpt>
  <wpt lat="63.8834861" lon="-18.888628">
    <name>POI 1980</name>
    <sym>Waypoint</sym>
  </wpt>
  <wpt lat="63.8830306" lon="-18.8910187">
    <name>POI 1981</name>
    <sym>Waypoint</sym>
  </wpt>
  <wpt lat="64.0199025" lon="-18.5798829">
    <name>POI 1982</name>
    <sym>Waypoint</sym>
  </wpt>
  <wpt lat="64.4404482" lon="-19.9962886">
    <name>POI 1983</name>
    <sym>Waypoint</sym>
  </wpt>
  <wpt lat="64.4345957" lon="-19.9989107">
    <name>POI 1984</name>
    <sym>Waypoint</sym>
  </wpt>
  <wpt lat="63.549291" lon="-19.741779">
    <name>POI 1985</name>
    <sym>Waypoint</sym>
  </wpt>
  <wpt lat="63.8440751" lon="-19.0963434">
    <name>POI 1986</name>
    <sym>Waypoint</sym>
  </wpt>
  <wpt lat="63.838766" lon="-19.0874988">
    <name>POI 1987</name>
    <sym>Waypoint</sym>
  </wpt>
  <wpt lat="63.8420442" lon="-19.092073">
    <name>POI 1988</name>
    <sym>Waypoint</sym>
  </wpt>
  <wpt lat="63.8297568" lon="-19.040169">
    <name>POI 1989</name>
    <sym>Waypoint</sym>
  </wpt>
  <wpt lat="63.8290264" lon="-19.044938">
    <name>POI 1990</name>
    <sym>Waypoint</sym>
  </wpt>
  <wpt lat="63.8378644" lon="-19.0169463">
    <name>POI 1991</name>
    <sym>Waypoint</sym>
  </wpt>
  <wpt lat="63.8388012" lon="-19.0061314">
    <name>POI 1992</name>
    <sym>Waypoint</sym>
  </wpt>
  <wpt lat="63.8386561" lon="-19.0125796">
    <name>POI 1993</name>
    <sym>Waypoint</sym>
  </wpt>
  <wpt lat="63.8370336" lon="-19.0190512">
    <name>POI 1994</name>
    <sym>Waypoint</sym>
  </wpt>
  <wpt lat="64.2492149" lon="-15.6851512">
    <name>POI 1995</name>
    <sym>Waypoint</sym>
  </wpt>
  <wpt lat="64.3117819" lon="-14.9708755">
    <name>POI 1996</name>
    <sym>Waypoint</sym>
  </wpt>
  <wpt lat="64.3116424" lon="-14.9703532">
    <name>POI 1997</name>
    <sym>Waypoint</sym>
  </wpt>
  <wpt lat="64.5317792" lon="-19.4866704">
    <name>POI 1998</name>
    <sym>Waypoint</sym>
  </wpt>
  <wpt lat="65.8605721" lon="-23.5269087">
    <name>POI 1999</name>
    <sym>Waypoint</sym>
  </wpt>
  <wpt lat="66.3707832" lon="-22.6004877">
    <name>POI 2000</name>
    <sym>Waypoint</sym>
  </wpt>
  <wpt lat="66.3703889" lon="-22.6014934">
    <name>POI 2001</name>
    <sym>Waypoint</sym>
  </wpt>
  <wpt lat="63.8393303" lon="-19.1913244">
    <name>POI 2002</name>
    <sym>Waypoint</sym>
  </wpt>
  <wpt lat="66.1369835" lon="-18.9354392">
    <name>POI 2003</name>
    <sym>Waypoint</sym>
  </wpt>
  <wpt lat="66.1585567" lon="-18.9224497">
    <name>POI 2004</name>
    <sym>Waypoint</sym>
  </wpt>
  <wpt lat="64.6898935" lon="-17.8963948">
    <name>POI 2005</name>
    <sym>Waypoint</sym>
  </wpt>
  <wpt lat="64.6883067" lon="-17.8991931">
    <name>POI 2006</name>
    <sym>Waypoint</sym>
  </wpt>
  <wpt lat="63.9735837" lon="-19.0815796">
    <name>POI 2007</name>
    <sym>Waypoint</sym>
  </wpt>
  <wpt lat="63.9774896" lon="-19.084038">
    <name>POI 2008</name>
    <sym>Waypoint</sym>
  </wpt>
  <wpt lat="64.1780833" lon="-15.9203326">
    <name>POI 2009</name>
    <sym>Waypoint</sym>
  </wpt>
  <wpt lat="64.1780265" lon="-15.9207624">
    <name>POI 2010</name>
    <sym>Waypoint</sym>
  </wpt>
  <wpt lat="63.7570922" lon="-19.6944509">
    <name>POI 2011</name>
    <sym>Waypoint</sym>
  </wpt>
  <wpt lat="65.2851842" lon="-14.0749581">
    <name>POI 2012</name>
    <sym>Waypoint</sym>
  </wpt>
  <wpt lat="65.2781497" lon="-14.1331311">
    <name>POI 2013</name>
    <sym>Waypoint</sym>
  </wpt>
  <wpt lat="65.2849411" lon="-14.1344032">
    <name>POI 2014</name>
    <sym>Waypoint</sym>
  </wpt>
  <wpt lat="64.4200656" lon="-14.8511023">
    <name>POI 2015</name>
    <sym>Waypoint</sym>
  </wpt>
  <wpt lat="63.7212854" lon="-20.1179183">
    <name>POI 2016</name>
    <sym>Waypoint</sym>
  </wpt>
  <wpt lat="65.1332244" lon="-20.4556186">
    <name>POI 2017</name>
    <sym>Waypoint</sym>
  </wpt>
  <wpt lat="64.0170852" lon="-21.2136748">
    <name>POI 2018</name>
    <sym>Waypoint</sym>
  </wpt>
  <wpt lat="65.0082093" lon="-17.461585">
    <name>POI 2019</name>
    <sym>Waypoint</sym>
  </wpt>
  <wpt lat="64.9960365" lon="-17.4379392">
    <name>POI 2020</name>
    <sym>Waypoint</sym>
  </wpt>
  <wpt lat="64.9626896" lon="-18.302151">
    <name>POI 2021</name>
    <sym>Waypoint</sym>
  </wpt>
  <wpt lat="63.9316907" lon="-19.0300234">
    <name>POI 2022</name>
    <sym>Waypoint</sym>
  </wpt>
  <wpt lat="63.9934658" lon="-19.1060369">
    <name>POI 2023</name>
    <sym>Waypoint</sym>
  </wpt>
  <wpt lat="63.9795574" lon="-19.0489635">
    <name>POI 2024</name>
    <sym>Waypoint</sym>
  </wpt>
  <wpt lat="65.3676608" lon="-14.3466015">
    <name>POI 2025</name>
    <sym>Waypoint</sym>
  </wpt>
  <wpt lat="64.3845891" lon="-21.2852923">
    <name>POI 2026</name>
    <sym>Waypoint</sym>
  </wpt>
  <wpt lat="64.8975689" lon="-23.8105359">
    <name>POI 2027</name>
    <sym>Waypoint</sym>
  </wpt>
  <wpt lat="64.8973456" lon="-23.8106775">
    <name>POI 2028</name>
    <sym>Waypoint</sym>
  </wpt>
  <wpt lat="64.8979949" lon="-23.8102991">
    <name>POI 2029</name>
    <sym>Waypoint</sym>
  </wpt>
  <wpt lat="66.1952612" lon="-22.013949">
    <name>POI 2030</name>
    <sym>Waypoint</sym>
  </wpt>
  <wpt lat="66.1953186" lon="-22.0142217">
    <name>POI 2031</name>
    <sym>Waypoint</sym>
  </wpt>
  <wpt lat="64.4402099" lon="-21.0699901">
    <name>POI 2032</name>
    <sym>Waypoint</sym>
  </wpt>
  <wpt lat="64.4417146" lon="-15.2980937">
    <name>POI 2033</name>
    <sym>Waypoint</sym>
  </wpt>
  <wpt lat="64.4447204" lon="-15.3019608">
    <name>POI 2034</name>
    <sym>Waypoint</sym>
  </wpt>
  <wpt lat="64.2940447" lon="-14.9544754">
    <name>POI 2035</name>
    <sym>Waypoint</sym>
  </wpt>
  <wpt lat="64.2956998" lon="-15.6097994">
    <name>POI 2036</name>
    <sym>Waypoint</sym>
  </wpt>
  <wpt lat="64.2950097" lon="-15.6108078">
    <name>POI 2037</name>
    <sym>Waypoint</sym>
  </wpt>
  <wpt lat="64.2927102" lon="-15.6125858">
    <name>POI 2038</name>
    <sym>Waypoint</sym>
  </wpt>
  <wpt lat="64.2704742" lon="-15.6618146">
    <name>POI 2039</name>
    <sym>Waypoint</sym>
  </wpt>
  <wpt lat="64.2583718" lon="-15.6902671">
    <name>POI 2040</name>
    <sym>Waypoint</sym>
  </wpt>
  <wpt lat="64.259705" lon="-15.6913529">
    <name>POI 2041</name>
    <sym>Waypoint</sym>
  </wpt>
  <wpt lat="64.2634494" lon="-15.6914602">
    <name>POI 2042</name>
    <sym>Waypoint</sym>
  </wpt>
  <wpt lat="64.2614474" lon="-15.6954777">
    <name>POI 2043</name>
    <sym>Waypoint</sym>
  </wpt>
  <wpt lat="64.89028" lon="-19.2270391">
    <name>POI 2044</name>
    <sym>Waypoint</sym>
  </wpt>
  <wpt lat="65.5834158" lon="-14.0128781">
    <name>POI 2045</name>
    <sym>Waypoint</sym>
  </wpt>
  <wpt lat="65.5811785" lon="-13.9226403">
    <name>POI 2046</name>
    <sym>Waypoint</sym>
  </wpt>
  <wpt lat="64.5889033" lon="-18.6133055">
    <name>POI 2047</name>
    <sym>Waypoint</sym>
  </wpt>
  <wpt lat="64.5796696" lon="-18.5947552">
    <name>POI 2048</name>
    <sym>Waypoint</sym>
  </wpt>
  <wpt lat="64.3267613" lon="-18.1949063">
    <name>POI 2049</name>
    <sym>Waypoint</sym>
  </wpt>
  <wpt lat="64.2048762" lon="-21.6366497">
    <name>POI 2050</name>
    <sym>Waypoint</sym>
  </wpt>
  <wpt lat="64.2291435" lon="-21.5438681">
    <name>POI 2051</name>
    <sym>Waypoint</sym>
  </wpt>
  <wpt lat="64.4287366" lon="-15.3993238">
    <name>POI 2052</name>
    <sym>Waypoint</sym>
  </wpt>
  <wpt lat="64.4285959" lon="-15.4004825">
    <name>POI 2053</name>
    <sym>Waypoint</sym>
  </wpt>
  <wpt lat="64.4264096" lon="-15.4022813">
    <name>POI 2054</name>
    <sym>Waypoint</sym>
  </wpt>
  <wpt lat="63.9572236" lon="-18.2412466">
    <name>POI 2055</name>
    <sym>Waypoint</sym>
  </wpt>
  <wpt lat="63.4485465" lon="-19.0237256">
    <name>POI 2056</name>
    <sym>Waypoint</sym>
  </wpt>
  <wpt lat="63.4463679" lon="-18.947767">
    <name>POI 2057</name>
    <sym>Waypoint</sym>
  </wpt>
  <wpt lat="64.0605186" lon="-16.2938525">
    <name>POI 2058</name>
    <sym>Waypoint</sym>
  </wpt>
  <wpt lat="66.0784725" lon="-18.2920605">
    <name>POI 2059</name>
    <sym>Waypoint</sym>
  </wpt>
  <wpt lat="66.005392" lon="-18.2567362">
    <name>POI 2060</name>
    <sym>Waypoint</sym>
  </wpt>
  <wpt lat="65.999527" lon="-18.2569534">
    <name>POI 2061</name>
    <sym>Waypoint</sym>
  </wpt>
  <wpt lat="66.105222" lon="-18.0737689">
    <name>POI 2062</name>
    <sym>Waypoint</sym>
  </wpt>
  <wpt lat="64.9581781" lon="-14.1778054">
    <name>POI 2063</name>
    <sym>Waypoint</sym>
  </wpt>
  <wpt lat="64.9620878" lon="-14.2059122">
    <name>POI 2064</name>
    <sym>Waypoint</sym>
  </wpt>
  <wpt lat="64.9766673" lon="-14.2482657">
    <name>POI 2065</name>
    <sym>Waypoint</sym>
  </wpt>
  <wpt lat="64.9351064" lon="-14.0009326">
    <name>POI 2066</name>
    <sym>Waypoint</sym>
  </wpt>
  <wpt lat="64.9345542" lon="-13.9974883">
    <name>POI 2067</name>
    <sym>Waypoint</sym>
  </wpt>
  <wpt lat="65.0075626" lon="-14.0323682">
    <name>POI 2068</name>
    <sym>Waypoint</sym>
  </wpt>
  <wpt lat="65.5474535" lon="-13.976717">
    <name>POI 2069</name>
    <sym>Waypoint</sym>
  </wpt>
  <wpt lat="65.5434803" lon="-13.9796552">
    <name>POI 2070</name>
    <sym>Waypoint</sym>
  </wpt>
  <wpt lat="64.0598652" lon="-21.2342709">
    <name>POI 2071</name>
    <sym>Waypoint</sym>
  </wpt>
  <wpt lat="64.0694717" lon="-21.163519">
    <name>POI 2072</name>
    <sym>Waypoint</sym>
  </wpt>
  <wpt lat="64.9205666" lon="-13.9602602">
    <name>POI 2073</name>
    <sym>Waypoint</sym>
  </wpt>
  <wpt lat="64.9354284" lon="-14.0041656">
    <name>POI 2074</name>
    <sym>Waypoint</sym>
  </wpt>
  <wpt lat="64.9355857" lon="-14.0079056">
    <name>POI 2075</name>
    <sym>Waypoint</sym>
  </wpt>
  <wpt lat="64.9194845" lon="-13.947705">
    <name>POI 2076</name>
    <sym>Waypoint</sym>
  </wpt>
  <wpt lat="65.6417412" lon="-16.8081851">
    <name>POI 2077</name>
    <sym>Waypoint</sym>
  </wpt>
  <wpt lat="63.7214189" lon="-19.9087676">
    <name>POI 2078</name>
    <sym>Waypoint</sym>
  </wpt>
  <wpt lat="64.4442307" lon="-14.9306426">
    <name>POI 2079</name>
    <sym>Waypoint</sym>
  </wpt>
  <wpt lat="64.9016438" lon="-13.969945">
    <name>POI 2080</name>
    <sym>Waypoint</sym>
  </wpt>
  <wpt lat="64.8857793" lon="-15.4618025">
    <name>POI 2081</name>
    <sym>Waypoint</sym>
  </wpt>
  <wpt lat="64.8441298" lon="-15.4824418">
    <name>POI 2082</name>
    <sym>Waypoint</sym>
  </wpt>
  <wpt lat="64.8890922" lon="-15.5325345">
    <name>POI 2083</name>
    <sym>Waypoint</sym>
  </wpt>
  <wpt lat="64.8695695" lon="-15.5077311">
    <name>POI 2084</name>
    <sym>Waypoint</sym>
  </wpt>
  <wpt lat="65.2402423" lon="-14.3381463">
    <name>POI 2085</name>
    <sym>Waypoint</sym>
  </wpt>
  <wpt lat="65.2676927" lon="-13.9868778">
    <name>POI 2086</name>
    <sym>Waypoint</sym>
  </wpt>
  <wpt lat="65.2644236" lon="-13.9815992">
    <name>POI 2087</name>
    <sym>Waypoint</sym>
  </wpt>
  <wpt lat="65.2634112" lon="-13.9823797">
    <name>POI 2088</name>
    <sym>Waypoint</sym>
  </wpt>
  <wpt lat="64.2851323" lon="-20.2285404">
    <name>POI 2089</name>
    <sym>Waypoint</sym>
  </wpt>
  <wpt lat="64.3306333" lon="-19.6576842">
    <name>POI 2090</name>
    <sym>Waypoint</sym>
  </wpt>
  <wpt lat="64.566391" lon="-19.4910218">
    <name>POI 2091</name>
    <sym>Waypoint</sym>
  </wpt>
  <wpt lat="65.5507488" lon="-21.5563646">
    <name>POI 2092</name>
    <sym>Waypoint</sym>
  </wpt>
  <wpt lat="65.5503168" lon="-21.5568717">
    <name>POI 2093</name>
    <sym>Waypoint</sym>
  </wpt>
  <wpt lat="64.5381586" lon="-19.3085819">
    <name>POI 2094</name>
    <sym>Waypoint</sym>
  </wpt>
  <wpt lat="64.6587371" lon="-19.1563073">
    <name>POI 2095</name>
    <sym>Waypoint</sym>
  </wpt>
  <wpt lat="64.7837601" lon="-17.5594783">
    <name>POI 2096</name>
    <sym>Waypoint</sym>
  </wpt>
  <wpt lat="64.7801076" lon="-17.5067978">
    <name>POI 2097</name>
    <sym>Waypoint</sym>
  </wpt>
  <wpt lat="65.9647551" lon="-17.8590339">
    <name>POI 2098</name>
    <sym>Waypoint</sym>
  </wpt>
  <wpt lat="65.9646696" lon="-17.85816">
    <name>POI 2099</name>
    <sym>Waypoint</sym>
  </wpt>
  <wpt lat="63.4893705" lon="-18.7377191">
    <name>POI 2100</name>
    <sym>Waypoint</sym>
  </wpt>
  <wpt lat="65.8496148" lon="-17.8174004">
    <name>POI 2101</name>
    <sym>Waypoint</sym>
  </wpt>
  <wpt lat="65.8303903" lon="-17.875398">
    <name>POI 2102</name>
    <sym>Waypoint</sym>
  </wpt>
  <wpt lat="65.5351267" lon="-17.7580541">
    <name>POI 2103</name>
    <sym>Waypoint</sym>
  </wpt>
  <wpt lat="65.8178342" lon="-18.0178341">
    <name>POI 2104</name>
    <sym>Waypoint</sym>
  </wpt>
  <wpt lat="65.345348" lon="-15.8470473">
    <name>POI 2105</name>
    <sym>Waypoint</sym>
  </wpt>
  <wpt lat="65.8833682" lon="-17.8755385">
    <name>POI 2106</name>
    <sym>Waypoint</sym>
  </wpt>
  <wpt lat="65.8825193" lon="-17.8766105">
    <name>POI 2107</name>
    <sym>Waypoint</sym>
  </wpt>
  <wpt lat="64.8468238" lon="-23.8217708">
    <name>POI 2108</name>
    <sym>Waypoint</sym>
  </wpt>
  <wpt lat="63.8674156" lon="-19.5329531">
    <name>POI 2109</name>
    <sym>Waypoint</sym>
  </wpt>
  <wpt lat="65.5284104" lon="-21.5864648">
    <name>POI 2110</name>
    <sym>Waypoint</sym>
  </wpt>
  <wpt lat="65.6105754" lon="-16.385728">
    <name>POI 2111</name>
    <sym>Waypoint</sym>
  </wpt>
  <wpt lat="64.5942691" lon="-19.3042938">
    <name>POI 2112</name>
    <sym>Waypoint</sym>
  </wpt>
  <wpt lat="65.8915378" lon="-19.2353848">
    <name>POI 2113</name>
    <sym>Waypoint</sym>
  </wpt>
  <wpt lat="65.8916096" lon="-19.2358672">
    <name>POI 2114</name>
    <sym>Waypoint</sym>
  </wpt>
  <wpt lat="64.6502779" lon="-19.149017">
    <name>POI 2115</name>
    <sym>Waypoint</sym>
  </wpt>
  <wpt lat="64.6571679" lon="-19.1626512">
    <name>POI 2116</name>
    <sym>Waypoint</sym>
  </wpt>
  <wpt lat="64.657588" lon="-19.1639371">
    <name>POI 2117</name>
    <sym>Waypoint</sym>
  </wpt>
  <wpt lat="63.6685192" lon="-19.8586159">
    <name>POI 2118</name>
    <sym>Waypoint</sym>
  </wpt>
  <wpt lat="63.6689753" lon="-19.8593133">
    <name>POI 2119</name>
    <sym>Waypoint</sym>
  </wpt>
  <wpt lat="63.7703462" lon="-18.0767376">
    <name>POI 2120</name>
    <sym>Waypoint</sym>
  </wpt>
  <wpt lat="65.897986" lon="-17.8621995">
    <name>POI 2121</name>
    <sym>Waypoint</sym>
  </wpt>
  <wpt lat="65.9880529" lon="-17.84838">
    <name>POI 2122</name>
    <sym>Waypoint</sym>
  </wpt>
  <wpt lat="65.9855442" lon="-17.8478663">
    <name>POI 2123</name>
    <sym>Waypoint</sym>
  </wpt>
  <wpt lat="66.0581625" lon="-17.8650966">
    <name>POI 2124</name>
    <sym>Waypoint</sym>
  </wpt>
  <wpt lat="66.0640742" lon="-17.8706981">
    <name>POI 2125</name>
    <sym>Waypoint</sym>
  </wpt>
  <wpt lat="66.0694463" lon="-17.8750102">
    <name>POI 2126</name>
    <sym>Waypoint</sym>
  </wpt>
  <wpt lat="66.0892879" lon="-17.892341">
    <name>POI 2127</name>
    <sym>Waypoint</sym>
  </wpt>
  <wpt lat="66.1311187" lon="-17.8976349">
    <name>POI 2128</name>
    <sym>Waypoint</sym>
  </wpt>
  <wpt lat="63.8538121" lon="-20.3375413">
    <name>POI 2129</name>
    <sym>Waypoint</sym>
  </wpt>
  <wpt lat="65.6454981" lon="-17.9093047">
    <name>POI 2130</name>
    <sym>Waypoint</sym>
  </wpt>
  <wpt lat="65.6400421" lon="-17.8729993">
    <name>POI 2131</name>
    <sym>Waypoint</sym>
  </wpt>
  <wpt lat="64.6362447" lon="-19.3786202">
    <name>POI 2132</name>
    <sym>Waypoint</sym>
  </wpt>
  <wpt lat="63.5431503" lon="-18.8911375">
    <name>POI 2133</name>
    <sym>Waypoint</sym>
  </wpt>
  <wpt lat="63.5305801" lon="-18.8635475">
    <name>POI 2134</name>
    <sym>Waypoint</sym>
  </wpt>
  <wpt lat="63.5262349" lon="-18.8544712">
    <name>POI 2135</name>
    <sym>Waypoint</sym>
  </wpt>
  <wpt lat="63.5265085" lon="-18.8563991">
    <name>POI 2136</name>
    <sym>Waypoint</sym>
  </wpt>
  <wpt lat="63.527865" lon="-18.8605202">
    <name>POI 2137</name>
    <sym>Waypoint</sym>
  </wpt>
  <wpt lat="63.5294361" lon="-18.8616119">
    <name>POI 2138</name>
    <sym>Waypoint</sym>
  </wpt>
  <wpt lat="63.5257569" lon="-18.8540839">
    <name>POI 2139</name>
    <sym>Waypoint</sym>
  </wpt>
  <wpt lat="63.5317673" lon="-18.8527779">
    <name>POI 2140</name>
    <sym>Waypoint</sym>
  </wpt>
  <wpt lat="63.5360112" lon="-18.8562963">
    <name>POI 2141</name>
    <sym>Waypoint</sym>
  </wpt>
  <wpt lat="63.5332791" lon="-18.8554727">
    <name>POI 2142</name>
    <sym>Waypoint</sym>
  </wpt>
  <wpt lat="64.1138034" lon="-21.243065">
    <name>POI 2143</name>
    <desc>depth: 0.1</desc>
    <sym>Waypoint</sym>
  </wpt>
  <wpt lat="63.7025862" lon="-19.4976041">
    <name>POI 2144</name>
    <sym>Waypoint</sym>
  </wpt>
  <wpt lat="63.7020779" lon="-19.4988355">
    <name>POI 2145</name>
    <sym>Waypoint</sym>
  </wpt>
  <wpt lat="63.6226152" lon="-19.4475711">
    <name>POI 2146</name>
    <sym>Waypoint</sym>
  </wpt>
  <wpt lat="63.8319941" lon="-19.2225216">
    <name>POI 2147</name>
    <sym>Waypoint</sym>
  </wpt>
  <wpt lat="63.9364599" lon="-19.0064263">
    <name>POI 2148</name>
    <sym>Waypoint</sym>
  </wpt>
  <wpt lat="63.6179488" lon="-19.4477285">
    <name>POI 2149</name>
    <sym>Waypoint</sym>
  </wpt>
  <wpt lat="63.9682043" lon="-18.8185458">
    <name>POI 2150</name>
    <sym>Waypoint</sym>
  </wpt>
  <wpt lat="64.5838654" lon="-19.5224444">
    <name>POI 2151</name>
    <sym>Waypoint</sym>
  </wpt>
  <wpt lat="63.5195272" lon="-18.8815722">
    <name>POI 2152</name>
    <sym>Waypoint</sym>
  </wpt>
  <wpt lat="64.396287" lon="-19.7277894">
    <name>POI 2153</name>
    <sym>Waypoint</sym>
  </wpt>
  <wpt lat="64.44424" lon="-19.6787839">
    <name>POI 2154</name>
    <sym>Waypoint</sym>
  </wpt>
  <wpt lat="64.4513226" lon="-19.725451">
    <name>POI 2155</name>
    <sym>Waypoint</sym>
  </wpt>
  <wpt lat="64.3941595" lon="-19.7313938">
    <name>POI 2156</name>
    <sym>Waypoint</sym>
  </wpt>
  <wpt lat="64.3948444" lon="-19.7299359">
    <name>POI 2157</name>
    <sym>Waypoint</sym>
  </wpt>
  <wpt lat="64.3816714" lon="-19.7534247">
    <name>POI 2158</name>
    <sym>Waypoint</sym>
  </wpt>
  <wpt lat="64.3752804" lon="-19.764949">
    <name>POI 2159</name>
    <sym>Waypoint</sym>
  </wpt>
  <wpt lat="64.3731676" lon="-19.7694509">
    <name>POI 2160</name>
    <sym>Waypoint</sym>
  </wpt>
  <wpt lat="64.3510615" lon="-19.8004912">
    <name>POI 2161</name>
    <sym>Waypoint</sym>
  </wpt>
  <wpt lat="64.3416863" lon="-19.8113189">
    <name>POI 2162</name>
    <sym>Waypoint</sym>
  </wpt>
  <wpt lat="64.3404487" lon="-19.8141403">
    <name>POI 2163</name>
    <sym>Waypoint</sym>
  </wpt>
  <wpt lat="65.940959" lon="-18.1003473">
    <name>POI 2164</name>
    <sym>Waypoint</sym>
  </wpt>
  <wpt lat="65.7057938" lon="-17.9075584">
    <name>POI 2165</name>
    <sym>Waypoint</sym>
  </wpt>
  <wpt lat="65.7016511" lon="-17.9299665">
    <name>POI 2166</name>
    <sym>Waypoint</sym>
  </wpt>
  <wpt lat="65.6889994" lon="-18.0266929">
    <name>POI 2167</name>
    <sym>Waypoint</sym>
  </wpt>
  <wpt lat="65.8210067" lon="-17.991264">
    <name>POI 2168</name>
    <sym>Waypoint</sym>
  </wpt>
  <wpt lat="63.5620862" lon="-19.6186192">
    <name>POI 2169</name>
    <sym>Waypoint</sym>
  </wpt>
  <wpt lat="63.5617984" lon="-19.6184607">
    <name>POI 2170</name>
    <sym>Waypoint</sym>
  </wpt>
  <wpt lat="63.6220721" lon="-19.9920828">
    <name>POI 2171</name>
    <sym>Waypoint</sym>
  </wpt>
  <wpt lat="63.6220718" lon="-19.9920794">
    <name>POI 2172</name>
    <sym>Waypoint</sym>
  </wpt>
  <wpt lat="64.0230367" lon="-21.2794957">
    <name>POI 2173</name>
    <sym>Waypoint</sym>
  </wpt>
  <wpt lat="65.934663" lon="-18.145816">
    <name>POI 2174</name>
    <sym>Waypoint</sym>
  </wpt>
  <wpt lat="65.6782085" lon="-18.0475307">
    <name>POI 2175</name>
    <sym>Waypoint</sym>
  </wpt>
  <wpt lat="65.9392969" lon="-17.8577414">
    <name>POI 2176</name>
    <sym>Waypoint</sym>
  </wpt>
  <wpt lat="66.1471463" lon="-17.9612778">
    <name>POI 2177</name>
    <sym>Waypoint</sym>
  </wpt>
  <wpt lat="63.8570508" lon="-21.1050141">
    <name>POI 2178</name>
    <sym>Waypoint</sym>
  </wpt>
  <wpt lat="65.6931979" lon="-18.1639591">
    <name>POI 2179</name>
    <sym>Waypoint</sym>
  </wpt>
  <wpt lat="65.6934182" lon="-18.1645338">
    <name>POI 2180</name>
    <sym>Waypoint</sym>
  </wpt>
  <wpt lat="65.0317978" lon="-22.3417541">
    <name>POI 2181</name>
    <sym>Waypoint</sym>
  </wpt>
  <wpt lat="65.038535" lon="-22.3371753">
    <name>POI 2182</name>
    <sym>Waypoint</sym>
  </wpt>
  <wpt lat="65.0406645" lon="-22.3354304">
    <name>POI 2183</name>
    <sym>Waypoint</sym>
  </wpt>
  <wpt lat="65.0457294" lon="-22.4017056">
    <name>POI 2184</name>
    <sym>Waypoint</sym>
  </wpt>
  <wpt lat="65.0492041" lon="-22.3829796">
    <name>POI 2185</name>
    <sym>Waypoint</sym>
  </wpt>
  <wpt lat="65.0139653" lon="-22.243173">
    <name>POI 2186</name>
    <sym>Waypoint</sym>
  </wpt>
  <wpt lat="65.005564" lon="-21.9559685">
    <name>POI 2187</name>
    <sym>Waypoint</sym>
  </wpt>
  <wpt lat="64.9986445" lon="-21.9578354">
    <name>POI 2188</name>
    <sym>Waypoint</sym>
  </wpt>
  <wpt lat="64.9962094" lon="-21.9567974">
    <name>POI 2189</name>
    <sym>Waypoint</sym>
  </wpt>
  <wpt lat="64.9911263" lon="-21.9565259">
    <name>POI 2190</name>
    <sym>Waypoint</sym>
  </wpt>
  <wpt lat="64.990828" lon="-21.956331">
    <name>POI 2191</name>
    <sym>Waypoint</sym>
  </wpt>
  <wpt lat="64.9880292" lon="-21.9566583">
    <name>POI 2192</name>
    <sym>Waypoint</sym>
  </wpt>
  <wpt lat="64.98737" lon="-21.9565289">
    <name>POI 2193</name>
    <sym>Waypoint</sym>
  </wpt>
  <wpt lat="64.9842772" lon="-21.9558202">
    <name>POI 2194</name>
    <sym>Waypoint</sym>
  </wpt>
  <wpt lat="64.9833729" lon="-21.9550315">
    <name>POI 2195</name>
    <sym>Waypoint</sym>
  </wpt>
  <wpt lat="64.9700697" lon="-22.0053556">
    <name>POI 2196</name>
    <sym>Waypoint</sym>
  </wpt>
  <wpt lat="64.9628723" lon="-22.0133292">
    <name>POI 2197</name>
    <sym>Waypoint</sym>
  </wpt>
  <wpt lat="64.9672056" lon="-22.0108771">
    <name>POI 2198</name>
    <sym>Waypoint</sym>
  </wpt>
  <wpt lat="64.9523384" lon="-22.0222168">
    <name>POI 2199</name>
    <sym>Waypoint</sym>
  </wpt>
  <wpt lat="64.954319" lon="-22.0194269">
    <name>POI 2200</name>
    <sym>Waypoint</sym>
  </wpt>
  <wpt lat="64.9421211" lon="-22.0516143">
    <name>POI 2201</name>
    <sym>Waypoint</sym>
  </wpt>
  <wpt lat="64.9422135" lon="-22.0532961">
    <name>POI 2202</name>
    <sym>Waypoint</sym>
  </wpt>
  <wpt lat="64.9407147" lon="-22.0593864">
    <name>POI 2203</name>
    <sym>Waypoint</sym>
  </wpt>
  <wpt lat="64.932146" lon="-22.0701653">
    <name>POI 2204</name>
    <sym>Waypoint</sym>
  </wpt>
  <wpt lat="64.9357343" lon="-22.0654847">
    <name>POI 2205</name>
    <sym>Waypoint</sym>
  </wpt>
  <wpt lat="64.9254896" lon="-22.0819907">
    <name>POI 2206</name>
    <sym>Waypoint</sym>
  </wpt>
  <wpt lat="64.9068892" lon="-22.1122572">
    <name>POI 2207</name>
    <sym>Waypoint</sym>
  </wpt>
  <wpt lat="64.9199046" lon="-22.087674">
    <name>POI 2208</name>
    <sym>Waypoint</sym>
  </wpt>
  <wpt lat="64.9079173" lon="-22.110285">
    <name>POI 2209</name>
    <sym>Waypoint</sym>
  </wpt>
  <wpt lat="64.905566" lon="-22.1117832">
    <name>POI 2210</name>
    <sym>Waypoint</sym>
  </wpt>
  <wpt lat="64.808815" lon="-15.4849359">
    <name>POI 2211</name>
    <sym>Waypoint</sym>
  </wpt>
  <wpt lat="64.8104042" lon="-15.4842333">
    <name>POI 2212</name>
    <sym>Waypoint</sym>
  </wpt>
  <wpt lat="64.8111458" lon="-15.4837943">
    <name>POI 2213</name>
    <sym>Waypoint</sym>
  </wpt>
  <wpt lat="64.8023392" lon="-15.4853176">
    <name>POI 2214</name>
    <sym>Waypoint</sym>
  </wpt>
  <wpt lat="64.8019071" lon="-15.4858957">
    <name>POI 2215</name>
    <sym>Waypoint</sym>
  </wpt>
  <wpt lat="64.8015622" lon="-15.4858072">
    <name>POI 2216</name>
    <sym>Waypoint</sym>
  </wpt>
  <wpt lat="64.7949584" lon="-15.4844344">
    <name>POI 2217</name>
    <sym>Waypoint</sym>
  </wpt>
  <wpt lat="64.7840399" lon="-15.4860325">
    <name>POI 2218</name>
    <sym>Waypoint</sym>
  </wpt>
  <wpt lat="64.7829023" lon="-15.4869547">
    <name>POI 2219</name>
    <sym>Waypoint</sym>
  </wpt>
  <wpt lat="64.7727574" lon="-15.4940624">
    <name>POI 2220</name>
    <sym>Waypoint</sym>
  </wpt>
  <wpt lat="64.7743076" lon="-15.4932688">
    <name>POI 2221</name>
    <sym>Waypoint</sym>
  </wpt>
  <wpt lat="64.7812647" lon="-15.4865777">
    <name>POI 2222</name>
    <sym>Waypoint</sym>
  </wpt>
  <wpt lat="64.7808283" lon="-15.4876765">
    <name>POI 2223</name>
    <sym>Waypoint</sym>
  </wpt>
  <wpt lat="64.7719208" lon="-15.4953832">
    <name>POI 2224</name>
    <sym>Waypoint</sym>
  </wpt>
  <wpt lat="64.7716779" lon="-15.4954953">
    <name>POI 2225</name>
    <sym>Waypoint</sym>
  </wpt>
  <wpt lat="64.7710629" lon="-15.4962005">
    <name>POI 2226</name>
    <sym>Waypoint</sym>
  </wpt>
  <wpt lat="64.7700985" lon="-15.4976286">
    <name>POI 2227</name>
    <sym>Waypoint</sym>
  </wpt>
  <wpt lat="64.7690481" lon="-15.4993912">
    <name>POI 2228</name>
    <sym>Waypoint</sym>
  </wpt>
  <wpt lat="64.239179" lon="-20.6979377">
    <name>POI 2229</name>
    <sym>Waypoint</sym>
  </wpt>
  <wpt lat="64.2340778" lon="-20.7093643">
    <name>POI 2230</name>
    <sym>Waypoint</sym>
  </wpt>
  <wpt lat="64.2266038" lon="-20.7218258">
    <name>POI 2231</name>
    <sym>Waypoint</sym>
  </wpt>
  <wpt lat="65.3058745" lon="-14.3914483">
    <name>POI 2232</name>
    <sym>Waypoint</sym>
  </wpt>
  <wpt lat="64.2849724" lon="-21.117987">
    <name>POI 2233</name>
    <sym>Waypoint</sym>
  </wpt>
  <wpt lat="64.2806763" lon="-21.116348">
    <name>POI 2234</name>
    <sym>Waypoint</sym>
  </wpt>
  <wpt lat="64.1835965" lon="-21.6093074">
    <name>POI 2235</name>
    <sym>Waypoint</sym>
  </wpt>
  <wpt lat="64.1836946" lon="-21.615759">
    <name>POI 2236</name>
    <sym>Waypoint</sym>
  </wpt>
  <wpt lat="64.1841768" lon="-21.6148551">
    <name>POI 2237</name>
    <sym>Waypoint</sym>
  </wpt>
  <wpt lat="64.1840814" lon="-21.6007729">
    <name>POI 2238</name>
    <sym>Waypoint</sym>
  </wpt>
  <wpt lat="64.1839233" lon="-21.6054838">
    <name>POI 2239</name>
    <sym>Waypoint</sym>
  </wpt>
  <wpt lat="64.07673" lon="-21.3685471">
    <name>POI 2240</name>
    <sym>Waypoint</sym>
  </wpt>
  <wpt lat="64.0660452" lon="-21.3763883">
    <name>POI 2241</name>
    <sym>Waypoint</sym>
  </wpt>
  <wpt lat="64.0581575" lon="-21.2514959">
    <name>POI 2242</name>
    <sym>Waypoint</sym>
  </wpt>
  <wpt lat="64.0582905" lon="-21.2541225">
    <name>POI 2243</name>
    <sym>Waypoint</sym>
  </wpt>
  <wpt lat="63.4290451" lon="-19.0174166">
    <name>POI 2244</name>
    <sym>Waypoint</sym>
  </wpt>
  <wpt lat="64.2257788" lon="-20.5237045">
    <name>POI 2245</name>
    <sym>Waypoint</sym>
  </wpt>
  <wpt lat="64.2192773" lon="-21.7645993">
    <name>POI 2246</name>
    <sym>Waypoint</sym>
  </wpt>
  <wpt lat="64.2256568" lon="-21.7400433">
    <name>POI 2247</name>
    <sym>Waypoint</sym>
  </wpt>
  <wpt lat="64.1453844" lon="-21.6100693">
    <name>POI 2248</name>
    <sym>Waypoint</sym>
  </wpt>
  <wpt lat="64.1482927" lon="-21.6279245">
    <name>POI 2249</name>
    <sym>Waypoint</sym>
  </wpt>
  <wpt lat="64.220847" lon="-21.7614234">
    <name>POI 2250</name>
    <sym>Waypoint</sym>
  </wpt>
  <wpt lat="65.18136" lon="-21.3129984">
    <name>POI 2251</name>
    <sym>Waypoint</sym>
  </wpt>
  <wpt lat="65.237046" lon="-21.2147676">
    <name>POI 2252</name>
    <sym>Waypoint</sym>
  </wpt>
  <wpt lat="65.5982981" lon="-23.9461271">
    <name>POI 2253</name>
    <sym>Waypoint</sym>
  </wpt>
  <wpt lat="64.7586916" lon="-22.0877137">
    <name>POI 2254</name>
    <sym>Waypoint</sym>
  </wpt>
  <wpt lat="64.7672597" lon="-22.0770769">
    <name>POI 2255</name>
    <sym>Waypoint</sym>
  </wpt>
  <wpt lat="66.0277072" lon="-17.2107471">
    <name>POI 2256</name>
    <sym>Waypoint</sym>
  </wpt>
  <wpt lat="66.0559076" lon="-17.272547">
    <name>POI 2257</name>
    <sym>Waypoint</sym>
  </wpt>
  <wpt lat="66.0298462" lon="-17.215142">
    <name>POI 2258</name>
    <sym>Waypoint</sym>
  </wpt>
  <wpt lat="63.8897448" lon="-21.1247575">
    <name>POI 2259</name>
    <sym>Waypoint</sym>
  </wpt>
  <wpt lat="64.4211063" lon="-14.8527532">
    <name>POI 2260</name>
    <sym>Waypoint</sym>
  </wpt>
  <wpt lat="64.4365643" lon="-14.8667361">
    <name>POI 2261</name>
    <sym>Waypoint</sym>
  </wpt>
  <wpt lat="64.0646008" lon="-16.9452718">
    <name>POI 2262</name>
    <sym>Waypoint</sym>
  </wpt>
  <wpt lat="63.8592943" lon="-18.0416268">
    <name>POI 2263</name>
    <sym>Waypoint</sym>
  </wpt>
  <wpt lat="63.866379" lon="-18.0693607">
    <name>POI 2264</name>
    <sym>Waypoint</sym>
  </wpt>
  <wpt lat="63.8521871" lon="-18.096078">
    <name>POI 2265</name>
    <sym>Waypoint</sym>
  </wpt>
  <wpt lat="64.8012088" lon="-20.6881955">
    <name>POI 2266</name>
    <sym>Waypoint</sym>
  </wpt>
  <wpt lat="65.6559889" lon="-18.1802549">
    <name>POI 2267</name>
    <sym>Waypoint</sym>
  </wpt>
  <wpt lat="63.4209375" lon="-19.0090827">
    <name>POI 2268</name>
    <sym>Waypoint</sym>
  </wpt>
  <wpt lat="63.4169145" lon="-19.005562">
    <name>POI 2269</name>
    <sym>Waypoint</sym>
  </wpt>
  <wpt lat="65.2081164" lon="-21.3082816">
    <name>POI 2270</name>
    <sym>Waypoint</sym>
  </wpt>
  <wpt lat="65.2112964" lon="-21.2813896">
    <name>POI 2271</name>
    <sym>Waypoint</sym>
  </wpt>
  <wpt lat="65.2107629" lon="-21.285191">
    <name>POI 2272</name>
    <sym>Waypoint</sym>
  </wpt>
  <wpt lat="65.6359759" lon="-23.7878508">
    <name>POI 2273</name>
    <sym>Waypoint</sym>
  </wpt>
  <wpt lat="65.6280778" lon="-23.8184573">
    <name>POI 2274</name>
    <sym>Waypoint</sym>
  </wpt>
  <wpt lat="63.8284588" lon="-18.3903194">
    <name>POI 2275</name>
    <sym>Waypoint</sym>
  </wpt>
  <wpt lat="64.6639798" lon="-19.2575885">
    <name>POI 2276</name>
    <sym>Waypoint</sym>
  </wpt>
  <wpt lat="63.9819126" lon="-18.5240308">
    <name>POI 2277</name>
    <sym>Waypoint</sym>
  </wpt>
  <wpt lat="63.9835169" lon="-18.525321">
    <name>POI 2278</name>
    <sym>Waypoint</sym>
  </wpt>
  <wpt lat="63.9852459" lon="-18.5280064">
    <name>POI 2279</name>
    <sym>Waypoint</sym>
  </wpt>
  <wpt lat="63.9850969" lon="-18.5295431">
    <name>POI 2280</name>
    <sym>Waypoint</sym>
  </wpt>
  <wpt lat="63.9843214" lon="-18.5310148">
    <name>POI 2281</name>
    <sym>Waypoint</sym>
  </wpt>
  <wpt lat="63.9628749" lon="-18.6078208">
    <name>POI 2282</name>
    <sym>Waypoint</sym>
  </wpt>
  <wpt lat="65.0890097" lon="-14.1127539">
    <name>POI 2283</name>
    <sym>Waypoint</sym>
  </wpt>
  <wpt lat="63.929665" lon="-18.6935608">
    <name>POI 2284</name>
    <sym>Waypoint</sym>
  </wpt>
  <wpt lat="64.8242666" lon="-23.7176034">
    <name>POI 2285</name>
    <sym>Waypoint</sym>
  </wpt>
  <wpt lat="63.7661015" lon="-19.3725377">
    <name>POI 2286</name>
    <sym>Waypoint</sym>
  </wpt>
  <wpt lat="64.5045454" lon="-21.8597564">
    <name>POI 2287</name>
    <sym>Waypoint</sym>
  </wpt>
  <wpt lat="64.6405099" lon="-14.5280275">
    <name>POI 2288</name>
    <sym>Waypoint</sym>
  </wpt>
  <wpt lat="64.6446432" lon="-14.5306664">
    <name>POI 2289</name>
    <sym>Waypoint</sym>
  </wpt>
  <wpt lat="64.6429924" lon="-14.5195757">
    <name>POI 2290</name>
    <sym>Waypoint</sym>
  </wpt>
  <wpt lat="64.648786" lon="-14.5405733">
    <name>POI 2291</name>
    <sym>Waypoint</sym>
  </wpt>
  <wpt lat="65.6782899" lon="-15.9534509">
    <name>POI 2292</name>
    <sym>Waypoint</sym>
  </wpt>
  <wpt lat="66.024295" lon="-22.3427347">
    <name>POI 2293</name>
    <sym>Waypoint</sym>
  </wpt>
  <wpt lat="66.0243024" lon="-22.3367454">
    <name>POI 2294</name>
    <sym>Waypoint</sym>
  </wpt>
  <wpt lat="66.024572" lon="-22.3358637">
    <name>POI 2295</name>
    <sym>Waypoint</sym>
  </wpt>
  <wpt lat="66.0253912" lon="-22.3296724">
    <name>POI 2296</name>
    <sym>Waypoint</sym>
  </wpt>
  <wpt lat="66.0271402" lon="-22.3195233">
    <name>POI 2297</name>
    <sym>Waypoint</sym>
  </wpt>
  <wpt lat="66.0347564" lon="-22.3026707">
    <name>POI 2298</name>
    <sym>Waypoint</sym>
  </wpt>
  <wpt lat="66.0301029" lon="-22.1465704">
    <name>POI 2299</name>
    <sym>Waypoint</sym>
  </wpt>
  <wpt lat="66.031527" lon="-22.0923585">
    <name>POI 2300</name>
    <sym>Waypoint</sym>
  </wpt>
  <wpt lat="66.0548242" lon="-22.1058617">
    <name>POI 2301</name>
    <sym>Waypoint</sym>
  </wpt>
  <wpt lat="66.0244269" lon="-22.3363384">
    <name>POI 2302</name>
    <sym>Waypoint</sym>
  </wpt>
  <wpt lat="63.8877128" lon="-18.2304861">
    <name>POI 2303</name>
    <sym>Waypoint</sym>
  </wpt>
  <wpt lat="64.9685436" lon="-17.573926">
    <name>POI 2304</name>
    <sym>Waypoint</sym>
  </wpt>
  <wpt lat="64.9685405" lon="-17.5739537">
    <name>POI 2305</name>
    <sym>Waypoint</sym>
  </wpt>
  <wpt lat="64.9733168" lon="-17.5539693">
    <name>POI 2306</name>
    <sym>Waypoint</sym>
  </wpt>
  <wpt lat="65.0480488" lon="-17.4609381">
    <name>POI 2307</name>
    <sym>Waypoint</sym>
  </wpt>
  <wpt lat="65.2577516" lon="-17.3143811">
    <name>POI 2308</name>
    <sym>Waypoint</sym>
  </wpt>
  <wpt lat="63.4244866" lon="-19.0012222">
    <name>POI 2309</name>
    <sym>Waypoint</sym>
  </wpt>
  <wpt lat="65.7003232" lon="-21.5714931">
    <name>POI 2310</name>
    <sym>Waypoint</sym>
  </wpt>
  <wpt lat="64.8234653" lon="-17.7685629">
    <name>POI 2311</name>
    <sym>Waypoint</sym>
  </wpt>
  <wpt lat="63.6831123" lon="-19.5120029">
    <name>POI 2312</name>
    <sym>Waypoint</sym>
  </wpt>
  <wpt lat="63.6219441" lon="-19.4440277">
    <name>POI 2313</name>
    <sym>Waypoint</sym>
  </wpt>
  <wpt lat="65.5245747" lon="-17.0170625">
    <name>POI 2314</name>
    <sym>Waypoint</sym>
  </wpt>
  <wpt lat="65.2983033" lon="-17.308452">
    <name>POI 2315</name>
    <sym>Waypoint</sym>
  </wpt>
  <wpt lat="65.2172211" lon="-17.3304305">
    <name>POI 2316</name>
    <sym>Waypoint</sym>
  </wpt>
  <wpt lat="64.9842497" lon="-17.514952">
    <name>POI 2317</name>
    <sym>Waypoint</sym>
  </wpt>
  <wpt lat="64.9581312" lon="-17.6194733">
    <name>POI 2318</name>
    <sym>Waypoint</sym>
  </wpt>
  <wpt lat="64.9422858" lon="-17.6327111">
    <name>POI 2319</name>
    <sym>Waypoint</sym>
  </wpt>
  <wpt lat="64.8797507" lon="-17.6517295">
    <name>POI 2320</name>
    <sym>Waypoint</sym>
  </wpt>
  <wpt lat="64.9782416" lon="-17.5296231">
    <name>POI 2321</name>
    <sym>Waypoint</sym>
  </wpt>
  <wpt lat="64.939766" lon="-17.6481553">
    <name>POI 2322</name>
    <sym>Waypoint</sym>
  </wpt>
  <wpt lat="64.9614723" lon="-17.6162154">
    <name>POI 2323</name>
    <sym>Waypoint</sym>
  </wpt>
  <wpt lat="65.0552705" lon="-17.6167966">
    <name>POI 2324</name>
    <sym>Waypoint</sym>
  </wpt>
  <wpt lat="63.6809497" lon="-19.4959666">
    <name>POI 2325</name>
    <sym>Waypoint</sym>
  </wpt>
  <wpt lat="63.6844604" lon="-19.5070346">
    <name>POI 2326</name>
    <sym>Waypoint</sym>
  </wpt>
  <wpt lat="63.6839321" lon="-19.5124032">
    <name>POI 2327</name>
    <sym>Waypoint</sym>
  </wpt>
  <wpt lat="63.684496" lon="-19.5084373">
    <name>POI 2328</name>
    <sym>Waypoint</sym>
  </wpt>
  <wpt lat="63.6775471" lon="-19.4700422">
    <name>POI 2329</name>
    <sym>Waypoint</sym>
  </wpt>
  <wpt lat="64.6724882" lon="-19.382977">
    <name>POI 2330</name>
    <sym>Waypoint</sym>
  </wpt>
  <wpt lat="64.5510101" lon="-19.4895506">
    <name>POI 2331</name>
    <sym>Waypoint</sym>
  </wpt>
  <wpt lat="64.5100174" lon="-19.518843">
    <name>POI 2332</name>
    <sym>Waypoint</sym>
  </wpt>
  <wpt lat="64.4861135" lon="-19.612085">
    <name>POI 2333</name>
    <sym>Waypoint</sym>
  </wpt>
  <wpt lat="63.7029901" lon="-19.4966513">
    <name>POI 2334</name>
    <sym>Waypoint</sym>
  </wpt>
  <wpt lat="64.9626034" lon="-17.6099586">
    <name>POI 2335</name>
    <sym>Waypoint</sym>
  </wpt>
  <wpt lat="64.8042882" lon="-17.94583">
    <name>POI 2336</name>
    <sym>Waypoint</sym>
  </wpt>
  <wpt lat="64.8213479" lon="-17.7147201">
    <name>POI 2337</name>
    <sym>Waypoint</sym>
  </wpt>
  <wpt lat="65.5207857" lon="-17.019973">
    <name>POI 2338</name>
    <sym>Waypoint</sym>
  </wpt>
  <wpt lat="64.831194" lon="-17.8195237">
    <name>POI 2339</name>
    <sym>Waypoint</sym>
  </wpt>
  <wpt lat="64.8261894" lon="-17.6552114">
    <name>POI 2340</name>
    <sym>Waypoint</sym>
  </wpt>
  <wpt lat="64.9999198" lon="-17.5197725">
    <name>POI 2341</name>
    <sym>Waypoint</sym>
  </wpt>
  <wpt lat="63.877837" lon="-18.7311614">
    <name>POI 2342</name>
    <sym>Waypoint</sym>
  </wpt>
  <wpt lat="63.8794396" lon="-18.7361599">
    <name>POI 2343</name>
    <sym>Waypoint</sym>
  </wpt>
  <wpt lat="63.9258839" lon="-18.6083946">
    <name>POI 2344</name>
    <sym>Waypoint</sym>
  </wpt>
  <wpt lat="63.9237427" lon="-18.6189021">
    <name>POI 2345</name>
    <sym>Waypoint</sym>
  </wpt>
  <wpt lat="63.9402371" lon="-18.6037479">
    <name>POI 2346</name>
    <sym>Waypoint</sym>
  </wpt>
  <wpt lat="63.9310842" lon="-19.1647686">
    <name>POI 2347</name>
    <sym>Waypoint</sym>
  </wpt>
  <wpt lat="63.9308573" lon="-19.1642622">
    <name>POI 2348</name>
    <sym>Waypoint</sym>
  </wpt>
  <wpt lat="63.9294905" lon="-19.1624933">
    <name>POI 2349</name>
    <sym>Waypoint</sym>
  </wpt>
  <wpt lat="63.9289719" lon="-19.1622028">
    <name>POI 2350</name>
    <sym>Waypoint</sym>
  </wpt>
  <wpt lat="63.9244016" lon="-19.1587767">
    <name>POI 2351</name>
    <sym>Waypoint</sym>
  </wpt>
  <wpt lat="63.9214783" lon="-19.1566482">
    <name>POI 2352</name>
    <sym>Waypoint</sym>
  </wpt>
  <wpt lat="63.9223322" lon="-19.1577404">
    <name>POI 2353</name>
    <sym>Waypoint</sym>
  </wpt>
  <wpt lat="63.9116555" lon="-19.154104">
    <name>POI 2354</name>
    <sym>Waypoint</sym>
  </wpt>
  <wpt lat="63.9066539" lon="-19.1517941">
    <name>POI 2355</name>
    <sym>Waypoint</sym>
  </wpt>
  <wpt lat="63.9068501" lon="-19.1516898">
    <name>POI 2356</name>
    <sym>Waypoint</sym>
  </wpt>
  <wpt lat="63.9088449" lon="-19.1524757">
    <name>POI 2357</name>
    <sym>Waypoint</sym>
  </wpt>
  <wpt lat="63.9081851" lon="-19.1526942">
    <name>POI 2358</name>
    <sym>Waypoint</sym>
  </wpt>
  <wpt lat="63.9147263" lon="-19.1587846">
    <name>POI 2359</name>
    <sym>Waypoint</sym>
  </wpt>
  <wpt lat="63.9004052" lon="-19.1628878">
    <name>POI 2360</name>
    <sym>Waypoint</sym>
  </wpt>
  <wpt lat="63.8394338" lon="-18.9727507">
    <name>POI 2361</name>
    <sym>Waypoint</sym>
  </wpt>
  <wpt lat="63.8067223" lon="-18.9042604">
    <name>POI 2362</name>
    <sym>Waypoint</sym>
  </wpt>
  <wpt lat="64.0071899" lon="-18.262257">
    <name>POI 2363</name>
    <sym>Waypoint</sym>
  </wpt>
  <wpt lat="64.3861536" lon="-21.2556517">
    <name>POI 2364</name>
    <sym>Waypoint</sym>
  </wpt>
  <wpt lat="64.3861978" lon="-21.258213">
    <name>POI 2365</name>
    <sym>Waypoint</sym>
  </wpt>
  <wpt lat="64.3854402" lon="-21.2595132">
    <name>POI 2366</name>
    <sym>Waypoint</sym>
  </wpt>
  <wpt lat="64.3855361" lon="-21.2598497">
    <name>POI 2367</name>
    <sym>Waypoint</sym>
  </wpt>
  <wpt lat="66.3385168" lon="-22.2784616">
    <name>POI 2368</name>
    <sym>Waypoint</sym>
  </wpt>
  <wpt lat="66.3613172" lon="-22.2783525">
    <name>POI 2369</name>
    <sym>Waypoint</sym>
  </wpt>
  <wpt lat="66.3656996" lon="-22.279102">
    <name>POI 2370</name>
    <sym>Waypoint</sym>
  </wpt>
  <wpt lat="66.3831362" lon="-22.3197301">
    <name>POI 2371</name>
    <sym>Waypoint</sym>
  </wpt>
  <wpt lat="66.4249567" lon="-22.4886912">
    <name>POI 2372</name>
    <sym>Waypoint</sym>
  </wpt>
  <wpt lat="66.3720162" lon="-22.595942">
    <name>POI 2373</name>
    <sym>Waypoint</sym>
  </wpt>
  <wpt lat="66.3720772" lon="-22.5955097">
    <name>POI 2374</name>
    <sym>Waypoint</sym>
  </wpt>
  <wpt lat="66.3742476" lon="-22.5889031">
    <name>POI 2375</name>
    <sym>Waypoint</sym>
  </wpt>
  <wpt lat="66.3784001" lon="-22.5793334">
    <name>POI 2376</name>
    <sym>Waypoint</sym>
  </wpt>
  <wpt lat="66.3817515" lon="-22.571001">
    <name>POI 2377</name>
    <sym>Waypoint</sym>
  </wpt>
  <wpt lat="66.4228871" lon="-22.5965379">
    <name>POI 2378</name>
    <sym>Waypoint</sym>
  </wpt>
  <wpt lat="66.4262886" lon="-22.6062797">
    <name>POI 2379</name>
    <sym>Waypoint</sym>
  </wpt>
  <wpt lat="66.4210788" lon="-22.6519785">
    <name>POI 2380</name>
    <sym>Waypoint</sym>
  </wpt>
  <wpt lat="66.4151251" lon="-22.6690721">
    <name>POI 2381</name>
    <sym>Waypoint</sym>
  </wpt>
  <wpt lat="66.4171743" lon="-22.7202431">
    <name>POI 2382</name>
    <sym>Waypoint</sym>
  </wpt>
  <wpt lat="66.4178845" lon="-22.7210349">
    <name>POI 2383</name>
    <sym>Waypoint</sym>
  </wpt>
  <wpt lat="66.4222091" lon="-22.7395342">
    <name>POI 2384</name>
    <sym>Waypoint</sym>
  </wpt>
  <wpt lat="66.4079414" lon="-22.8647268">
    <name>POI 2385</name>
    <sym>Waypoint</sym>
  </wpt>
  <wpt lat="66.3407387" lon="-22.8848197">
    <name>POI 2386</name>
    <sym>Waypoint</sym>
  </wpt>
  <wpt lat="66.3438744" lon="-22.8851153">
    <name>POI 2387</name>
    <sym>Waypoint</sym>
  </wpt>
  <wpt lat="66.3655248" lon="-22.8812219">
    <name>POI 2388</name>
    <sym>Waypoint</sym>
  </wpt>
  <wpt lat="66.3513561" lon="-22.8857455">
    <name>POI 2389</name>
    <sym>Waypoint</sym>
  </wpt>
  <wpt lat="66.370087" lon="-22.803593">
    <name>POI 2390</name>
    <sym>Waypoint</sym>
  </wpt>
  <wpt lat="66.4073042" lon="-22.7132568">
    <name>POI 2391</name>
    <sym>Waypoint</sym>
  </wpt>
  <wpt lat="66.3906891" lon="-22.7382311">
    <name>POI 2392</name>
    <sym>Waypoint</sym>
  </wpt>
  <wpt lat="66.3913291" lon="-22.7377478">
    <name>POI 2393</name>
    <sym>Waypoint</sym>
  </wpt>
  <wpt lat="66.4075616" lon="-22.7103163">
    <name>POI 2394</name>
    <sym>Waypoint</sym>
  </wpt>
  <wpt lat="66.3257614" lon="-22.882747">
    <name>POI 2395</name>
    <sym>Waypoint</sym>
  </wpt>
  <wpt lat="66.3287009" lon="-22.8816196">
    <name>POI 2396</name>
    <sym>Waypoint</sym>
  </wpt>
  <wpt lat="66.3740716" lon="-22.9729526">
    <name>POI 2397</name>
    <sym>Waypoint</sym>
  </wpt>
  <wpt lat="66.3758796" lon="-22.9751254">
    <name>POI 2398</name>
    <sym>Waypoint</sym>
  </wpt>
  <wpt lat="66.4277062" lon="-22.6129984">
    <name>POI 2399</name>
    <sym>Waypoint</sym>
  </wpt>
  <wpt lat="66.4212861" lon="-22.5672007">
    <name>POI 2400</name>
    <sym>Waypoint</sym>
  </wpt>
  <wpt lat="66.421534" lon="-22.5662594">
    <name>POI 2401</name>
    <sym>Waypoint</sym>
  </wpt>
  <wpt lat="66.4210534" lon="-22.5695233">
    <name>POI 2402</name>
    <sym>Waypoint</sym>
  </wpt>
  <wpt lat="66.4300565" lon="-22.518395">
    <name>POI 2403</name>
    <sym>Waypoint</sym>
  </wpt>
  <wpt lat="66.4255202" lon="-22.481851">
    <name>POI 2404</name>
    <sym>Waypoint</sym>
  </wpt>
  <wpt lat="66.4510609" lon="-22.4299346">
    <name>POI 2405</name>
    <sym>Waypoint</sym>
  </wpt>
  <wpt lat="66.4424798" lon="-22.4249019">
    <name>POI 2406</name>
    <sym>Waypoint</sym>
  </wpt>
  <wpt lat="66.4425888" lon="-22.4253936">
    <name>POI 2407</name>
    <sym>Waypoint</sym>
  </wpt>
  <wpt lat="66.448933" lon="-22.439909">
    <name>POI 2408</name>
    <sym>Waypoint</sym>
  </wpt>
  <wpt lat="66.4490563" lon="-22.4480662">
    <name>POI 2409</name>
    <sym>Waypoint</sym>
  </wpt>
  <wpt lat="66.3954177" lon="-22.3700738">
    <name>POI 2410</name>
    <sym>Waypoint</sym>
  </wpt>
  <wpt lat="66.3957429" lon="-22.3702422">
    <name>POI 2411</name>
    <sym>Waypoint</sym>
  </wpt>
  <wpt lat="66.3909998" lon="-22.3531507">
    <name>POI 2412</name>
    <sym>Waypoint</sym>
  </wpt>
  <wpt lat="66.3701453" lon="-22.2760066">
    <name>POI 2413</name>
    <sym>Waypoint</sym>
  </wpt>
  <wpt lat="66.3667611" lon="-22.2786903">
    <name>POI 2414</name>
    <sym>Waypoint</sym>
  </wpt>
  <wpt lat="66.3697713" lon="-22.2763599">
    <name>POI 2415</name>
    <sym>Waypoint</sym>
  </wpt>
  <wpt lat="66.2369209" lon="-22.172335">
    <name>POI 2416</name>
    <sym>Waypoint</sym>
  </wpt>
  <wpt lat="66.2367298" lon="-22.1670129">
    <name>POI 2417</name>
    <sym>Waypoint</sym>
  </wpt>
  <wpt lat="66.2367706" lon="-22.1678063">
    <name>POI 2418</name>
    <sym>Waypoint</sym>
  </wpt>
  <wpt lat="66.2366248" lon="-22.165689">
    <name>POI 2419</name>
    <sym>Waypoint</sym>
  </wpt>
  <wpt lat="66.2452914" lon="-21.9547239">
    <name>POI 2420</name>
    <sym>Waypoint</sym>
  </wpt>
  <wpt lat="66.2304609" lon="-21.9625282">
    <name>POI 2421</name>
    <sym>Waypoint</sym>
  </wpt>
  <wpt lat="66.2306405" lon="-21.9636954">
    <name>POI 2422</name>
    <sym>Waypoint</sym>
  </wpt>
  <wpt lat="66.1983408" lon="-22.0069234">
    <name>POI 2423</name>
    <sym>Waypoint</sym>
  </wpt>
  <wpt lat="66.1952381" lon="-22.0124806">
    <name>POI 2424</name>
    <sym>Waypoint</sym>
  </wpt>
  <wpt lat="66.1952694" lon="-22.0106945">
    <name>POI 2425</name>
    <sym>Waypoint</sym>
  </wpt>
  <wpt lat="66.1951623" lon="-22.0076555">
    <name>POI 2426</name>
    <sym>Waypoint</sym>
  </wpt>
  <wpt lat="66.1962423" lon="-21.9997009">
    <name>POI 2427</name>
    <sym>Waypoint</sym>
  </wpt>
  <wpt lat="66.2053268" lon="-21.9103678">
    <name>POI 2428</name>
    <sym>Waypoint</sym>
  </wpt>
  <wpt lat="66.189465" lon="-21.8704228">
    <name>POI 2429</name>
    <sym>Waypoint</sym>
  </wpt>
  <wpt lat="66.1890281" lon="-21.8715151">
    <name>POI 2430</name>
    <sym>Waypoint</sym>
  </wpt>
  <wpt lat="66.1893142" lon="-21.8719024">
    <name>POI 2431</name>
    <sym>Waypoint</sym>
  </wpt>
  <wpt lat="66.2541091" lon="-22.3214318">
    <name>POI 2432</name>
    <sym>Waypoint</sym>
  </wpt>
  <wpt lat="66.2549165" lon="-22.3305728">
    <name>POI 2433</name>
    <sym>Waypoint</sym>
  </wpt>
  <wpt lat="66.2552402" lon="-22.3319519">
    <name>POI 2434</name>
    <sym>Waypoint</sym>
  </wpt>
  <wpt lat="66.2548995" lon="-22.3095521">
    <name>POI 2435</name>
    <sym>Waypoint</sym>
  </wpt>
  <wpt lat="66.2615078" lon="-22.2702517">
    <name>POI 2436</name>
    <sym>Waypoint</sym>
  </wpt>
  <wpt lat="66.2603476" lon="-22.2738614">
    <name>POI 2437</name>
    <sym>Waypoint</sym>
  </wpt>
  <wpt lat="66.259613" lon="-22.2763077">
    <name>POI 2438</name>
    <sym>Waypoint</sym>
  </wpt>
  <wpt lat="66.260092" lon="-22.2747124">
    <name>POI 2439</name>
    <sym>Waypoint</sym>
  </wpt>
  <wpt lat="66.2609821" lon="-22.271822">
    <name>POI 2440</name>
    <sym>Waypoint</sym>
  </wpt>
  <wpt lat="66.2606246" lon="-22.2729387">
    <name>POI 2441</name>
    <sym>Waypoint</sym>
  </wpt>
  <wpt lat="66.2618815" lon="-22.2691356">
    <name>POI 2442</name>
    <sym>Waypoint</sym>
  </wpt>
  <wpt lat="66.262345" lon="-22.2676595">
    <name>POI 2443</name>
    <sym>Waypoint</sym>
  </wpt>
  <wpt lat="66.2635211" lon="-22.241232">
    <name>POI 2444</name>
    <sym>Waypoint</sym>
  </wpt>
  <wpt lat="66.2371105" lon="-22.2920831">
    <name>POI 2445</name>
    <sym>Waypoint</sym>
  </wpt>
  <wpt lat="66.2613136" lon="-22.2708319">
    <name>POI 2446</name>
    <sym>Waypoint</sym>
  </wpt>
  <wpt lat="66.2589827" lon="-22.278407">
    <name>POI 2447</name>
    <sym>Waypoint</sym>
  </wpt>
  <wpt lat="66.2773906" lon="-22.2256507">
    <name>POI 2448</name>
    <sym>Waypoint</sym>
  </wpt>
  <wpt lat="66.425429" lon="-22.4907307">
    <name>POI 2449</name>
    <sym>Waypoint</sym>
  </wpt>
  <wpt lat="66.4013961" lon="-22.5311727">
    <name>POI 2450</name>
    <sym>Waypoint</sym>
  </wpt>
  <wpt lat="66.3998538" lon="-22.5344383">
    <name>POI 2451</name>
    <sym>Waypoint</sym>
  </wpt>
  <wpt lat="66.3711583" lon="-22.5993127">
    <name>POI 2452</name>
    <sym>Waypoint</sym>
  </wpt>
  <wpt lat="66.3704615" lon="-22.6011968">
    <name>POI 2453</name>
    <sym>Waypoint</sym>
  </wpt>
  <wpt lat="66.3676695" lon="-22.6057341">
    <name>POI 2454</name>
    <sym>Waypoint</sym>
  </wpt>
  <wpt lat="66.3105473" lon="-22.9301792">
    <name>POI 2455</name>
    <sym>Waypoint</sym>
  </wpt>
  <wpt lat="66.3001928" lon="-22.9558072">
    <name>POI 2456</name>
    <sym>Waypoint</sym>
  </wpt>
  <wpt lat="66.3073377" lon="-22.4578305">
    <name>POI 2457</name>
    <sym>Waypoint</sym>
  </wpt>
  <wpt lat="66.3072885" lon="-22.4577925">
    <name>POI 2458</name>
    <sym>Waypoint</sym>
  </wpt>
  <wpt lat="66.3073777" lon="-22.4578776">
    <name>POI 2459</name>
    <sym>Waypoint</sym>
  </wpt>
  <wpt lat="66.4231973" lon="-22.7407714">
    <name>POI 2460</name>
    <sym>Waypoint</sym>
  </wpt>
  <wpt lat="66.25149" lon="-22.05943">
    <name>POI 2461</name>
    <sym>Waypoint</sym>
  </wpt>
  <wpt lat="66.2513873" lon="-22.0599454">
    <name>POI 2462</name>
    <sym>Waypoint</sym>
  </wpt>
  <wpt lat="66.23044" lon="-22.06989">
    <name>POI 2463</name>
    <sym>Waypoint</sym>
  </wpt>
  <wpt lat="66.2406111" lon="-22.0823004">
    <name>POI 2464</name>
    <sym>Waypoint</sym>
  </wpt>
  <wpt lat="66.2432387" lon="-22.0838138">
    <name>POI 2465</name>
    <sym>Waypoint</sym>
  </wpt>
  <wpt lat="66.2391288" lon="-22.0792703">
    <name>POI 2466</name>
    <sym>Waypoint</sym>
  </wpt>
  <wpt lat="66.212515" lon="-22.0429747">
    <name>POI 2467</name>
    <sym>Waypoint</sym>
  </wpt>
  <wpt lat="66.2127109" lon="-22.0435645">
    <name>POI 2468</name>
    <sym>Waypoint</sym>
  </wpt>
  <wpt lat="66.1969357" lon="-21.995712">
    <name>POI 2469</name>
    <sym>Waypoint</sym>
  </wpt>
  <wpt lat="66.1865772" lon="-21.8744694">
    <name>POI 2470</name>
    <sym>Waypoint</sym>
  </wpt>
  <wpt lat="66.1869186" lon="-21.8746306">
    <name>POI 2471</name>
    <sym>Waypoint</sym>
  </wpt>
  <wpt lat="66.1884491" lon="-21.8576933">
    <name>POI 2472</name>
    <sym>Waypoint</sym>
  </wpt>
  <wpt lat="66.1888581" lon="-21.8651448">
    <name>POI 2473</name>
    <sym>Waypoint</sym>
  </wpt>
  <wpt lat="66.1893964" lon="-21.8720013">
    <name>POI 2474</name>
    <sym>Waypoint</sym>
  </wpt>
  <wpt lat="66.1905829" lon="-21.8740209">
    <name>POI 2475</name>
    <sym>Waypoint</sym>
  </wpt>
  <wpt lat="66.1926996" lon="-21.8780054">
    <name>POI 2476</name>
    <sym>Waypoint</sym>
  </wpt>
  <wpt lat="66.1952972" lon="-22.0041689">
    <name>POI 2477</name>
    <sym>Waypoint</sym>
  </wpt>
  <wpt lat="66.2366463" lon="-22.1697476">
    <name>POI 2478</name>
    <sym>Waypoint</sym>
  </wpt>
  <wpt lat="66.2366328" lon="-22.1709458">
    <name>POI 2479</name>
    <sym>Waypoint</sym>
  </wpt>
  <wpt lat="66.241268" lon="-22.2018954">
    <name>POI 2480</name>
    <sym>Waypoint</sym>
  </wpt>
  <wpt lat="66.2466475" lon="-22.2244992">
    <name>POI 2481</name>
    <sym>Waypoint</sym>
  </wpt>
  <wpt lat="66.2455964" lon="-22.2323371">
    <name>POI 2482</name>
    <sym>Waypoint</sym>
  </wpt>
  <wpt lat="66.2456294" lon="-22.2325969">
    <name>POI 2483</name>
    <sym>Waypoint</sym>
  </wpt>
  <wpt lat="66.2456045" lon="-22.2328888">
    <name>POI 2484</name>
    <sym>Waypoint</sym>
  </wpt>
  <wpt lat="66.2454533" lon="-22.2330755">
    <name>POI 2485</name>
    <sym>Waypoint</sym>
  </wpt>
  <wpt lat="66.2437859" lon="-22.287485">
    <name>POI 2486</name>
    <sym>Waypoint</sym>
  </wpt>
  <wpt lat="66.2436678" lon="-22.2876279">
    <name>POI 2487</name>
    <sym>Waypoint</sym>
  </wpt>
  <wpt lat="66.2442778" lon="-22.2876022">
    <name>POI 2488</name>
    <sym>Waypoint</sym>
  </wpt>
  <wpt lat="66.244231" lon="-22.2416953">
    <name>POI 2489</name>
    <sym>Waypoint</sym>
  </wpt>
  <wpt lat="66.2447888" lon="-22.2427583">
    <name>POI 2490</name>
    <sym>Waypoint</sym>
  </wpt>
  <wpt lat="66.2443966" lon="-22.2444656">
    <name>POI 2491</name>
    <sym>Waypoint</sym>
  </wpt>
  <wpt lat="66.2444999" lon="-22.2444816">
    <name>POI 2492</name>
    <sym>Waypoint</sym>
  </wpt>
  <wpt lat="66.2425871" lon="-22.2579064">
    <name>POI 2493</name>
    <sym>Waypoint</sym>
  </wpt>
  <wpt lat="66.2424103" lon="-22.2667708">
    <name>POI 2494</name>
    <sym>Waypoint</sym>
  </wpt>
  <wpt lat="66.2426143" lon="-22.2690029">
    <name>POI 2495</name>
    <sym>Waypoint</sym>
  </wpt>
  <wpt lat="66.2400368" lon="-22.2610518">
    <name>POI 2496</name>
    <sym>Waypoint</sym>
  </wpt>
  <wpt lat="66.2392963" lon="-22.2646162">
    <name>POI 2497</name>
    <sym>Waypoint</sym>
  </wpt>
  <wpt lat="66.2387705" lon="-22.270025">
    <name>POI 2498</name>
    <sym>Waypoint</sym>
  </wpt>
  <wpt lat="66.237659" lon="-22.2779731">
    <name>POI 2499</name>
    <sym>Waypoint</sym>
  </wpt>
  <wpt lat="66.2373702" lon="-22.2791853">
    <name>POI 2500</name>
    <sym>Waypoint</sym>
  </wpt>
  <wpt lat="66.2419651" lon="-22.2962565">
    <name>POI 2501</name>
    <sym>Waypoint</sym>
  </wpt>
  <wpt lat="66.2515521" lon="-22.3125802">
    <name>POI 2502</name>
    <sym>Waypoint</sym>
  </wpt>
  <wpt lat="66.2730698" lon="-22.3939754">
    <name>POI 2503</name>
    <sym>Waypoint</sym>
  </wpt>
  <wpt lat="66.2761583" lon="-22.4375992">
    <name>POI 2504</name>
    <sym>Waypoint</sym>
  </wpt>
  <wpt lat="66.2801559" lon="-22.4421548">
    <name>POI 2505</name>
    <sym>Waypoint</sym>
  </wpt>
  <wpt lat="66.2423172" lon="-22.8729937">
    <name>POI 2506</name>
    <sym>Waypoint</sym>
  </wpt>
  <wpt lat="66.242421" lon="-22.8729645">
    <name>POI 2507</name>
    <sym>Waypoint</sym>
  </wpt>
  <wpt lat="66.2057887" lon="-22.4930386">
    <name>POI 2508</name>
    <sym>Waypoint</sym>
  </wpt>
  <wpt lat="66.2053821" lon="-22.4928559">
    <name>POI 2509</name>
    <sym>Waypoint</sym>
  </wpt>
  <wpt lat="66.2428167" lon="-22.26993">
    <name>POI 2510</name>
    <sym>Waypoint</sym>
  </wpt>
  <wpt lat="66.2434386" lon="-22.2774459">
    <name>POI 2511</name>
    <sym>Waypoint</sym>
  </wpt>
  <wpt lat="63.4852349" lon="-18.9457609">
    <name>POI 2512</name>
    <sym>Waypoint</sym>
  </wpt>
  <wpt lat="63.5232279" lon="-18.8551488">
    <name>POI 2513</name>
    <sym>Waypoint</sym>
  </wpt>
  <wpt lat="63.5231658" lon="-18.8553328">
    <name>POI 2514</name>
    <sym>Waypoint</sym>
  </wpt>
  <wpt lat="63.5363479" lon="-18.8651496">
    <name>POI 2515</name>
    <sym>Waypoint</sym>
  </wpt>
  <wpt lat="63.5349203" lon="-18.8645428">
    <name>POI 2516</name>
    <sym>Waypoint</sym>
  </wpt>
  <wpt lat="63.5352217" lon="-18.8646429">
    <name>POI 2517</name>
    <sym>Waypoint</sym>
  </wpt>
  <wpt lat="63.6854746" lon="-19.4845408">
    <name>POI 2518</name>
    <sym>Waypoint</sym>
  </wpt>
  <wpt lat="63.6853694" lon="-19.4845898">
    <name>POI 2519</name>
    <sym>Waypoint</sym>
  </wpt>
  <wpt lat="63.6851027" lon="-19.4847302">
    <name>POI 2520</name>
    <sym>Waypoint</sym>
  </wpt>
  <wpt lat="66.3554033" lon="-22.8263975">
    <name>POI 2521</name>
    <sym>Waypoint</sym>
  </wpt>
  <wpt lat="66.3707434" lon="-22.8017207">
    <name>POI 2522</name>
    <sym>Waypoint</sym>
  </wpt>
  <wpt lat="66.3720649" lon="-22.7989562">
    <name>POI 2523</name>
    <sym>Waypoint</sym>
  </wpt>
  <wpt lat="66.3737911" lon="-22.7946665">
    <name>POI 2524</name>
    <sym>Waypoint</sym>
  </wpt>
  <wpt lat="66.3745474" lon="-22.7932656">
    <name>POI 2525</name>
    <sym>Waypoint</sym>
  </wpt>
  <wpt lat="66.3757454" lon="-22.7913278">
    <name>POI 2526</name>
    <sym>Waypoint</sym>
  </wpt>
  <wpt lat="66.3760147" lon="-22.7899742">
    <name>POI 2527</name>
    <sym>Waypoint</sym>
  </wpt>
  <wpt lat="66.3766203" lon="-22.7883322">
    <name>POI 2528</name>
    <sym>Waypoint</sym>
  </wpt>
  <wpt lat="66.3764108" lon="-22.789099">
    <name>POI 2529</name>
    <sym>Waypoint</sym>
  </wpt>
  <wpt lat="66.3767495" lon="-22.7879445">
    <name>POI 2530</name>
    <sym>Waypoint</sym>
  </wpt>
  <wpt lat="66.3790758" lon="-22.7809658">
    <name>POI 2531</name>
    <sym>Waypoint</sym>
  </wpt>
  <wpt lat="66.3851692" lon="-22.7591278">
    <name>POI 2532</name>
    <sym>Waypoint</sym>
  </wpt>
  <wpt lat="66.3850405" lon="-22.7605235">
    <name>POI 2533</name>
    <sym>Waypoint</sym>
  </wpt>
  <wpt lat="66.3955392" lon="-22.7325246">
    <name>POI 2534</name>
    <sym>Waypoint</sym>
  </wpt>
  <wpt lat="66.4041262" lon="-22.7152899">
    <name>POI 2535</name>
    <sym>Waypoint</sym>
  </wpt>
  <wpt lat="66.4045531" lon="-22.7151265">
    <name>POI 2536</name>
    <sym>Waypoint</sym>
  </wpt>
  <wpt lat="66.4054229" lon="-22.714372">
    <name>POI 2537</name>
    <sym>Waypoint</sym>
  </wpt>
  <wpt lat="66.4109415" lon="-22.7047555">
    <name>POI 2538</name>
    <sym>Waypoint</sym>
  </wpt>
  <wpt lat="66.4182818" lon="-22.7216479">
    <name>POI 2539</name>
    <sym>Waypoint</sym>
  </wpt>
  <wpt lat="66.4181563" lon="-22.7215271">
    <name>POI 2540</name>
    <sym>Waypoint</sym>
  </wpt>
  <wpt lat="66.3513127" lon="-22.8323552">
    <name>POI 2541</name>
    <sym>Waypoint</sym>
  </wpt>
  <wpt lat="66.3483578" lon="-22.8488934">
    <name>POI 2542</name>
    <sym>Waypoint</sym>
  </wpt>
  <wpt lat="66.2991272" lon="-22.9607852">
    <name>POI 2543</name>
    <sym>Waypoint</sym>
  </wpt>
  <wpt lat="66.3217102" lon="-23.0127405">
    <name>POI 2544</name>
    <sym>Waypoint</sym>
  </wpt>
  <wpt lat="66.3218412" lon="-23.0151832">
    <name>POI 2545</name>
    <sym>Waypoint</sym>
  </wpt>
  <wpt lat="66.3294809" lon="-23.0521034">
    <name>POI 2546</name>
    <sym>Waypoint</sym>
  </wpt>
  <wpt lat="66.3290656" lon="-23.0533843">
    <name>POI 2547</name>
    <sym>Waypoint</sym>
  </wpt>
  <wpt lat="66.341866" lon="-23.0966555">
    <name>POI 2548</name>
    <sym>Waypoint</sym>
  </wpt>
  <wpt lat="66.3376088" lon="-23.1071238">
    <name>POI 2549</name>
    <sym>Waypoint</sym>
  </wpt>
  <wpt lat="66.337872" lon="-23.1113825">
    <name>POI 2550</name>
    <sym>Waypoint</sym>
  </wpt>
  <wpt lat="64.2626631" lon="-21.3726352">
    <name>POI 2551</name>
    <sym>Waypoint</sym>
  </wpt>
  <wpt lat="66.4204688" lon="-22.8274914">
    <name>POI 2552</name>
    <sym>Waypoint</sym>
  </wpt>
  <wpt lat="66.4146951" lon="-22.8404118">
    <name>POI 2553</name>
    <sym>Waypoint</sym>
  </wpt>
  <wpt lat="66.322586" lon="-22.5053684">
    <name>POI 2554</name>
    <sym>Waypoint</sym>
  </wpt>
  <wpt lat="66.3118562" lon="-22.517825">
    <name>POI 2555</name>
    <sym>Waypoint</sym>
  </wpt>
  <wpt lat="66.3000264" lon="-22.5383637">
    <name>POI 2556</name>
    <sym>Waypoint</sym>
  </wpt>
  <wpt lat="66.2994343" lon="-22.540916">
    <name>POI 2557</name>
    <sym>Waypoint</sym>
  </wpt>
  <wpt lat="66.2950573" lon="-22.5549779">
    <name>POI 2558</name>
    <sym>Waypoint</sym>
  </wpt>
  <wpt lat="66.2851017" lon="-22.6079452">
    <name>POI 2559</name>
    <sym>Waypoint</sym>
  </wpt>
  <wpt lat="66.3087353" lon="-22.4554254">
    <name>POI 2560</name>
    <sym>Waypoint</sym>
  </wpt>
  <wpt lat="66.3081511" lon="-22.4567897">
    <name>POI 2561</name>
    <sym>Waypoint</sym>
  </wpt>
  <wpt lat="66.3266792" lon="-22.4757372">
    <name>POI 2562</name>
    <sym>Waypoint</sym>
  </wpt>
  <wpt lat="66.3274128" lon="-22.4766398">
    <name>POI 2563</name>
    <sym>Waypoint</sym>
  </wpt>
  <wpt lat="66.3277715" lon="-22.4776155">
    <name>POI 2564</name>
    <sym>Waypoint</sym>
  </wpt>
  <wpt lat="66.3047436" lon="-22.6070847">
    <name>POI 2565</name>
    <sym>Waypoint</sym>
  </wpt>
  <wpt lat="66.3593355" lon="-22.6030812">
    <name>POI 2566</name>
    <sym>Waypoint</sym>
  </wpt>
  <wpt lat="66.3669912" lon="-22.605109">
    <name>POI 2567</name>
    <sym>Waypoint</sym>
  </wpt>
  <wpt lat="66.3670367" lon="-22.6057739">
    <name>POI 2568</name>
    <sym>Waypoint</sym>
  </wpt>
  <wpt lat="66.2481187" lon="-22.0869478">
    <name>POI 2569</name>
    <sym>Waypoint</sym>
  </wpt>
  <wpt lat="66.2488196" lon="-22.0879671">
    <name>POI 2570</name>
    <sym>Waypoint</sym>
  </wpt>
  <wpt lat="66.185553" lon="-21.8748117">
    <name>POI 2571</name>
    <sym>Waypoint</sym>
  </wpt>
  <wpt lat="66.3311548" lon="-22.5108838">
    <name>POI 2572</name>
    <sym>Waypoint</sym>
  </wpt>
  <wpt lat="65.1096693" lon="-14.1439619">
    <name>POI 2573</name>
    <sym>Waypoint</sym>
  </wpt>
  <wpt lat="65.1098097" lon="-14.1443526">
    <name>POI 2574</name>
    <sym>Waypoint</sym>
  </wpt>
  <wpt lat="65.1098396" lon="-14.1445979">
    <name>POI 2575</name>
    <sym>Waypoint</sym>
  </wpt>
  <wpt lat="65.2624236" lon="-14.3619861">
    <name>POI 2576</name>
    <sym>Waypoint</sym>
  </wpt>
  <wpt lat="65.2624509" lon="-14.3619585">
    <name>POI 2577</name>
    <sym>Waypoint</sym>
  </wpt>
  <wpt lat="65.2493087" lon="-14.3484254">
    <name>POI 2578</name>
    <sym>Waypoint</sym>
  </wpt>
  <wpt lat="65.2486095" lon="-14.347113">
    <name>POI 2579</name>
    <sym>Waypoint</sym>
  </wpt>
  <wpt lat="65.2475765" lon="-14.3452132">
    <name>POI 2580</name>
    <sym>Waypoint</sym>
  </wpt>
  <wpt lat="65.2454636" lon="-14.3431938">
    <name>POI 2581</name>
    <sym>Waypoint</sym>
  </wpt>
  <wpt lat="65.2438418" lon="-14.3427653">
    <name>POI 2582</name>
    <sym>Waypoint</sym>
  </wpt>
  <wpt lat="65.4535753" lon="-13.7340387">
    <name>POI 2583</name>
    <sym>Waypoint</sym>
  </wpt>
  <wpt lat="64.3282361" lon="-22.0412631">
    <name>POI 2584</name>
    <sym>Waypoint</sym>
  </wpt>
  <wpt lat="64.328415" lon="-22.0441612">
    <name>POI 2585</name>
    <sym>Waypoint</sym>
  </wpt>
  <wpt lat="63.7609889" lon="-18.842416">
    <name>POI 2586</name>
    <sym>Waypoint</sym>
  </wpt>
  <wpt lat="65.2093571" lon="-21.3844664">
    <name>POI 2587</name>
    <sym>Waypoint</sym>
  </wpt>
  <wpt lat="65.2089128" lon="-21.4056266">
    <name>POI 2588</name>
    <sym>Waypoint</sym>
  </wpt>
  <wpt lat="65.4597722" lon="-13.8440858">
    <name>POI 2589</name>
    <sym>Waypoint</sym>
  </wpt>
  <wpt lat="65.4290127" lon="-13.8578135">
    <name>POI 2590</name>
    <sym>Waypoint</sym>
  </wpt>
  <wpt lat="65.3881523" lon="-13.8637035">
    <name>POI 2591</name>
    <sym>Waypoint</sym>
  </wpt>
  <wpt lat="65.3886175" lon="-13.860483">
    <name>POI 2592</name>
    <sym>Waypoint</sym>
  </wpt>
  <wpt lat="65.3513202" lon="-13.9323163">
    <name>POI 2593</name>
    <sym>Waypoint</sym>
  </wpt>
  <wpt lat="65.1483639" lon="-14.2158676">
    <name>POI 2594</name>
    <sym>Waypoint</sym>
  </wpt>
  <wpt lat="65.1596929" lon="-14.2621118">
    <name>POI 2595</name>
    <sym>Waypoint</sym>
  </wpt>
  <wpt lat="65.1930593" lon="-14.3295591">
    <name>POI 2596</name>
    <sym>Waypoint</sym>
  </wpt>
  <wpt lat="65.1935206" lon="-14.3307852">
    <name>POI 2597</name>
    <sym>Waypoint</sym>
  </wpt>
  <wpt lat="65.2251165" lon="-21.782922">
    <name>POI 2598</name>
    <sym>Waypoint</sym>
  </wpt>
  <wpt lat="65.2299232" lon="-21.7863058">
    <name>POI 2599</name>
    <sym>Waypoint</sym>
  </wpt>
  <wpt lat="64.9449053" lon="-23.4094222">
    <name>POI 2600</name>
    <sym>Waypoint</sym>
  </wpt>
  <wpt lat="64.938074" lon="-23.3643095">
    <name>POI 2601</name>
    <sym>Waypoint</sym>
  </wpt>
  <wpt lat="65.2900847" lon="-21.1986467">
    <name>POI 2602</name>
    <sym>Waypoint</sym>
  </wpt>
  <wpt lat="65.2847294" lon="-21.2856834">
    <name>POI 2603</name>
    <sym>Waypoint</sym>
  </wpt>
  <wpt lat="64.4597092" lon="-21.0755484">
    <name>POI 2604</name>
    <sym>Waypoint</sym>
  </wpt>
  <wpt lat="64.467427" lon="-21.0652866">
    <name>POI 2605</name>
    <sym>Waypoint</sym>
  </wpt>
  <wpt lat="65.3092562" lon="-21.2842677">
    <name>POI 2606</name>
    <sym>Waypoint</sym>
  </wpt>
  <wpt lat="65.3059447" lon="-21.2468653">
    <name>POI 2607</name>
    <sym>Waypoint</sym>
  </wpt>
  <wpt lat="63.7781012" lon="-20.0061472">
    <name>POI 2608</name>
    <sym>Waypoint</sym>
  </wpt>
  <wpt lat="65.7421853" lon="-17.3866605">
    <name>POI 2609</name>
    <sym>Waypoint</sym>
  </wpt>
  <wpt lat="63.5285809" lon="-19.3808759">
    <name>POI 2610</name>
    <sym>Waypoint</sym>
  </wpt>
  <wpt lat="63.9476615" lon="-16.7924814">
    <name>POI 2611</name>
    <sym>Waypoint</sym>
  </wpt>
  <wpt lat="65.9679077" lon="-18.0767856">
    <name>POI 2612</name>
    <sym>Waypoint</sym>
  </wpt>
  <wpt lat="65.9852193" lon="-18.0667311">
    <name>POI 2613</name>
    <sym>Waypoint</sym>
  </wpt>
  <wpt lat="65.9800616" lon="-18.0702702">
    <name>POI 2614</name>
    <sym>Waypoint</sym>
  </wpt>
  <wpt lat="65.8700079" lon="-18.3741726">
    <name>POI 2615</name>
    <sym>Waypoint</sym>
  </wpt>
  <wpt lat="65.9545421" lon="-18.9586103">
    <name>POI 2616</name>
    <sym>Waypoint</sym>
  </wpt>
  <wpt lat="66.259685" lon="-22.2760679">
    <name>POI 2617</name>
    <sym>Waypoint</sym>
  </wpt>
  <wpt lat="66.259747" lon="-22.2758613">
    <name>POI 2618</name>
    <sym>Waypoint</sym>
  </wpt>
  <wpt lat="66.2633559" lon="-22.2604089">
    <name>POI 2619</name>
    <sym>Waypoint</sym>
  </wpt>
  <wpt lat="66.2637745" lon="-22.2498441">
    <name>POI 2620</name>
    <sym>Waypoint</sym>
  </wpt>
  <wpt lat="66.263387" lon="-22.2547678">
    <name>POI 2621</name>
    <sym>Waypoint</sym>
  </wpt>
  <wpt lat="66.264649" lon="-22.2484371">
    <name>POI 2622</name>
    <sym>Waypoint</sym>
  </wpt>
  <wpt lat="66.2641434" lon="-22.2487221">
    <name>POI 2623</name>
    <sym>Waypoint</sym>
  </wpt>
  <wpt lat="64.7071063" lon="-21.290408">
    <name>POI 2624</name>
    <sym>Waypoint</sym>
  </wpt>
  <wpt lat="64.3584156" lon="-21.8325616">
    <name>POI 2625</name>
    <sym>Waypoint</sym>
  </wpt>
  <wpt lat="66.1080938" lon="-23.1328229">
    <name>POI 2626</name>
    <sym>Waypoint</sym>
  </wpt>
  <wpt lat="65.6946247" lon="-18.1808129">
    <name>POI 2627</name>
    <sym>Waypoint</sym>
  </wpt>
  <wpt lat="66.0683994" lon="-23.1948824">
    <name>POI 2628</name>
    <sym>Waypoint</sym>
  </wpt>
  <wpt lat="66.068244" lon="-23.1960005">
    <name>POI 2629</name>
    <sym>Waypoint</sym>
  </wpt>
  <wpt lat="65.5983109" lon="-23.9459103">
    <name>POI 2630</name>
    <sym>Waypoint</sym>
  </wpt>
  <wpt lat="64.1750105" lon="-21.5269647">
    <name>POI 2631</name>
    <sym>Waypoint</sym>
  </wpt>
  <wpt lat="65.945739" lon="-23.4268275">
    <name>POI 2632</name>
    <sym>Waypoint</sym>
  </wpt>
  <wpt lat="65.9110428" lon="-23.4520512">
    <name>POI 2633</name>
    <sym>Waypoint</sym>
  </wpt>
  <wpt lat="64.0858213" lon="-21.3135074">
    <name>POI 2634</name>
    <sym>Waypoint</sym>
  </wpt>
  <wpt lat="64.0605909" lon="-21.3584722">
    <name>POI 2635</name>
    <sym>Waypoint</sym>
  </wpt>
  <wpt lat="64.0606686" lon="-21.3592721">
    <name>POI 2636</name>
    <sym>Waypoint</sym>
  </wpt>
  <wpt lat="66.0573997" lon="-23.2370357">
    <name>POI 2637</name>
    <sym>Waypoint</sym>
  </wpt>
  <wpt lat="66.0697583" lon="-23.2357687">
    <name>POI 2638</name>
    <sym>Waypoint</sym>
  </wpt>
  <wpt lat="66.2179753" lon="-22.540983">
    <name>POI 2639</name>
    <sym>Waypoint</sym>
  </wpt>
  <wpt lat="66.2197401" lon="-22.5673916">
    <name>POI 2640</name>
    <sym>Waypoint</sym>
  </wpt>
  <wpt lat="64.2276835" lon="-20.7249679">
    <name>POI 2641</name>
    <sym>Waypoint</sym>
  </wpt>
  <wpt lat="64.2283766" lon="-20.7300408">
    <name>POI 2642</name>
    <sym>Waypoint</sym>
  </wpt>
  <wpt lat="64.2314998" lon="-20.7245318">
    <name>POI 2643</name>
    <sym>Waypoint</sym>
  </wpt>
  <wpt lat="64.1740214" lon="-20.4534056">
    <name>POI 2644</name>
    <sym>Waypoint</sym>
  </wpt>
  <wpt lat="64.0969104" lon="-21.7921937">
    <name>POI 2645</name>
    <sym>Waypoint</sym>
  </wpt>
  <wpt lat="64.1764354" lon="-21.6961869">
    <name>POI 2646</name>
    <sym>Waypoint</sym>
  </wpt>
  <wpt lat="64.1781357" lon="-21.7076647">
    <name>POI 2647</name>
    <sym>Waypoint</sym>
  </wpt>
  <wpt lat="64.1776596" lon="-21.7056123">
    <name>POI 2648</name>
    <sym>Waypoint</sym>
  </wpt>
  <wpt lat="64.1772274" lon="-21.7065347">
    <name>POI 2649</name>
    <sym>Waypoint</sym>
  </wpt>
  <wpt lat="64.1774325" lon="-21.7067899">
    <name>POI 2650</name>
    <sym>Waypoint</sym>
  </wpt>
  <wpt lat="64.1774649" lon="-21.6846707">
    <name>POI 2651</name>
    <sym>Waypoint</sym>
  </wpt>
  <wpt lat="64.1800623" lon="-21.6446274">
    <name>POI 2652</name>
    <sym>Waypoint</sym>
  </wpt>
  <wpt lat="64.1803882" lon="-21.6474737">
    <name>POI 2653</name>
    <sym>Waypoint</sym>
  </wpt>
  <wpt lat="64.1802702" lon="-21.6487294">
    <name>POI 2654</name>
    <sym>Waypoint</sym>
  </wpt>
  <wpt lat="64.1807897" lon="-21.6466565">
    <name>POI 2655</name>
    <sym>Waypoint</sym>
  </wpt>
  <wpt lat="66.0803046" lon="-23.3569262">
    <name>POI 2656</name>
    <sym>Waypoint</sym>
  </wpt>
  <wpt lat="63.683165" lon="-19.5918775">
    <name>POI 2657</name>
    <sym>Waypoint</sym>
  </wpt>
  <wpt lat="63.6808577" lon="-19.5918641">
    <name>POI 2658</name>
    <sym>Waypoint</sym>
  </wpt>
  <wpt lat="63.6817249" lon="-19.5918954">
    <name>POI 2659</name>
    <sym>Waypoint</sym>
  </wpt>
  <wpt lat="63.6819236" lon="-19.5919025">
    <name>POI 2660</name>
    <sym>Waypoint</sym>
  </wpt>
  <wpt lat="63.6800779" lon="-19.5918902">
    <name>POI 2661</name>
    <sym>Waypoint</sym>
  </wpt>
  <wpt lat="64.883382" lon="-23.6969193">
    <name>POI 2662</name>
    <sym>Waypoint</sym>
  </wpt>
  <wpt lat="64.8888979" lon="-23.6897973">
    <name>POI 2663</name>
    <sym>Waypoint</sym>
  </wpt>
  <wpt lat="64.8893676" lon="-23.6893292">
    <name>POI 2664</name>
    <sym>Waypoint</sym>
  </wpt>
  <wpt lat="64.8889169" lon="-23.6920731">
    <name>POI 2665</name>
    <sym>Waypoint</sym>
  </wpt>
  <wpt lat="64.8857975" lon="-23.7094281">
    <name>POI 2666</name>
    <sym>Waypoint</sym>
  </wpt>
  <wpt lat="64.8837314" lon="-23.7348375">
    <name>POI 2667</name>
    <sym>Waypoint</sym>
  </wpt>
  <wpt lat="66.401319" lon="-22.8723731">
    <name>POI 2668</name>
    <sym>Waypoint</sym>
  </wpt>
  <wpt lat="66.4079632" lon="-22.8650114">
    <name>POI 2669</name>
    <sym>Waypoint</sym>
  </wpt>
  <wpt lat="66.4032822" lon="-22.8719976">
    <name>POI 2670</name>
    <sym>Waypoint</sym>
  </wpt>
  <wpt lat="66.4096511" lon="-22.8702538">
    <name>POI 2671</name>
    <sym>Waypoint</sym>
  </wpt>
  <wpt lat="66.4115512" lon="-22.8737793">
    <name>POI 2672</name>
    <sym>Waypoint</sym>
  </wpt>
  <wpt lat="64.2600592" lon="-14.987104">
    <name>POI 2673</name>
    <sym>Waypoint</sym>
  </wpt>
  <wpt lat="63.4472909" lon="-18.9635159">
    <name>POI 2674</name>
    <sym>Waypoint</sym>
  </wpt>
  <wpt lat="63.5558621" lon="-18.9365144">
    <name>POI 2675</name>
    <sym>Waypoint</sym>
  </wpt>
  <wpt lat="63.5575967" lon="-19.2534939">
    <name>POI 2676</name>
    <sym>Waypoint</sym>
  </wpt>
  <wpt lat="63.5560268" lon="-19.2506191">
    <name>POI 2677</name>
    <sym>Waypoint</sym>
  </wpt>
  <wpt lat="63.5198671" lon="-18.9076159">
    <name>POI 2678</name>
    <sym>Waypoint</sym>
  </wpt>
  <wpt lat="63.52035" lon="-18.8985842">
    <name>POI 2679</name>
    <sym>Waypoint</sym>
  </wpt>
  <wpt lat="63.520326" lon="-18.9007486">
    <name>POI 2680</name>
    <sym>Waypoint</sym>
  </wpt>
  <wpt lat="63.5417041" lon="-18.9297548">
    <name>POI 2681</name>
    <sym>Waypoint</sym>
  </wpt>
  <wpt lat="63.519868" lon="-18.908478">
    <name>POI 2682</name>
    <sym>Waypoint</sym>
  </wpt>
  <wpt lat="63.5268186" lon="-18.8820669">
    <name>POI 2683</name>
    <sym>Waypoint</sym>
  </wpt>
  <wpt lat="66.0480023" lon="-21.7206579">
    <name>POI 2684</name>
    <sym>Waypoint</sym>
  </wpt>
  <wpt lat="66.237125" lon="-22.1733907">
    <name>POI 2685</name>
    <sym>Waypoint</sym>
  </wpt>
  <wpt lat="66.2382339" lon="-22.1796056">
    <name>POI 2686</name>
    <sym>Waypoint</sym>
  </wpt>
  <wpt lat="66.2376064" lon="-22.1791773">
    <name>POI 2687</name>
    <sym>Waypoint</sym>
  </wpt>
  <wpt lat="66.2395002" lon="-22.180425">
    <name>POI 2688</name>
    <sym>Waypoint</sym>
  </wpt>
  <wpt lat="66.2398041" lon="-22.1816698">
    <name>POI 2689</name>
    <sym>Waypoint</sym>
  </wpt>
  <wpt lat="66.244496" lon="-22.236856">
    <name>POI 2690</name>
    <sym>Waypoint</sym>
  </wpt>
  <wpt lat="66.2450979" lon="-22.2374275">
    <name>POI 2691</name>
    <sym>Waypoint</sym>
  </wpt>
  <wpt lat="66.2602561" lon="-22.2741661">
    <name>POI 2692</name>
    <sym>Waypoint</sym>
  </wpt>
  <wpt lat="66.2570481" lon="-22.4251327">
    <name>POI 2693</name>
    <sym>Waypoint</sym>
  </wpt>
  <wpt lat="66.2221284" lon="-22.572847">
    <name>POI 2694</name>
    <sym>Waypoint</sym>
  </wpt>
  <wpt lat="66.2409277" lon="-22.6706029">
    <name>POI 2695</name>
    <sym>Waypoint</sym>
  </wpt>
  <wpt lat="66.2407443" lon="-22.6657359">
    <name>POI 2696</name>
    <sym>Waypoint</sym>
  </wpt>
  <wpt lat="66.2435873" lon="-22.6836326">
    <name>POI 2697</name>
    <sym>Waypoint</sym>
  </wpt>
  <wpt lat="66.2488121" lon="-22.7099161">
    <name>POI 2698</name>
    <sym>Waypoint</sym>
  </wpt>
  <wpt lat="66.3964122" lon="-22.5380165">
    <name>POI 2699</name>
    <sym>Waypoint</sym>
  </wpt>
  <wpt lat="66.416296" lon="-22.390944">
    <name>POI 2700</name>
    <sym>Waypoint</sym>
  </wpt>
  <wpt lat="66.4116249" lon="-22.384876">
    <name>POI 2701</name>
    <sym>Waypoint</sym>
  </wpt>
  <wpt lat="66.4116688" lon="-22.3854659">
    <name>POI 2702</name>
    <sym>Waypoint</sym>
  </wpt>
  <wpt lat="66.3659689" lon="-22.8136233">
    <name>POI 2703</name>
    <sym>Waypoint</sym>
  </wpt>
  <wpt lat="66.4292579" lon="-22.521558">
    <name>POI 2704</name>
    <sym>Waypoint</sym>
  </wpt>
  <wpt lat="66.332476" lon="-22.875853">
    <name>POI 2705</name>
    <sym>Waypoint</sym>
  </wpt>
  <wpt lat="66.4550534" lon="-22.9292247">
    <name>POI 2706</name>
    <sym>Waypoint</sym>
  </wpt>
  <wpt lat="66.4184349" lon="-22.8389542">
    <name>POI 2707</name>
    <sym>Waypoint</sym>
  </wpt>
  <wpt lat="66.4175866" lon="-22.8431739">
    <name>POI 2708</name>
    <sym>Waypoint</sym>
  </wpt>
  <wpt lat="63.5263334" lon="-18.8892024">
    <name>POI 2709</name>
    <sym>Waypoint</sym>
  </wpt>
  <wpt lat="63.5283627" lon="-18.8923808">
    <name>POI 2710</name>
    <sym>Waypoint</sym>
  </wpt>
  <wpt lat="63.5294762" lon="-18.874282">
    <name>POI 2711</name>
    <sym>Waypoint</sym>
  </wpt>
  <wpt lat="63.5552253" lon="-18.9437557">
    <name>POI 2712</name>
    <sym>Waypoint</sym>
  </wpt>
  <wpt lat="65.5140955" lon="-13.704544">
    <name>POI 2713</name>
    <sym>Waypoint</sym>
  </wpt>
  <wpt lat="66.1293898" lon="-21.7521133">
    <name>POI 2714</name>
    <sym>Waypoint</sym>
  </wpt>
  <wpt lat="66.1990851" lon="-22.0175264">
    <name>POI 2715</name>
    <sym>Waypoint</sym>
  </wpt>
  <wpt lat="66.1993181" lon="-22.0175996">
    <name>POI 2716</name>
    <sym>Waypoint</sym>
  </wpt>
  <wpt lat="66.2009701" lon="-22.0183426">
    <name>POI 2717</name>
    <sym>Waypoint</sym>
  </wpt>
  <wpt lat="66.2010157" lon="-22.0183671">
    <name>POI 2718</name>
    <sym>Waypoint</sym>
  </wpt>
  <wpt lat="66.2027735" lon="-22.0184865">
    <name>POI 2719</name>
    <sym>Waypoint</sym>
  </wpt>
  <wpt lat="65.7573889" lon="-21.8627022">
    <name>POI 2720</name>
    <sym>Waypoint</sym>
  </wpt>
  <wpt lat="64.1427034" lon="-21.7647134">
    <name>POI 2721</name>
    <sym>Waypoint</sym>
  </wpt>
  <wpt lat="66.0074836" lon="-23.4329096">
    <name>POI 2722</name>
    <sym>Waypoint</sym>
  </wpt>
  <wpt lat="64.7823322" lon="-17.3797338">
    <name>POI 2723</name>
    <sym>Waypoint</sym>
  </wpt>
  <wpt lat="64.7993087" lon="-17.3217332">
    <name>POI 2724</name>
    <sym>Waypoint</sym>
  </wpt>
  <wpt lat="64.8287393" lon="-17.0357661">
    <name>POI 2725</name>
    <sym>Waypoint</sym>
  </wpt>
  <wpt lat="64.8038459" lon="-17.3088714">
    <name>POI 2726</name>
    <sym>Waypoint</sym>
  </wpt>
  <wpt lat="64.8225951" lon="-17.0555979">
    <name>POI 2727</name>
    <sym>Waypoint</sym>
  </wpt>
  <wpt lat="65.0938874" lon="-14.7337363">
    <name>POI 2728</name>
    <sym>Waypoint</sym>
  </wpt>
  <wpt lat="66.4290762" lon="-22.4497713">
    <name>POI 2729</name>
    <sym>Waypoint</sym>
  </wpt>
  <wpt lat="66.447621" lon="-22.4418553">
    <name>POI 2730</name>
    <sym>Waypoint</sym>
  </wpt>
  <wpt lat="66.4286714" lon="-22.5242676">
    <name>POI 2731</name>
    <sym>Waypoint</sym>
  </wpt>
  <wpt lat="66.4216904" lon="-22.5655098">
    <name>POI 2732</name>
    <sym>Waypoint</sym>
  </wpt>
  <wpt lat="66.4143627" lon="-22.6748047">
    <name>POI 2733</name>
    <sym>Waypoint</sym>
  </wpt>
  <wpt lat="66.44725" lon="-22.4438665">
    <name>POI 2734</name>
    <sym>Waypoint</sym>
  </wpt>
  <wpt lat="66.4206032" lon="-22.8217013">
    <name>POI 2735</name>
    <sym>Waypoint</sym>
  </wpt>
  <wpt lat="65.4070395" lon="-21.321022">
    <name>POI 2736</name>
    <sym>Waypoint</sym>
  </wpt>
  <wpt lat="66.3404836" lon="-22.8845433">
    <name>POI 2737</name>
    <sym>Waypoint</sym>
  </wpt>
  <wpt lat="66.4073805" lon="-22.7127151">
    <name>POI 2738</name>
    <sym>Waypoint</sym>
  </wpt>
  <wpt lat="66.4498895" lon="-22.4498962">
    <name>POI 2739</name>
    <sym>Waypoint</sym>
  </wpt>
  <wpt lat="66.426994" lon="-22.5311846">
    <name>POI 2740</name>
    <sym>Waypoint</sym>
  </wpt>
  <wpt lat="66.4121557" lon="-22.5058828">
    <name>POI 2741</name>
    <sym>Waypoint</sym>
  </wpt>
  <wpt lat="66.4386505" lon="-22.4095329">
    <name>POI 2742</name>
    <sym>Waypoint</sym>
  </wpt>
  <wpt lat="66.4389006" lon="-22.4392974">
    <name>POI 2743</name>
    <sym>Waypoint</sym>
  </wpt>
  <wpt lat="66.412256" lon="-22.3884637">
    <name>POI 2744</name>
    <sym>Waypoint</sym>
  </wpt>
  <wpt lat="63.5740272" lon="-19.4603987">
    <name>POI 2745</name>
    <sym>Waypoint</sym>
  </wpt>
  <wpt lat="63.5893082" lon="-19.4550483">
    <name>POI 2746</name>
    <sym>Waypoint</sym>
  </wpt>
  <wpt lat="63.6029795" lon="-19.4534494">
    <name>POI 2747</name>
    <sym>Waypoint</sym>
  </wpt>
  <wpt lat="63.6155348" lon="-19.457348">
    <name>POI 2748</name>
    <sym>Waypoint</sym>
  </wpt>
  <wpt lat="63.6107965" lon="-19.4512924">
    <name>POI 2749</name>
    <sym>Waypoint</sym>
  </wpt>
  <wpt lat="63.6115131" lon="-19.4412648">
    <name>POI 2750</name>
    <sym>Waypoint</sym>
  </wpt>
  <wpt lat="63.6800834" lon="-19.5124977">
    <name>POI 2751</name>
    <sym>Waypoint</sym>
  </wpt>
  <wpt lat="63.680758" lon="-19.4955282">
    <name>POI 2752</name>
    <sym>Waypoint</sym>
  </wpt>
  <wpt lat="63.6175546" lon="-19.4477942">
    <name>POI 2753</name>
    <sym>Waypoint</sym>
  </wpt>
  <wpt lat="63.9107652" lon="-19.1530194">
    <name>POI 2754</name>
    <sym>Waypoint</sym>
  </wpt>
  <wpt lat="63.9903999" lon="-19.0616377">
    <name>POI 2755</name>
    <sym>Waypoint</sym>
  </wpt>
  <wpt lat="66.4099609" lon="-22.5134377">
    <name>POI 2756</name>
    <sym>Waypoint</sym>
  </wpt>
  <wpt lat="66.3664901" lon="-22.6082224">
    <name>POI 2757</name>
    <sym>Waypoint</sym>
  </wpt>
  <wpt lat="66.3668539" lon="-22.6064794">
    <name>POI 2758</name>
    <sym>Waypoint</sym>
  </wpt>
  <wpt lat="66.4105482" lon="-22.5123811">
    <name>POI 2759</name>
    <sym>Waypoint</sym>
  </wpt>
  <wpt lat="66.4079609" lon="-22.8641879">
    <name>POI 2760</name>
    <sym>Waypoint</sym>
  </wpt>
  <wpt lat="66.4230564" lon="-22.6456575">
    <name>POI 2761</name>
    <sym>Waypoint</sym>
  </wpt>
  <wpt lat="66.4134688" lon="-22.8378224">
    <name>POI 2762</name>
    <sym>Waypoint</sym>
  </wpt>
  <wpt lat="63.7040785" lon="-19.6383995">
    <name>POI 2763</name>
    <sym>Waypoint</sym>
  </wpt>
  <wpt lat="63.7046073" lon="-19.6361672">
    <name>POI 2764</name>
    <sym>Waypoint</sym>
  </wpt>
  <wpt lat="63.7047245" lon="-19.6305507">
    <name>POI 2765</name>
    <sym>Waypoint</sym>
  </wpt>
  <wpt lat="66.4121413" lon="-22.874166">
    <name>POI 2766</name>
    <sym>Waypoint</sym>
  </wpt>
  <wpt lat="66.4080582" lon="-22.8625042">
    <name>POI 2767</name>
    <sym>Waypoint</sym>
  </wpt>
  <wpt lat="66.4122691" lon="-22.8453232">
    <name>POI 2768</name>
    <sym>Waypoint</sym>
  </wpt>
  <wpt lat="66.4180428" lon="-22.8377933">
    <name>POI 2769</name>
    <sym>Waypoint</sym>
  </wpt>
  <wpt lat="66.4120263" lon="-22.8463204">
    <name>POI 2770</name>
    <sym>Waypoint</sym>
  </wpt>
  <wpt lat="66.4084476" lon="-22.8584303">
    <name>POI 2771</name>
    <sym>Waypoint</sym>
  </wpt>
  <wpt lat="66.4088571" lon="-22.8545587">
    <name>POI 2772</name>
    <sym>Waypoint</sym>
  </wpt>
  <wpt lat="66.4385411" lon="-22.8987846">
    <name>POI 2773</name>
    <sym>Waypoint</sym>
  </wpt>
  <wpt lat="66.4498216" lon="-22.440172">
    <name>POI 2774</name>
    <sym>Waypoint</sym>
  </wpt>
  <wpt lat="66.4195532" lon="-22.8840759">
    <name>POI 2775</name>
    <sym>Waypoint</sym>
  </wpt>
  <wpt lat="66.4184162" lon="-22.8827408">
    <name>POI 2776</name>
    <sym>Waypoint</sym>
  </wpt>
  <wpt lat="66.4185939" lon="-22.8829191">
    <name>POI 2777</name>
    <sym>Waypoint</sym>
  </wpt>
  <wpt lat="66.4247025" lon="-22.8869503">
    <name>POI 2778</name>
    <sym>Waypoint</sym>
  </wpt>
  <wpt lat="66.4366891" lon="-22.9017411">
    <name>POI 2779</name>
    <sym>Waypoint</sym>
  </wpt>
  <wpt lat="66.4506424" lon="-22.4515876">
    <name>POI 2780</name>
    <sym>Waypoint</sym>
  </wpt>
  <wpt lat="66.4604771" lon="-22.4622169">
    <name>POI 2781</name>
    <sym>Waypoint</sym>
  </wpt>
  <wpt lat="66.4131669" lon="-22.436247">
    <name>POI 2782</name>
    <sym>Waypoint</sym>
  </wpt>
  <wpt lat="66.4194312" lon="-22.4620884">
    <name>POI 2783</name>
    <sym>Waypoint</sym>
  </wpt>
  <wpt lat="66.4115995" lon="-22.5080504">
    <name>POI 2784</name>
    <sym>Waypoint</sym>
  </wpt>
  <wpt lat="66.3977583" lon="-22.5362791">
    <name>POI 2785</name>
    <sym>Waypoint</sym>
  </wpt>
  <wpt lat="66.3981524" lon="-22.5357629">
    <name>POI 2786</name>
    <sym>Waypoint</sym>
  </wpt>
  <wpt lat="66.3115166" lon="-22.9493408">
    <name>POI 2787</name>
    <sym>Waypoint</sym>
  </wpt>
  <wpt lat="66.3451516" lon="-23.0681221">
    <name>POI 2788</name>
    <sym>Waypoint</sym>
  </wpt>
  <wpt lat="66.4260279" lon="-22.4510775">
    <name>POI 2789</name>
    <sym>Waypoint</sym>
  </wpt>
  <wpt lat="66.4141584" lon="-22.6852839">
    <name>POI 2790</name>
    <sym>Waypoint</sym>
  </wpt>
  <wpt lat="66.4153898" lon="-22.7125111">
    <name>POI 2791</name>
    <sym>Waypoint</sym>
  </wpt>
  <wpt lat="66.4158101" lon="-22.7138581">
    <name>POI 2792</name>
    <sym>Waypoint</sym>
  </wpt>
  <wpt lat="66.4224699" lon="-22.7399479">
    <name>POI 2793</name>
    <sym>Waypoint</sym>
  </wpt>
  <wpt lat="66.4232931" lon="-22.5993634">
    <name>POI 2794</name>
    <sym>Waypoint</sym>
  </wpt>
  <wpt lat="66.4254159" lon="-22.4909586">
    <name>POI 2795</name>
    <sym>Waypoint</sym>
  </wpt>
  <wpt lat="66.4109156" lon="-22.5110869">
    <name>POI 2796</name>
    <sym>Waypoint</sym>
  </wpt>
  <wpt lat="66.4092929" lon="-22.5160742">
    <name>POI 2797</name>
    <sym>Waypoint</sym>
  </wpt>
  <wpt lat="66.4091805" lon="-22.5162708">
    <name>POI 2798</name>
    <sym>Waypoint</sym>
  </wpt>
  <wpt lat="66.3650257" lon="-22.6145564">
    <name>POI 2799</name>
    <sym>Waypoint</sym>
  </wpt>
  <wpt lat="66.3651826" lon="-22.6136924">
    <name>POI 2800</name>
    <sym>Waypoint</sym>
  </wpt>
  <wpt lat="66.364829" lon="-22.6194778">
    <name>POI 2801</name>
    <sym>Waypoint</sym>
  </wpt>
  <wpt lat="66.3647684" lon="-22.6213967">
    <name>POI 2802</name>
    <sym>Waypoint</sym>
  </wpt>
  <wpt lat="66.3647979" lon="-22.621246">
    <name>POI 2803</name>
    <sym>Waypoint</sym>
  </wpt>
  <wpt lat="66.3648308" lon="-22.6210772">
    <name>POI 2804</name>
    <sym>Waypoint</sym>
  </wpt>
  <wpt lat="66.3648826" lon="-22.6205282">
    <name>POI 2805</name>
    <sym>Waypoint</sym>
  </wpt>
  <wpt lat="66.3648805" lon="-22.620823">
    <name>POI 2806</name>
    <sym>Waypoint</sym>
  </wpt>
  <wpt lat="66.364753" lon="-22.6214756">
    <name>POI 2807</name>
    <sym>Waypoint</sym>
  </wpt>
  <wpt lat="66.3649034" lon="-22.6153846">
    <name>POI 2808</name>
    <sym>Waypoint</sym>
  </wpt>
  <wpt lat="66.3648478" lon="-22.6160034">
    <name>POI 2809</name>
    <sym>Waypoint</sym>
  </wpt>
  <wpt lat="66.3669747" lon="-22.606244">
    <name>POI 2810</name>
    <sym>Waypoint</sym>
  </wpt>
  <wpt lat="66.3670053" lon="-22.6063632">
    <name>POI 2811</name>
    <sym>Waypoint</sym>
  </wpt>
  <wpt lat="66.3686393" lon="-22.6041674">
    <name>POI 2812</name>
    <sym>Waypoint</sym>
  </wpt>
  <wpt lat="66.3711451" lon="-22.5992574">
    <name>POI 2813</name>
    <sym>Waypoint</sym>
  </wpt>
  <wpt lat="66.4508932" lon="-22.920667">
    <name>POI 2814</name>
    <sym>Waypoint</sym>
  </wpt>
  <wpt lat="66.4324727" lon="-22.4973347">
    <name>POI 2815</name>
    <sym>Waypoint</sym>
  </wpt>
  <wpt lat="66.4186208" lon="-22.7240276">
    <name>POI 2816</name>
    <sym>Waypoint</sym>
  </wpt>
  <wpt lat="66.4303572" lon="-22.9020761">
    <name>POI 2817</name>
    <sym>Waypoint</sym>
  </wpt>
  <wpt lat="64.7512495" lon="-23.7236445">
    <name>POI 2818</name>
    <sym>Waypoint</sym>
  </wpt>
  <wpt lat="63.4230877" lon="-18.9488159">
    <name>POI 2819</name>
    <sym>Waypoint</sym>
  </wpt>
  <wpt lat="64.2179281" lon="-19.1350036">
    <name>POI 2820</name>
    <sym>Waypoint</sym>
  </wpt>
  <wpt lat="64.6919" lon="-20.7561015">
    <name>POI 2821</name>
    <sym>Waypoint</sym>
  </wpt>
  <wpt lat="64.0512937" lon="-21.2297465">
    <name>POI 2822</name>
    <sym>Waypoint</sym>
  </wpt>
  <wpt lat="64.0512097" lon="-21.229518">
    <name>POI 2823</name>
    <sym>Waypoint</sym>
  </wpt>
  <wpt lat="66.4310768" lon="-22.5162675">
    <name>POI 2824</name>
    <sym>Waypoint</sym>
  </wpt>
  <wpt lat="66.2469444" lon="-22.0865393">
    <name>POI 2825</name>
    <sym>Waypoint</sym>
  </wpt>
  <wpt lat="63.6239441" lon="-19.4664882">
    <name>POI 2826</name>
    <sym>Waypoint</sym>
  </wpt>
  <wpt lat="63.6234577" lon="-19.4668069">
    <name>POI 2827</name>
    <sym>Waypoint</sym>
  </wpt>
  <wpt lat="63.6237507" lon="-19.46694">
    <name>POI 2828</name>
    <sym>Waypoint</sym>
  </wpt>
  <wpt lat="63.6803677" lon="-19.5102603">
    <name>POI 2829</name>
    <sym>Waypoint</sym>
  </wpt>
  <wpt lat="63.6944004" lon="-19.4401206">
    <name>POI 2830</name>
    <sym>Waypoint</sym>
  </wpt>
  <wpt lat="63.8979018" lon="-19.1666811">
    <name>POI 2831</name>
    <sym>Waypoint</sym>
  </wpt>
  <wpt lat="63.9249673" lon="-19.1593974">
    <name>POI 2832</name>
    <sym>Waypoint</sym>
  </wpt>
  <wpt lat="63.989391" lon="-16.4522995">
    <name>POI 2833</name>
    <sym>Waypoint</sym>
  </wpt>
  <wpt lat="66.3933908" lon="-22.3646542">
    <name>POI 2834</name>
    <sym>Waypoint</sym>
  </wpt>
  <wpt lat="66.4221261" lon="-22.5904771">
    <name>POI 2835</name>
    <sym>Waypoint</sym>
  </wpt>
  <wpt lat="64.1504444" lon="-19.7363575">
    <name>POI 2836</name>
    <sym>Waypoint</sym>
  </wpt>
  <wpt lat="66.1053403" lon="-17.8804997">
    <name>POI 2837</name>
    <sym>Waypoint</sym>
  </wpt>
  <wpt lat="65.9710952" lon="-17.8490495">
    <name>POI 2838</name>
    <sym>Waypoint</sym>
  </wpt>
  <wpt lat="65.9716717" lon="-17.8502578">
    <name>POI 2839</name>
    <sym>Waypoint</sym>
  </wpt>
  <wpt lat="64.3468309" lon="-20.5521566">
    <name>POI 2840</name>
    <sym>Waypoint</sym>
  </wpt>
  <wpt lat="65.4051666" lon="-13.6832392">
    <name>POI 2841</name>
    <sym>Waypoint</sym>
  </wpt>
  <wpt lat="65.5265444" lon="-13.8909881">
    <name>POI 2842</name>
    <sym>Waypoint</sym>
  </wpt>
  <wpt lat="65.5270052" lon="-13.9021853">
    <name>POI 2843</name>
    <sym>Waypoint</sym>
  </wpt>
  <wpt lat="65.7310441" lon="-21.6841653">
    <name>POI 2844</name>
    <sym>Waypoint</sym>
  </wpt>
  <wpt lat="63.6786717" lon="-19.4851469">
    <name>POI 2845</name>
    <sym>Waypoint</sym>
  </wpt>
  <wpt lat="63.6786901" lon="-19.4850689">
    <name>POI 2846</name>
    <sym>Waypoint</sym>
  </wpt>
  <wpt lat="65.8504015" lon="-15.6055392">
    <name>POI 2847</name>
    <sym>Waypoint</sym>
  </wpt>
  <wpt lat="63.4874543" lon="-19.2589824">
    <name>POI 2848</name>
    <sym>Waypoint</sym>
  </wpt>
  <wpt lat="65.0013909" lon="-16.555427">
    <name>POI 2849</name>
    <sym>Waypoint</sym>
  </wpt>
  <wpt lat="63.6847121" lon="-19.5018611">
    <name>POI 2850</name>
    <sym>Waypoint</sym>
  </wpt>
  <wpt lat="64.1476133" lon="-19.8150756">
    <name>POI 2851</name>
    <desc>surface: unpaved</desc>
    <sym>Waypoint</sym>
  </wpt>
  <wpt lat="63.6863264" lon="-19.6468584">
    <name>Þórsmerkurvegur</name>
    <desc>note: the extent of the ford | surface: unpaved</desc>
    <sym>Waypoint</sym>
  </wpt>
  <wpt lat="63.6816659" lon="-19.5918636">
    <name>Húsadalur</name>
    <sym>Waypoint</sym>
  </wpt>
  <wpt lat="66.3816734" lon="-22.9894453">
    <name>POI 2854</name>
    <sym>Waypoint</sym>
  </wpt>
  <wpt lat="64.3442507" lon="-18.139341">
    <name>POI 2855</name>
    <desc>description: Passable by foot without problem on September 2009. There was no snow at all in this area. | surface: ice</desc>
    <sym>Waypoint</sym>
  </wpt>
  <wpt lat="65.0497867" lon="-18.4699983">
    <name>Skagafjarðarleið</name>
    <desc>surface: ground</desc>
    <sym>Waypoint</sym>
  </wpt>
  <wpt lat="65.0444715" lon="-18.3909109">
    <name>Skagafjarðarleið</name>
    <desc>surface: ground</desc>
    <sym>Waypoint</sym>
  </wpt>
  <wpt lat="65.024189" lon="-18.3278161">
    <name>Eyjafjarðarleið</name>
    <desc>surface: ground</desc>
    <sym>Waypoint</sym>
  </wpt>
  <wpt lat="64.7378585" lon="-18.0719929">
    <name>Sprengisandsleið</name>
    <desc>surface: ground</desc>
    <sym>Waypoint</sym>
  </wpt>
  <wpt lat="64.5018109" lon="-18.5802584">
    <name>Sprengisandsleið</name>
    <desc>surface: ground</desc>
    <sym>Waypoint</sym>
  </wpt>
  <wpt lat="64.7722878" lon="-18.0198016">
    <name>Sprengisandsleið</name>
    <desc>surface: ground</desc>
    <sym>Waypoint</sym>
  </wpt>
  <wpt lat="63.9379914" lon="-18.6332367">
    <name>Gjátindur</name>
    <desc>surface: ground</desc>
    <sym>Waypoint</sym>
  </wpt>
  <wpt lat="64.3729235" lon="-20.1276765">
    <name>Skjaldbreiðarvegur</name>
    <desc>surface: ground</desc>
    <sym>Waypoint</sym>
  </wpt>
  <wpt lat="63.8374239" lon="-20.1374034">
    <name>POI 2864</name>
    <sym>Waypoint</sym>
  </wpt>
  <wpt lat="63.6376028" lon="-18.2418538">
    <name>POI 2865</name>
    <sym>Waypoint</sym>
  </wpt>
  <wpt lat="63.6125972" lon="-18.2134474">
    <name>POI 2866</name>
    <sym>Waypoint</sym>
  </wpt>
  <wpt lat="63.6322608" lon="-18.2331241">
    <name>POI 2867</name>
    <sym>Waypoint</sym>
  </wpt>
  <wpt lat="63.6304022" lon="-18.2329272">
    <name>POI 2868</name>
    <sym>Waypoint</sym>
  </wpt>
  <wpt lat="63.6370161" lon="-18.238174">
    <name>POI 2869</name>
    <sym>Waypoint</sym>
  </wpt>
  <wpt lat="63.8216305" lon="-18.2637424">
    <name>POI 2870</name>
    <desc>surface: ground</desc>
    <sym>Waypoint</sym>
  </wpt>
  <wpt lat="64.2984381" lon="-21.110754">
    <name>Leggjabrjótur</name>
    <desc>surface: ground</desc>
    <sym>Waypoint</sym>
  </wpt>
  <wpt lat="64.2983191" lon="-21.121465">
    <name>Leggjabrjótur</name>
    <desc>surface: ground</desc>
    <sym>Waypoint</sym>
  </wpt>
  <wpt lat="64.3825209" lon="-21.0821092">
    <name>POI 2873</name>
    <sym>Waypoint</sym>
  </wpt>
  <wpt lat="64.9402961" lon="-22.9828164">
    <name>POI 2874</name>
    <sym>Waypoint</sym>
  </wpt>
  <wpt lat="64.9400841" lon="-22.9737003">
    <name>POI 2875</name>
    <sym>Waypoint</sym>
  </wpt>
  <wpt lat="64.9388004" lon="-22.9867126">
    <name>POI 2876</name>
    <sym>Waypoint</sym>
  </wpt>
  <wpt lat="64.9385766" lon="-22.9870827">
    <name>POI 2877</name>
    <sym>Waypoint</sym>
  </wpt>
  <wpt lat="64.9390617" lon="-22.9846664">
    <name>POI 2878</name>
    <sym>Waypoint</sym>
  </wpt>
  <wpt lat="64.9397438" lon="-22.9839073">
    <name>POI 2879</name>
    <sym>Waypoint</sym>
  </wpt>
  <wpt lat="64.9407023" lon="-22.9819995">
    <name>POI 2880</name>
    <sym>Waypoint</sym>
  </wpt>
  <wpt lat="64.976225" lon="-23.1405953">
    <name>POI 2881</name>
    <desc>surface: ground</desc>
    <sym>Waypoint</sym>
  </wpt>
  <wpt lat="65.3627142" lon="-13.8971648">
    <name>Loðmundarfjarðarvegur</name>
    <desc>surface: dirt</desc>
    <sym>Waypoint</sym>
  </wpt>
  <wpt lat="63.7497844" lon="-18.22711">
    <name>POI 2883</name>
    <desc>surface: ground</desc>
    <sym>Waypoint</sym>
  </wpt>
  <wpt lat="63.7703315" lon="-18.2588064">
    <name>POI 2884</name>
    <desc>surface: ground</desc>
    <sym>Waypoint</sym>
  </wpt>
  <wpt lat="63.7708117" lon="-18.2575846">
    <name>POI 2885</name>
    <desc>surface: ground</desc>
    <sym>Waypoint</sym>
  </wpt>
  <wpt lat="66.0516118" lon="-21.7104448">
    <name>Ófeigsfjarðarvegur</name>
    <desc>surface: gravel</desc>
    <sym>Waypoint</sym>
  </wpt>
  <wpt lat="64.8326046" lon="-22.4014108">
    <name>POI 2887</name>
    <sym>Waypoint</sym>
  </wpt>
  <wpt lat="64.1241665" lon="-18.8353515">
    <name>POI 2888</name>
    <sym>Waypoint</sym>
  </wpt>
  <wpt lat="64.113485" lon="-18.7787313">
    <name>POI 2889</name>
    <sym>Waypoint</sym>
  </wpt>
  <wpt lat="64.1456121" lon="-18.7786419">
    <name>Veiðivatnaleið</name>
    <desc>surface: ground</desc>
    <sym>Waypoint</sym>
  </wpt>
  <wpt lat="64.0823238" lon="-18.8826518">
    <name>POI 2891</name>
    <sym>Waypoint</sym>
  </wpt>
  <wpt lat="65.4606441" lon="-21.7829079">
    <name>POI 2892</name>
    <sym>Waypoint</sym>
  </wpt>
  <wpt lat="65.461334" lon="-21.7807204">
    <name>POI 2893</name>
    <sym>Waypoint</sym>
  </wpt>
  <wpt lat="65.4618804" lon="-21.779279">
    <name>POI 2894</name>
    <sym>Waypoint</sym>
  </wpt>
  <wpt lat="65.629835" lon="-21.6906879">
    <name>POI 2895</name>
    <sym>Waypoint</sym>
  </wpt>
  <wpt lat="63.6520098" lon="-20.2615237">
    <name>POI 2896</name>
    <sym>Waypoint</sym>
  </wpt>
  <wpt lat="63.6524972" lon="-20.2619307">
    <name>POI 2897</name>
    <sym>Waypoint</sym>
  </wpt>
  <wpt lat="63.6822298" lon="-19.5011378">
    <name>Old Crossing</name>
    <sym>Waypoint</sym>
  </wpt>
  <wpt lat="64.4771528" lon="-21.0820326">
    <name>POI 2899</name>
    <sym>Waypoint</sym>
  </wpt>
  <wpt lat="64.453323" lon="-21.1153185">
    <name>Skorradalsvegur</name>
    <desc>surface: ground</desc>
    <sym>Waypoint</sym>
  </wpt>
  <wpt lat="64.4500618" lon="-21.119493">
    <name>POI 2901</name>
    <sym>Waypoint</sym>
  </wpt>
  <wpt lat="64.4528015" lon="-21.1168622">
    <name>Skorradalsvegur</name>
    <desc>surface: ground</desc>
    <sym>Waypoint</sym>
  </wpt>
  <wpt lat="65.7279614" lon="-20.159405">
    <name>Skrapatunga</name>
    <sym>Waypoint</sym>
  </wpt>
  <wpt lat="63.693286" lon="-17.9638924">
    <name>POI 2904</name>
    <sym>Waypoint</sym>
  </wpt>
  <wpt lat="63.7256749" lon="-17.952741">
    <name>POI 2905</name>
    <desc>surface: ground</desc>
    <sym>Waypoint</sym>
  </wpt>
  <wpt lat="63.6810275" lon="-17.9663659">
    <name>POI 2906</name>
    <sym>Waypoint</sym>
  </wpt>
  <wpt lat="63.6552651" lon="-18.0154692">
    <name>POI 2907</name>
    <sym>Waypoint</sym>
  </wpt>
  <wpt lat="63.7625461" lon="-18.020907">
    <name>POI 2908</name>
    <sym>Waypoint</sym>
  </wpt>
  <wpt lat="63.8991298" lon="-18.2041962">
    <name>Lakavegur</name>
    <desc>surface: ground</desc>
    <sym>Waypoint</sym>
  </wpt>
  <wpt lat="63.898286" lon="-18.2019298">
    <name>Lakavegur</name>
    <desc>surface: ground</desc>
    <sym>Waypoint</sym>
  </wpt>
  <wpt lat="64.18733" lon="-18.7371137">
    <name>Jökulheimaleið</name>
    <sym>Waypoint</sym>
  </wpt>
  <wpt lat="64.1647225" lon="-18.7867041">
    <name>Veiðivatnaleið</name>
    <desc>surface: ground</desc>
    <sym>Waypoint</sym>
  </wpt>
  <wpt lat="63.8215239" lon="-18.1859211">
    <name>POI 2913</name>
    <desc>surface: ground</desc>
    <sym>Waypoint</sym>
  </wpt>
  <wpt lat="65.2822031" lon="-13.7745254">
    <name>Skálanes</name>
    <desc>surface: unpaved</desc>
    <sym>Waypoint</sym>
  </wpt>
  <wpt lat="65.8882422" lon="-15.5067973">
    <name>POI 2915</name>
    <sym>Waypoint</sym>
  </wpt>
  <wpt lat="65.9808152" lon="-15.5133397">
    <name>POI 2916</name>
    <sym>Waypoint</sym>
  </wpt>
  <wpt lat="65.9556422" lon="-15.3928884">
    <name>POI 2917</name>
    <sym>Waypoint</sym>
  </wpt>
  <wpt lat="65.9554364" lon="-15.3937079">
    <name>POI 2918</name>
    <sym>Waypoint</sym>
  </wpt>
  <wpt lat="65.9563813" lon="-15.3924686">
    <name>POI 2919</name>
    <sym>Waypoint</sym>
  </wpt>
  <wpt lat="65.9068095" lon="-15.49762">
    <name>POI 2920</name>
    <sym>Waypoint</sym>
  </wpt>
  <wpt lat="65.976585" lon="-15.5094124">
    <name>POI 2921</name>
    <sym>Waypoint</sym>
  </wpt>
  <wpt lat="65.958231" lon="-15.3921862">
    <name>POI 2922</name>
    <sym>Waypoint</sym>
  </wpt>
  <wpt lat="65.9827163" lon="-15.5119664">
    <name>POI 2923</name>
    <sym>Waypoint</sym>
  </wpt>
  <wpt lat="66.0156865" lon="-15.5268448">
    <name>POI 2924</name>
    <sym>Waypoint</sym>
  </wpt>
  <wpt lat="66.0509343" lon="-15.5223443">
    <name>POI 2925</name>
    <sym>Waypoint</sym>
  </wpt>
  <wpt lat="65.9856354" lon="-15.5129514">
    <name>POI 2926</name>
    <sym>Waypoint</sym>
  </wpt>
  <wpt lat="66.0164379" lon="-15.526307">
    <name>POI 2927</name>
    <sym>Waypoint</sym>
  </wpt>
  <wpt lat="66.0154381" lon="-15.5266914">
    <name>POI 2928</name>
    <sym>Waypoint</sym>
  </wpt>
  <wpt lat="65.759223" lon="-22.5766543">
    <name>POI 2929</name>
    <sym>Waypoint</sym>
  </wpt>
  <wpt lat="65.7755636" lon="-22.5544779">
    <name>POI 2930</name>
    <sym>Waypoint</sym>
  </wpt>
  <wpt lat="65.7547283" lon="-22.5898962">
    <name>POI 2931</name>
    <sym>Waypoint</sym>
  </wpt>
  <wpt lat="65.775402" lon="-22.6111649">
    <name>POI 2932</name>
    <sym>Waypoint</sym>
  </wpt>
  <wpt lat="65.7652025" lon="-22.5625631">
    <name>POI 2933</name>
    <sym>Waypoint</sym>
  </wpt>
  <wpt lat="65.8899178" lon="-22.2971765">
    <name>POI 2934</name>
    <sym>Waypoint</sym>
  </wpt>
  <wpt lat="65.8893933" lon="-22.298666">
    <name>POI 2935</name>
    <sym>Waypoint</sym>
  </wpt>
  <wpt lat="64.9876192" lon="-19.5045523">
    <name>Vesturheiðarvegur</name>
    <desc>depth: &gt;1.5m | surface: ground</desc>
    <sym>Waypoint</sym>
  </wpt>
  <wpt lat="64.6158493" lon="-19.6974906">
    <name>POI 2937</name>
    <desc>surface: gravel</desc>
    <sym>Waypoint</sym>
  </wpt>
  <wpt lat="64.6094243" lon="-19.7049984">
    <name>POI 2938</name>
    <desc>surface: ground</desc>
    <sym>Waypoint</sym>
  </wpt>
  <wpt lat="66.0233979" lon="-23.1656223">
    <name>POI 2939</name>
    <sym>Waypoint</sym>
  </wpt>
  <wpt lat="66.0256222" lon="-23.1702526">
    <name>POI 2940</name>
    <sym>Waypoint</sym>
  </wpt>
  <wpt lat="66.0299892" lon="-23.1646577">
    <name>POI 2941</name>
    <sym>Waypoint</sym>
  </wpt>
  <wpt lat="66.1118902" lon="-22.5531966">
    <name>POI 2942</name>
    <sym>Waypoint</sym>
  </wpt>
  <wpt lat="66.1117256" lon="-22.5523278">
    <name>POI 2943</name>
    <sym>Waypoint</sym>
  </wpt>
  <wpt lat="66.111339" lon="-22.5587971">
    <name>POI 2944</name>
    <sym>Waypoint</sym>
  </wpt>
  <wpt lat="66.1114622" lon="-22.5471785">
    <name>POI 2945</name>
    <sym>Waypoint</sym>
  </wpt>
  <wpt lat="66.3294821" lon="-14.7704788">
    <name>POI 2946</name>
    <sym>Waypoint</sym>
  </wpt>
  <wpt lat="64.7906333" lon="-15.6480322">
    <name>Snæfellsleið</name>
    <desc>surface: ground</desc>
    <sym>Waypoint</sym>
  </wpt>
  <wpt lat="64.6836506" lon="-15.7278157">
    <name>Snæfellsleið</name>
    <desc>surface: unpaved</desc>
    <sym>Waypoint</sym>
  </wpt>
  <wpt lat="64.7371685" lon="-15.6986141">
    <name>Snæfellsleið</name>
    <desc>surface: unpaved</desc>
    <sym>Waypoint</sym>
  </wpt>
  <wpt lat="64.7112066" lon="-15.6938826">
    <name>Snæfellsleið</name>
    <desc>surface: unpaved</desc>
    <sym>Waypoint</sym>
  </wpt>
  <wpt lat="64.7858695" lon="-15.6653133">
    <name>Snæfellsleið</name>
    <desc>surface: unpaved</desc>
    <sym>Waypoint</sym>
  </wpt>
  <wpt lat="64.7608994" lon="-15.6746829">
    <name>Snæfellsleið</name>
    <desc>surface: unpaved</desc>
    <sym>Waypoint</sym>
  </wpt>
  <wpt lat="64.7620052" lon="-15.6745209">
    <name>Snæfellsleið</name>
    <desc>surface: unpaved</desc>
    <sym>Waypoint</sym>
  </wpt>
  <wpt lat="65.3628412" lon="-13.8775831">
    <name>POI 2954</name>
    <sym>Waypoint</sym>
  </wpt>
  <wpt lat="65.7454705" lon="-14.5552684">
    <name>POI 2955</name>
    <sym>Waypoint</sym>
  </wpt>
  <wpt lat="65.7696806" lon="-14.4016592">
    <name>POI 2956</name>
    <sym>Waypoint</sym>
  </wpt>
  <wpt lat="65.7650896" lon="-14.3917959">
    <name>POI 2957</name>
    <sym>Waypoint</sym>
  </wpt>
  <wpt lat="65.6405704" lon="-22.8271891">
    <name>POI 2958</name>
    <sym>Waypoint</sym>
  </wpt>
  <wpt lat="63.8970063" lon="-18.6920418">
    <name>POI 2959</name>
    <desc>surface: ground</desc>
    <sym>Waypoint</sym>
  </wpt>
  <wpt lat="65.2828074" lon="-13.7341283">
    <name>POI 2960</name>
    <desc>surface: unpaved</desc>
    <sym>Waypoint</sym>
  </wpt>
  <wpt lat="65.3083975" lon="-13.8694316">
    <name>POI 2961</name>
    <sym>Waypoint</sym>
  </wpt>
  <wpt lat="65.0555941" lon="-16.6254466">
    <name>POI 2962</name>
    <desc>surface: ground</desc>
    <sym>Waypoint</sym>
  </wpt>
  <wpt lat="63.5775322" lon="-19.4452425">
    <name>POI 2963</name>
    <desc>surface: ground</desc>
    <sym>Waypoint</sym>
  </wpt>
  <wpt lat="65.5141198" lon="-13.704565">
    <name>POI 2964</name>
    <desc>surface: unpaved</desc>
    <sym>Waypoint</sym>
  </wpt>
  <wpt lat="65.5282598" lon="-14.0488242">
    <name>Stórurð</name>
    <sym>Waypoint</sym>
  </wpt>
  <wpt lat="65.8160419" lon="-18.9757858">
    <name>POI 2966</name>
    <desc>surface: ground</desc>
    <sym>Waypoint</sym>
  </wpt>
  <wpt lat="65.8149608" lon="-18.9743907">
    <name>POI 2967</name>
    <sym>Waypoint</sym>
  </wpt>
  <wpt lat="65.813004" lon="-18.972809">
    <name>POI 2968</name>
    <desc>surface: unpaved</desc>
    <sym>Waypoint</sym>
  </wpt>
  <wpt lat="65.7996175" lon="-18.9747371">
    <name>POI 2969</name>
    <desc>surface: ground</desc>
    <sym>Waypoint</sym>
  </wpt>
  <wpt lat="64.8339306" lon="-14.3255907">
    <name>POI 2970</name>
    <sym>Waypoint</sym>
  </wpt>
  <wpt lat="65.0208514" lon="-14.464291">
    <name>POI 2971</name>
    <desc>surface: unpaved</desc>
    <sym>Waypoint</sym>
  </wpt>
  <wpt lat="64.6252858" lon="-21.8083328">
    <name>POI 2972</name>
    <sym>Waypoint</sym>
  </wpt>
  <wpt lat="65.8520975" lon="-23.4869084">
    <name>POI 2973</name>
    <desc>surface: rocks</desc>
    <sym>Waypoint</sym>
  </wpt>
  <wpt lat="65.0085853" lon="-14.6162498">
    <name>POI 2974</name>
    <sym>Waypoint</sym>
  </wpt>
  <wpt lat="65.007637" lon="-17.9588288">
    <name>Sprengisandsleið</name>
    <desc>surface: ground</desc>
    <sym>Waypoint</sym>
  </wpt>
  <wpt lat="65.0355561" lon="-17.8771225">
    <name>Sprengisandsleið</name>
    <desc>surface: ground</desc>
    <sym>Waypoint</sym>
  </wpt>
  <wpt lat="64.8745577" lon="-18.2140445">
    <name>Skagafjarðarleið</name>
    <desc>surface: ground</desc>
    <sym>Waypoint</sym>
  </wpt>
  <wpt lat="64.7260169" lon="-18.0785818">
    <name>Sprengisandsleið</name>
    <desc>surface: ground</desc>
    <sym>Waypoint</sym>
  </wpt>
  <wpt lat="65.2596894" lon="-18.9837799">
    <name>Skagafjarðarleið</name>
    <desc>surface: ground</desc>
    <sym>Waypoint</sym>
  </wpt>
  <wpt lat="64.9689561" lon="-19.4970892">
    <name>Vesturheiðarvegur</name>
    <desc>depth: &gt;1.5m | note: Impassable most of the time | surface: gravel</desc>
    <sym>Waypoint</sym>
  </wpt>
  <wpt lat="65.7587845" lon="-23.4894984">
    <name>POI 2981</name>
    <desc>surface: ground</desc>
    <sym>Waypoint</sym>
  </wpt>
  <wpt lat="65.7760818" lon="-23.6492736">
    <name>POI 2982</name>
    <sym>Waypoint</sym>
  </wpt>
  <wpt lat="65.7785372" lon="-23.694092">
    <name>POI 2983</name>
    <sym>Waypoint</sym>
  </wpt>
  <wpt lat="65.7960877" lon="-23.7346226">
    <name>POI 2984</name>
    <sym>Waypoint</sym>
  </wpt>
  <wpt lat="64.0372111" lon="-20.3044529">
    <name>POI 2985</name>
    <desc>surface: ground</desc>
    <sym>Waypoint</sym>
  </wpt>
  <wpt lat="64.8304433" lon="-17.693404">
    <name>Austurleið</name>
    <desc>surface: ground</desc>
    <sym>Waypoint</sym>
  </wpt>
  <wpt lat="63.7127099" lon="-19.9119178">
    <name>POI 2987</name>
    <desc>surface: ground</desc>
    <sym>Waypoint</sym>
  </wpt>
  <wpt lat="64.0635865" lon="-20.0126864">
    <name>POI 2988</name>
    <sym>Waypoint</sym>
  </wpt>
  <wpt lat="63.9933882" lon="-19.1059673">
    <name>Hellismannaleið</name>
    <desc>surface: ground</desc>
    <sym>Waypoint</sym>
  </wpt>
  <wpt lat="64.7002983" lon="-21.6143422">
    <name>POI 2990</name>
    <sym>Waypoint</sym>
  </wpt>
  <wpt lat="63.4714566" lon="-18.9941817">
    <name>Litla-Heiði</name>
    <sym>Waypoint</sym>
  </wpt>
  <wpt lat="64.2685272" lon="-21.8337944">
    <name>POI 2992</name>
    <desc>note: supposed to be riding path R20.3?</desc>
    <sym>Waypoint</sym>
  </wpt>
  <wpt lat="64.6093853" lon="-18.1364872">
    <name>POI 2993</name>
    <desc>note: Hagoengulon;Vonarskard</desc>
    <sym>Waypoint</sym>
  </wpt>
  <wpt lat="64.591664" lon="-18.3811018">
    <name>Sprengisandsleið</name>
    <desc>surface: ground</desc>
    <sym>Waypoint</sym>
  </wpt>
  <wpt lat="65.2290189" lon="-16.1886864">
    <name>POI 2995</name>
    <desc>surface: ground</desc>
    <sym>Waypoint</sym>
  </wpt>
  <wpt lat="63.8250518" lon="-18.8060648">
    <name>Fjallabaksleið syðri</name>
    <desc>surface: ground</desc>
    <sym>Waypoint</sym>
  </wpt>
  <wpt lat="65.1465596" lon="-21.0694429">
    <name>POI 2997</name>
    <desc>surface: asphalt</desc>
    <sym>Waypoint</sym>
  </wpt>
  <wpt lat="65.1878425" lon="-14.0156019">
    <name>POI 2998</name>
    <sym>Waypoint</sym>
  </wpt>
  <wpt lat="66.509005" lon="-16.4312118">
    <name>Afaborg</name>
    <desc>surface: gravel</desc>
    <sym>Waypoint</sym>
  </wpt>
  <wpt lat="64.7785371" lon="-18.2464298">
    <name>Kvíslaveitur</name>
    <desc>surface: ground</desc>
    <sym>Waypoint</sym>
  </wpt>
  <wpt lat="64.3925222" lon="-21.2481441">
    <name>POI 3001</name>
    <desc>surface: ground</desc>
    <sym>Waypoint</sym>
  </wpt>
  <wpt lat="63.9148883" lon="-17.7871551">
    <name>POI 3002</name>
    <sym>Waypoint</sym>
  </wpt>
  <wpt lat="63.9121247" lon="-17.7797575">
    <name>POI 3003</name>
    <sym>Waypoint</sym>
  </wpt>
  <wpt lat="66.4182107" lon="-22.4545963">
    <name>POI 3004</name>
    <desc>surface: ground</desc>
    <sym>Waypoint</sym>
  </wpt>
  <wpt lat="65.7574623" lon="-23.5283274">
    <name>POI 3005</name>
    <desc>fixme: Isn't this also Svalvogavegur? | surface: ground</desc>
    <sym>Waypoint</sym>
  </wpt>
  <wpt lat="65.0173665" lon="-18.6911729">
    <name>Miðja Íslands</name>
    <sym>Waypoint</sym>
  </wpt>
  <wpt lat="64.1707586" lon="-20.7260044">
    <name>POI 3007</name>
    <sym>Waypoint</sym>
  </wpt>
  <wpt lat="64.2102029" lon="-21.5815378">
    <name>POI 3008</name>
    <desc>surface: unpaved</desc>
    <sym>Waypoint</sym>
  </wpt>
  <wpt lat="64.2236366" lon="-21.5506248">
    <name>POI 3009</name>
    <sym>Waypoint</sym>
  </wpt>
  <wpt lat="64.226204" lon="-21.5469793">
    <name>POI 3010</name>
    <desc>surface: unpaved</desc>
    <sym>Waypoint</sym>
  </wpt>
  <wpt lat="64.3399857" lon="-21.5929091">
    <name>POI 3011</name>
    <desc>surface: ground</desc>
    <sym>Waypoint</sym>
  </wpt>
  <wpt lat="64.3395432" lon="-21.5826819">
    <name>POI 3012</name>
    <desc>surface: unpaved</desc>
    <sym>Waypoint</sym>
  </wpt>
  <wpt lat="64.3390559" lon="-21.5833484">
    <name>POI 3013</name>
    <desc>surface: ground</desc>
    <sym>Waypoint</sym>
  </wpt>
  <wpt lat="65.3591167" lon="-13.8634415">
    <name>POI 3014</name>
    <sym>Waypoint</sym>
  </wpt>
  <wpt lat="65.3586814" lon="-13.8639477">
    <name>POI 3015</name>
    <sym>Waypoint</sym>
  </wpt>
  <wpt lat="64.0410523" lon="-19.3293335">
    <name>Landmannahellir</name>
    <desc>surface: ground</desc>
    <sym>Waypoint</sym>
  </wpt>
  <wpt lat="64.0406449" lon="-19.3295197">
    <name>Landmannahellir</name>
    <desc>surface: ground</desc>
    <sym>Waypoint</sym>
  </wpt>
  <wpt lat="64.0403042" lon="-19.3287153">
    <name>Landmannaleið</name>
    <desc>surface: ground</desc>
    <sym>Waypoint</sym>
  </wpt>
  <wpt lat="64.0271803" lon="-19.2446289">
    <name>Landmannaleið</name>
    <desc>surface: ground</desc>
    <sym>Waypoint</sym>
  </wpt>
  <wpt lat="63.9943784" lon="-19.0600298">
    <name>Landmannalaugavegur</name>
    <desc>surface: ground</desc>
    <sym>Waypoint</sym>
  </wpt>
  <wpt lat="63.7117742" lon="-20.1099478">
    <name>POI 3021</name>
    <sym>Waypoint</sym>
  </wpt>
  <wpt lat="63.7212728" lon="-20.1178961">
    <name>POI 3022</name>
    <desc>surface: ground</desc>
    <sym>Waypoint</sym>
  </wpt>
  <wpt lat="63.7118185" lon="-20.1108653">
    <name>POI 3023</name>
    <sym>Waypoint</sym>
  </wpt>
  <wpt lat="63.8441514" lon="-18.2203748">
    <name>Lakavegur</name>
    <desc>surface: ground</desc>
    <sym>Waypoint</sym>
  </wpt>
  <wpt lat="63.8724541" lon="-18.2522334">
    <name>Lakavegur</name>
    <desc>surface: ground</desc>
    <sym>Waypoint</sym>
  </wpt>
  <wpt lat="63.9531752" lon="-18.2433067">
    <name>Lakavegur</name>
    <desc>surface: ground</desc>
    <sym>Waypoint</sym>
  </wpt>
  <wpt lat="66.1604146" lon="-21.7644605">
    <name>POI 3027</name>
    <sym>Waypoint</sym>
  </wpt>
  <wpt lat="66.072165" lon="-21.738327">
    <name>POI 3028</name>
    <desc>surface: gravel</desc>
    <sym>Waypoint</sym>
  </wpt>
  <wpt lat="66.08523" lon="-21.7424102">
    <name>POI 3029</name>
    <sym>Waypoint</sym>
  </wpt>
  <wpt lat="66.2054074" lon="-21.9104853">
    <name>POI 3030</name>
    <sym>Waypoint</sym>
  </wpt>
  <wpt lat="66.0509835" lon="-21.7125426">
    <name>POI 3031</name>
    <sym>Waypoint</sym>
  </wpt>
  <wpt lat="66.1953271" lon="-22.0035231">
    <name>POI 3032</name>
    <sym>Waypoint</sym>
  </wpt>
  <wpt lat="66.1952927" lon="-22.0136987">
    <name>POI 3033</name>
    <sym>Waypoint</sym>
  </wpt>
  <wpt lat="66.2512651" lon="-22.0606403">
    <name>POI 3034</name>
    <desc>surface: ground</desc>
    <sym>Waypoint</sym>
  </wpt>
  <wpt lat="66.2366385" lon="-22.1616859">
    <name>POI 3035</name>
    <sym>Waypoint</sym>
  </wpt>
  <wpt lat="66.2634895" lon="-22.241263">
    <name>POI 3036</name>
    <sym>Waypoint</sym>
  </wpt>
  <wpt lat="66.3348734" lon="-22.28071">
    <name>POI 3037</name>
    <desc>surface: ground</desc>
    <sym>Waypoint</sym>
  </wpt>
  <wpt lat="63.8997513" lon="-19.3283854">
    <name>Fjallabaksleið syðri</name>
    <desc>surface: ground</desc>
    <sym>Waypoint</sym>
  </wpt>
  <wpt lat="63.8575882" lon="-19.2128519">
    <name>Fjallabaksleið syðri</name>
    <desc>surface: ground</desc>
    <sym>Waypoint</sym>
  </wpt>
  <wpt lat="63.8312701" lon="-19.406677">
    <name>POI 3040</name>
    <desc>surface: ground</desc>
    <sym>Waypoint</sym>
  </wpt>
  <wpt lat="64.4652579" lon="-21.3802853">
    <name>POI 3041</name>
    <desc>surface: gravel</desc>
    <sym>Waypoint</sym>
  </wpt>
  <wpt lat="63.9592579" lon="-17.520266">
    <name>POI 3042</name>
    <sym>Waypoint</sym>
  </wpt>
  <wpt lat="64.3801091" lon="-14.9176623">
    <name>POI 3043</name>
    <sym>Waypoint</sym>
  </wpt>
  <wpt lat="65.8470233" lon="-19.2068801">
    <name>Tungufell</name>
    <desc>surface: ground</desc>
    <sym>Waypoint</sym>
  </wpt>
  <wpt lat="65.891641" lon="-19.2360786">
    <name>POI 3045</name>
    <desc>surface: ground</desc>
    <sym>Waypoint</sym>
  </wpt>
  <wpt lat="64.094145" lon="-21.7719398">
    <name>POI 3046</name>
    <desc>surface: gravel</desc>
    <sym>Waypoint</sym>
  </wpt>
  <wpt lat="66.1801473" lon="-23.4749641">
    <name>POI 3047</name>
    <desc>surface: ground</desc>
    <sym>Waypoint</sym>
  </wpt>
  <wpt lat="65.1405303" lon="-21.5948992">
    <name>POI 3048</name>
    <desc>surface: ground</desc>
    <sym>Waypoint</sym>
  </wpt>
  <wpt lat="66.1538754" lon="-23.2755147">
    <name>POI 3049</name>
    <desc>surface: unpaved</desc>
    <sym>Waypoint</sym>
  </wpt>
  <wpt lat="64.0017763" lon="-18.8997817">
    <name>Glaðheimar</name>
    <sym>Waypoint</sym>
  </wpt>
  <wpt lat="64.100526" lon="-19.9686528">
    <name>POI 3051</name>
    <desc>surface: ground</desc>
    <sym>Waypoint</sym>
  </wpt>
  <wpt lat="63.5652801" lon="-19.8651145">
    <name>POI 3052</name>
    <desc>surface: ground</desc>
    <sym>Waypoint</sym>
  </wpt>
  <wpt lat="64.2767332" lon="-21.1372489">
    <name>POI 3053</name>
    <sym>Waypoint</sym>
  </wpt>
  <wpt lat="64.4212824" lon="-21.7019659">
    <name>POI 3054</name>
    <sym>Waypoint</sym>
  </wpt>
  <wpt lat="63.8381372" lon="-20.6664218">
    <name>POI 3055</name>
    <sym>Waypoint</sym>
  </wpt>
  <wpt lat="64.2110581" lon="-21.5237483">
    <name>POI 3056</name>
    <desc>note: incomplete | surface: gravel</desc>
    <sym>Waypoint</sym>
  </wpt>
  <wpt lat="64.0359042" lon="-20.3153823">
    <name>POI 3057</name>
    <desc>surface: ground</desc>
    <sym>Waypoint</sym>
  </wpt>
  <wpt lat="64.9850466" lon="-18.9540052">
    <name>POI 3058</name>
    <desc>surface: ground</desc>
    <sym>Waypoint</sym>
  </wpt>
  <wpt lat="64.0245828" lon="-18.5228929">
    <name>Skælingar</name>
    <sym>Waypoint</sym>
  </wpt>
  <wpt lat="63.9796128" lon="-18.8167356">
    <name>Glaðheimar</name>
    <sym>Waypoint</sym>
  </wpt>
  <wpt lat="64.1493939" lon="-19.7522305">
    <name>POI 3061</name>
    <desc>surface: ground</desc>
    <sym>Waypoint</sym>
  </wpt>
  <wpt lat="65.0400925" lon="-19.8349193">
    <name>POI 3062</name>
    <desc>surface: ground</desc>
    <sym>Waypoint</sym>
  </wpt>
  <wpt lat="65.773836" lon="-19.001082">
    <name>POI 3063</name>
    <desc>surface: ground</desc>
    <sym>Waypoint</sym>
  </wpt>
  <wpt lat="63.8377897" lon="-19.8104503">
    <name>POI 3064</name>
    <desc>surface: ground</desc>
    <sym>Waypoint</sym>
  </wpt>
  <wpt lat="64.3259311" lon="-21.5100642">
    <name>POI 3065</name>
    <desc>surface: dirt</desc>
    <sym>Waypoint</sym>
  </wpt>
  <wpt lat="64.0630424" lon="-19.9819154">
    <name>POI 3066</name>
    <desc>surface: ground</desc>
    <sym>Waypoint</sym>
  </wpt>
  <wpt lat="64.3894966" lon="-14.7948396">
    <name>POI 3067</name>
    <sym>Waypoint</sym>
  </wpt>
  <wpt lat="65.9750916" lon="-18.8114349">
    <name>POI 3068</name>
    <desc>surface: ground</desc>
    <sym>Waypoint</sym>
  </wpt>
  <wpt lat="65.2308355" lon="-16.1852589">
    <name>Öskjuleið</name>
    <desc>surface: ground</desc>
    <sym>Waypoint</sym>
  </wpt>
  <wpt lat="65.2608758" lon="-20.4869908">
    <name>POI 3070</name>
    <desc>surface: ground</desc>
    <sym>Waypoint</sym>
  </wpt>
  <wpt lat="64.948195" lon="-19.104325">
    <name>POI 3071</name>
    <desc>surface: ground</desc>
    <sym>Waypoint</sym>
  </wpt>
  <wpt lat="64.937955" lon="-19.166575">
    <name>POI 3072</name>
    <desc>surface: ground</desc>
    <sym>Waypoint</sym>
  </wpt>
  <wpt lat="64.8692344" lon="-19.2726174">
    <name>POI 3073</name>
    <desc>surface: ground</desc>
    <sym>Waypoint</sym>
  </wpt>
  <wpt lat="64.8525315" lon="-19.371293">
    <name>POI 3074</name>
    <desc>note: Often impassable | surface: ground</desc>
    <sym>Waypoint</sym>
  </wpt>
  <wpt lat="64.9336368" lon="-19.121754">
    <name>POI 3075</name>
    <desc>surface: ground</desc>
    <sym>Waypoint</sym>
  </wpt>
  <wpt lat="64.99722" lon="-18.94163">
    <name>POI 3076</name>
    <desc>surface: ground</desc>
    <sym>Waypoint</sym>
  </wpt>
  <wpt lat="64.9988814" lon="-18.9230731">
    <name>POI 3077</name>
    <desc>surface: ground</desc>
    <sym>Waypoint</sym>
  </wpt>
  <wpt lat="65.0036622" lon="-18.8943234">
    <name>POI 3078</name>
    <desc>surface: ground</desc>
    <sym>Waypoint</sym>
  </wpt>
  <wpt lat="64.9901907" lon="-15.5997664">
    <name>Jökuldalsvegur</name>
    <desc>surface: ground</desc>
    <sym>Waypoint</sym>
  </wpt>
  <wpt lat="65.0122835" lon="-15.5753215">
    <name>Jökuldalsvegur</name>
    <desc>surface: ground</desc>
    <sym>Waypoint</sym>
  </wpt>
  <wpt lat="64.1986589" lon="-20.0994494">
    <name>POI 3081</name>
    <desc>surface: ground</desc>
    <sym>Waypoint</sym>
  </wpt>
  <wpt lat="63.8897721" lon="-19.3121656">
    <name>Fjallabaksleið syðri</name>
    <desc>surface: ground</desc>
    <sym>Waypoint</sym>
  </wpt>
  <wpt lat="63.8256453" lon="-19.2150538">
    <name>Fjallabaksleið syðri</name>
    <desc>surface: ground</desc>
    <sym>Waypoint</sym>
  </wpt>
  <wpt lat="63.8917423" lon="-19.3166507">
    <name>Fjallabaksleið syðri</name>
    <desc>surface: ground</desc>
    <sym>Waypoint</sym>
  </wpt>
  <wpt lat="63.8940147" lon="-19.3187589">
    <name>Fjallabaksleið syðri</name>
    <desc>surface: ground</desc>
    <sym>Waypoint</sym>
  </wpt>
  <wpt lat="64.8515152" lon="-20.5613652">
    <name>POI 3086</name>
    <desc>surface: ground</desc>
    <sym>Waypoint</sym>
  </wpt>
  <wpt lat="63.9982142" lon="-18.4145384">
    <name>Lakagígavegur</name>
    <desc>surface: ground</desc>
    <sym>Waypoint</sym>
  </wpt>
  <wpt lat="63.8494171" lon="-18.4762052">
    <name>POI 3088</name>
    <desc>surface: ground</desc>
    <sym>Waypoint</sym>
  </wpt>
  <wpt lat="65.4501653" lon="-15.9224345">
    <name>POI 3089</name>
    <desc>surface: ground</desc>
    <sym>Waypoint</sym>
  </wpt>
  <wpt lat="64.5245218" lon="-19.5031923">
    <name>POI 3090</name>
    <desc>surface: ground</desc>
    <sym>Waypoint</sym>
  </wpt>
  <wpt lat="64.5297714" lon="-19.4904372">
    <name>POI 3091</name>
    <desc>surface: ground</desc>
    <sym>Waypoint</sym>
  </wpt>
  <wpt lat="64.5317742" lon="-19.4866355">
    <name>POI 3092</name>
    <desc>surface: ground</desc>
    <sym>Waypoint</sym>
  </wpt>
  <wpt lat="64.6313889" lon="-21.986338">
    <name>POI 3093</name>
    <desc>surface: ground</desc>
    <sym>Waypoint</sym>
  </wpt>
  <wpt lat="64.6891672" lon="-21.8651289">
    <name>POI 3094</name>
    <desc>surface: ground</desc>
    <sym>Waypoint</sym>
  </wpt>
  <wpt lat="64.4593572" lon="-15.063515">
    <name>Kollumúlavegur</name>
    <desc>surface: ground</desc>
    <sym>Waypoint</sym>
  </wpt>
  <wpt lat="64.0871717" lon="-21.7001846">
    <name>POI 3096</name>
    <desc>surface: dirt</desc>
    <sym>Waypoint</sym>
  </wpt>
  <wpt lat="64.4839132" lon="-15.0316889">
    <name>POI 3097</name>
    <sym>Waypoint</sym>
  </wpt>
  <wpt lat="63.7409076" lon="-17.7773325">
    <name>POI 3098</name>
    <sym>Waypoint</sym>
  </wpt>
  <wpt lat="63.6181605" lon="-19.4470081">
    <name>POI 3099</name>
    <desc>surface: ground</desc>
    <sym>Waypoint</sym>
  </wpt>
  <wpt lat="63.6850605" lon="-19.50553">
    <name>POI 3100</name>
    <sym>Waypoint</sym>
  </wpt>
  <wpt lat="65.1925657" lon="-16.2160955">
    <name>Öskjuleið</name>
    <desc>surface: ground</desc>
    <sym>Waypoint</sym>
  </wpt>
  <wpt lat="64.4270338" lon="-18.9090753">
    <name>POI 3102</name>
    <desc>surface: unpaved</desc>
    <sym>Waypoint</sym>
  </wpt>
  <wpt lat="65.2684842" lon="-17.0677945">
    <name>Öskjuvegur-Dyngjufjöll</name>
    <desc>surface: ground</desc>
    <sym>Waypoint</sym>
  </wpt>
  <wpt lat="66.0658315" lon="-20.1213789">
    <name>POI 3104</name>
    <sym>Waypoint</sym>
  </wpt>
  <wpt lat="64.6015697" lon="-21.4428332">
    <name>POI 3105</name>
    <sym>Waypoint</sym>
  </wpt>
  <wpt lat="64.6020491" lon="-21.4414407">
    <name>POI 3106</name>
    <sym>Waypoint</sym>
  </wpt>
  <wpt lat="65.645956" lon="-22.9767533">
    <name>POI 3107</name>
    <sym>Waypoint</sym>
  </wpt>
  <wpt lat="65.692473" lon="-23.072767">
    <name>POI 3108</name>
    <desc>surface: unpaved</desc>
    <sym>Waypoint</sym>
  </wpt>
  <wpt lat="64.7889622" lon="-22.2074131">
    <name>Syðri-Skógar</name>
    <desc>surface: ground</desc>
    <sym>Waypoint</sym>
  </wpt>
  <wpt lat="64.8492387" lon="-20.585488">
    <name>Úlfsvatn</name>
    <desc>surface: ground</desc>
    <sym>Waypoint</sym>
  </wpt>
  <wpt lat="65.2082876" lon="-21.404048">
    <name>POI 3111</name>
    <desc>surface: unpaved</desc>
    <sym>Waypoint</sym>
  </wpt>
  <wpt lat="65.2847248" lon="-21.2856911">
    <name>POI 3112</name>
    <sym>Waypoint</sym>
  </wpt>
  <wpt lat="65.3059573" lon="-21.2469202">
    <name>POI 3113</name>
    <sym>Waypoint</sym>
  </wpt>
  <wpt lat="63.5162086" lon="-19.3893277">
    <name>POI 3114</name>
    <desc>surface: ground</desc>
    <sym>Waypoint</sym>
  </wpt>
  <wpt lat="66.218003" lon="-22.5409132">
    <name>POI 3115</name>
    <desc>surface: sand</desc>
    <sym>Waypoint</sym>
  </wpt>
  <wpt lat="65.4070596" lon="-21.3210054">
    <name>POI 3116</name>
    <sym>Waypoint</sym>
  </wpt>
  <wpt lat="64.0731472" lon="-21.8106923">
    <name>POI 3117</name>
    <desc>surface: ground</desc>
    <sym>Waypoint</sym>
  </wpt>
  <wpt lat="65.9649143" lon="-17.8572429">
    <name>POI 3118</name>
    <desc>surface: unpaved</desc>
    <sym>Waypoint</sym>
  </wpt>
  <wpt lat="65.9647332" lon="-17.8589146">
    <name>POI 3119</name>
    <desc>surface: unpaved</desc>
    <sym>Waypoint</sym>
  </wpt>
</gpx>
