{
  "type": "FeatureCollection",
  "features": [
    {
      "type": "Feature",
      "id": "26b0eed1-b678-4ba2-93fc-75e836e730d4",
      "geometry": null,
      "properties": {
        "title": "Carte Grocery stores and Gas stations",
        "class": "Folder",
        "visible": true,
        "labelVisible": true
      }
    },
    {
      "type": "Feature",
      "id": "014bbed0-8b28-43c7-838e-0176f763fe71",
      "geometry": {
        "type": "Point",
        "coordinates": [
          -21.9445461,
          64.0764603,
          0,
          0
        ]
      },
      "properties": {
        "title": "Go Campers Iceland",
        "description": "",
        "class": "Marker",
        "folderId": "26b0eed1-b678-4ba2-93fc-75e836e730d4",
        "visible": true,
        "labelVisible": true,
        "marker-symbol": "point",
        "marker-color": "DB4436",
        "marker-size": "1",
        "marker-rotation": null
      }
    },
    {
      "type": "Feature",
      "id": "998af945-a554-4231-a13b-d3f87ebb2f46",
      "geometry": {
        "type": "Point",
        "coordinates": [
          -14.8334406,
          65.7497735,
          0,
          0
        ]
      },
      "properties": {
        "title": "Aldan",
        "description": "self service",
        "class": "Marker",
        "folderId": "26b0eed1-b678-4ba2-93fc-75e836e730d4",
        "visible": true,
        "labelVisible": true,
        "marker-symbol": "point",
        "marker-color": "E65100",
        "marker-size": "1",
        "marker-rotation": null
      }
    },
    {
      "type": "Feature",
      "id": "bdb86ec0-6c79-4eb5-b626-130e1ac8f236",
      "geometry": {
        "type": "Point",
        "coordinates": [
          -21.9380826,
          64.0765103,
          0,
          0
        ]
      },
      "properties": {
        "title": "Atlansolia",
        "description": "Self service",
        "class": "Marker",
        "folderId": "26b0eed1-b678-4ba2-93fc-75e836e730d4",
        "visible": true,
        "labelVisible": true,
        "marker-symbol": "point",
        "marker-color": "E65100",
        "marker-size": "1",
        "marker-rotation": null
      }
    },
    {
      "type": "Feature",
      "id": "abd8c2e6-2a29-4536-ba80-f100a4d45e72",
      "geometry": {
        "type": "Point",
        "coordinates": [
          -22.7345378,
          65.0707214,
          0,
          0
        ]
      },
      "properties": {
        "title": "Atlantsolia",
        "description": "self service",
        "class": "Marker",
        "folderId": "26b0eed1-b678-4ba2-93fc-75e836e730d4",
        "visible": true,
        "labelVisible": true,
        "marker-symbol": "point",
        "marker-color": "E65100",
        "marker-size": "1",
        "marker-rotation": null
      }
    },
    {
      "type": "Feature",
      "id": "3868c9ad-e97b-4925-91f3-0df267f5e2a9",
      "geometry": {
        "type": "Point",
        "coordinates": [
          -21.6903809,
          64.1639178,
          0,
          0
        ]
      },
      "properties": {
        "title": "Atlantsolía",
        "description": "",
        "class": "Marker",
        "folderId": "26b0eed1-b678-4ba2-93fc-75e836e730d4",
        "visible": true,
        "labelVisible": true,
        "marker-symbol": "point",
        "marker-color": "E65100",
        "marker-size": "1",
        "marker-rotation": null
      }
    },
    {
      "type": "Feature",
      "id": "de8b800e-1950-449e-9275-d87f615e34ba",
      "geometry": {
        "type": "Point",
        "coordinates": [
          -21.9236539,
          64.1318916,
          0,
          0
        ]
      },
      "properties": {
        "title": "Atlantsolía",
        "description": "",
        "class": "Marker",
        "folderId": "26b0eed1-b678-4ba2-93fc-75e836e730d4",
        "visible": true,
        "labelVisible": true,
        "marker-symbol": "point",
        "marker-color": "E65100",
        "marker-size": "1",
        "marker-rotation": null
      }
    },
    {
      "type": "Feature",
      "id": "db8dbd37-865d-4945-ab93-fc69d3d88feb",
      "geometry": {
        "type": "Point",
        "coordinates": [
          -21.8709298,
          64.1321463,
          0,
          0
        ]
      },
      "properties": {
        "title": "Atlantsolía",
        "description": "",
        "class": "Marker",
        "folderId": "26b0eed1-b678-4ba2-93fc-75e836e730d4",
        "visible": true,
        "labelVisible": true,
        "marker-symbol": "point",
        "marker-color": "E65100",
        "marker-size": "1",
        "marker-rotation": null
      }
    },
    {
      "type": "Feature",
      "id": "853f5323-120e-4097-8abe-e55ff362bda2",
      "geometry": {
        "type": "Point",
        "coordinates": [
          -21.8534304,
          64.1102721,
          0,
          0
        ]
      },
      "properties": {
        "title": "Atlantsolía",
        "description": "",
        "class": "Marker",
        "folderId": "26b0eed1-b678-4ba2-93fc-75e836e730d4",
        "visible": true,
        "labelVisible": true,
        "marker-symbol": "point",
        "marker-color": "E65100",
        "marker-size": "1",
        "marker-rotation": null
      }
    },
    {
      "type": "Feature",
      "id": "f93fd0ba-2e38-473f-b476-06480e7e0bb1",
      "geometry": {
        "type": "Point",
        "coordinates": [
          -21.8934774,
          64.56766,
          0,
          0
        ]
      },
      "properties": {
        "title": "Atlantsolia",
        "description": "self service",
        "class": "Marker",
        "folderId": "26b0eed1-b678-4ba2-93fc-75e836e730d4",
        "visible": true,
        "labelVisible": true,
        "marker-symbol": "point",
        "marker-color": "E65100",
        "marker-size": "1",
        "marker-rotation": null
      }
    },
    {
      "type": "Feature",
      "id": "2cdf503c-1356-4eaa-a282-57ec54bab3ec",
      "geometry": {
        "type": "Point",
        "coordinates": [
          -14.3970423,
          65.2601363,
          0,
          0
        ]
      },
      "properties": {
        "title": "Atlantsolía",
        "description": "",
        "class": "Marker",
        "folderId": "26b0eed1-b678-4ba2-93fc-75e836e730d4",
        "visible": true,
        "labelVisible": true,
        "marker-symbol": "point",
        "marker-color": "E65100",
        "marker-size": "1",
        "marker-rotation": null
      }
    },
    {
      "type": "Feature",
      "id": "e2633b63-7874-4fb4-96db-e4db704f72bb",
      "geometry": {
        "type": "Point",
        "coordinates": [
          -22.5493865,
          63.9874754,
          0,
          0
        ]
      },
      "properties": {
        "title": "Atlantsolía",
        "description": "",
        "class": "Marker",
        "folderId": "26b0eed1-b678-4ba2-93fc-75e836e730d4",
        "visible": true,
        "labelVisible": true,
        "marker-symbol": "point",
        "marker-color": "E65100",
        "marker-size": "1",
        "marker-rotation": null
      }
    },
    {
      "type": "Feature",
      "id": "b632e253-0080-4f18-b22d-91de67506dac",
      "geometry": {
        "type": "Point",
        "coordinates": [
          -21.8130745,
          64.1253955,
          0,
          0
        ]
      },
      "properties": {
        "title": "Atlantsolía",
        "description": "",
        "class": "Marker",
        "folderId": "26b0eed1-b678-4ba2-93fc-75e836e730d4",
        "visible": true,
        "labelVisible": true,
        "marker-symbol": "point",
        "marker-color": "E65100",
        "marker-size": "1",
        "marker-rotation": null
      }
    },
    {
      "type": "Feature",
      "id": "9457e750-384e-469b-9e79-72df987c428c",
      "geometry": {
        "type": "Point",
        "coordinates": [
          -21.8478997,
          64.1209242,
          0,
          0
        ]
      },
      "properties": {
        "title": "Atlantsolía",
        "description": "",
        "class": "Marker",
        "folderId": "26b0eed1-b678-4ba2-93fc-75e836e730d4",
        "visible": true,
        "labelVisible": true,
        "marker-symbol": "point",
        "marker-color": "E65100",
        "marker-size": "1",
        "marker-rotation": null
      }
    },
    {
      "type": "Feature",
      "id": "5f4baa1d-2b9e-4130-8393-80427bea0853",
      "geometry": {
        "type": "Point",
        "coordinates": [
          -18.1354285,
          65.6991052,
          0,
          0
        ]
      },
      "properties": {
        "title": "Atlantsolía",
        "description": "",
        "class": "Marker",
        "folderId": "26b0eed1-b678-4ba2-93fc-75e836e730d4",
        "visible": true,
        "labelVisible": true,
        "marker-symbol": "point",
        "marker-color": "E65100",
        "marker-size": "1",
        "marker-rotation": null
      }
    },
    {
      "type": "Feature",
      "id": "56818cce-f054-4a0c-9130-3d8958abe84c",
      "geometry": {
        "type": "Point",
        "coordinates": [
          -21.9678311,
          64.0635257,
          0,
          0
        ]
      },
      "properties": {
        "title": "Atlantsolía",
        "description": "",
        "class": "Marker",
        "folderId": "26b0eed1-b678-4ba2-93fc-75e836e730d4",
        "visible": true,
        "labelVisible": true,
        "marker-symbol": "point",
        "marker-color": "E65100",
        "marker-size": "1",
        "marker-rotation": null
      }
    },
    {
      "type": "Feature",
      "id": "d67e24df-205b-43a9-8441-cf2ffbcfcd3f",
      "geometry": {
        "type": "Point",
        "coordinates": [
          -21.1857653,
          63.9941903,
          0,
          0
        ]
      },
      "properties": {
        "title": "Atlantsolía",
        "description": "",
        "class": "Marker",
        "folderId": "26b0eed1-b678-4ba2-93fc-75e836e730d4",
        "visible": true,
        "labelVisible": true,
        "marker-symbol": "point",
        "marker-color": "E65100",
        "marker-size": "1",
        "marker-rotation": null
      }
    },
    {
      "type": "Feature",
      "id": "b13bb47a-a1df-44f8-8114-2e82cb16a420",
      "geometry": {
        "type": "Point",
        "coordinates": [
          -18.0995681,
          65.6878031,
          0,
          0
        ]
      },
      "properties": {
        "title": "Atlantsolía",
        "description": "",
        "class": "Marker",
        "folderId": "26b0eed1-b678-4ba2-93fc-75e836e730d4",
        "visible": true,
        "labelVisible": true,
        "marker-symbol": "point",
        "marker-color": "E65100",
        "marker-size": "1",
        "marker-rotation": null
      }
    },
    {
      "type": "Feature",
      "id": "180ddcdd-1f18-4d77-9185-298e2706cfb9",
      "geometry": {
        "type": "Point",
        "coordinates": [
          -21.9189876,
          64.1457612,
          0,
          0
        ]
      },
      "properties": {
        "title": "Atlantsolía",
        "description": "",
        "class": "Marker",
        "folderId": "26b0eed1-b678-4ba2-93fc-75e836e730d4",
        "visible": true,
        "labelVisible": true,
        "marker-symbol": "point",
        "marker-color": "E65100",
        "marker-size": "1",
        "marker-rotation": null
      }
    },
    {
      "type": "Feature",
      "id": "719d3d3c-7e50-4543-8b5e-7dbd2b4371a8",
      "geometry": {
        "type": "Point",
        "coordinates": [
          -21.7569291,
          64.1265895,
          0,
          0
        ]
      },
      "properties": {
        "title": "Atlantsolía",
        "description": "",
        "class": "Marker",
        "folderId": "26b0eed1-b678-4ba2-93fc-75e836e730d4",
        "visible": true,
        "labelVisible": true,
        "marker-symbol": "point",
        "marker-color": "E65100",
        "marker-size": "1",
        "marker-rotation": null
      }
    },
    {
      "type": "Feature",
      "id": "a4fc8627-58e4-4801-8bdf-3a8f628b561d",
      "geometry": {
        "type": "Point",
        "coordinates": [
          -21.8299477,
          64.2420782,
          0,
          0
        ]
      },
      "properties": {
        "title": "Atlantsolia",
        "description": "opening hours 7.30am - 9pm",
        "class": "Marker",
        "folderId": "26b0eed1-b678-4ba2-93fc-75e836e730d4",
        "visible": true,
        "labelVisible": true,
        "marker-symbol": "point",
        "marker-color": "E65100",
        "marker-size": "1",
        "marker-rotation": null
      }
    },
    {
      "type": "Feature",
      "id": "50af318c-15e1-4040-b898-a327eafd934f",
      "geometry": {
        "type": "Point",
        "coordinates": [
          -21.0130584,
          63.9466947,
          0,
          0
        ]
      },
      "properties": {
        "title": "Atlansolia",
        "description": "self service",
        "class": "Marker",
        "folderId": "26b0eed1-b678-4ba2-93fc-75e836e730d4",
        "visible": true,
        "labelVisible": true,
        "marker-symbol": "point",
        "marker-color": "E65100",
        "marker-size": "1",
        "marker-rotation": null
      }
    },
    {
      "type": "Feature",
      "id": "166befce-0099-44c3-aae6-a3c198ace528",
      "geometry": {
        "type": "Point",
        "coordinates": [
          -21.93599,
          64.11123,
          0,
          0
        ]
      },
      "properties": {
        "title": "Atlantsolía",
        "description": "",
        "class": "Marker",
        "folderId": "26b0eed1-b678-4ba2-93fc-75e836e730d4",
        "visible": true,
        "labelVisible": true,
        "marker-symbol": "point",
        "marker-color": "E65100",
        "marker-size": "1",
        "marker-rotation": null
      }
    },
    {
      "type": "Feature",
      "id": "f09ed47f-dabc-4b8d-89a7-182a6dfdab7b",
      "geometry": {
        "type": "Point",
        "coordinates": [
          -21.8326342,
          64.0872913,
          0,
          0
        ]
      },
      "properties": {
        "title": "Atlantsolía",
        "description": "",
        "class": "Marker",
        "folderId": "26b0eed1-b678-4ba2-93fc-75e836e730d4",
        "visible": true,
        "labelVisible": true,
        "marker-symbol": "point",
        "marker-color": "E65100",
        "marker-size": "1",
        "marker-rotation": null
      }
    },
    {
      "type": "Feature",
      "id": "ee78d9ae-61fe-444e-a0b7-20f2974a77fd",
      "geometry": {
        "type": "Point",
        "coordinates": [
          -21.9146865,
          64.0752605,
          0,
          0
        ]
      },
      "properties": {
        "title": "Costco gas station",
        "description": "",
        "class": "Marker",
        "folderId": "26b0eed1-b678-4ba2-93fc-75e836e730d4",
        "visible": true,
        "labelVisible": true,
        "marker-symbol": "point",
        "marker-color": "E65100",
        "marker-size": "1",
        "marker-rotation": null
      }
    },
    {
      "type": "Feature",
      "id": "5de1bbd9-dff1-4b2d-a757-26985cedf220",
      "geometry": {
        "type": "Point",
        "coordinates": [
          -21.8771803,
          64.1309961,
          0,
          0
        ]
      },
      "properties": {
        "title": "Dælan",
        "description": "",
        "class": "Marker",
        "folderId": "26b0eed1-b678-4ba2-93fc-75e836e730d4",
        "visible": true,
        "labelVisible": true,
        "marker-symbol": "point",
        "marker-color": "E65100",
        "marker-size": "1",
        "marker-rotation": null
      }
    },
    {
      "type": "Feature",
      "id": "fd3d0fca-884b-4d9b-ba26-26c477e702ff",
      "geometry": {
        "type": "Point",
        "coordinates": [
          -21.8596819,
          64.0936717,
          0,
          0
        ]
      },
      "properties": {
        "title": "Dælan",
        "description": "",
        "class": "Marker",
        "folderId": "26b0eed1-b678-4ba2-93fc-75e836e730d4",
        "visible": true,
        "labelVisible": true,
        "marker-symbol": "point",
        "marker-color": "E65100",
        "marker-size": "1",
        "marker-rotation": null
      }
    },
    {
      "type": "Feature",
      "id": "98415f05-19fc-4fb0-860e-ffb6a206c82b",
      "geometry": {
        "type": "Point",
        "coordinates": [
          -21.8420665,
          64.1125979,
          0,
          0
        ]
      },
      "properties": {
        "title": "Dælan",
        "description": "",
        "class": "Marker",
        "folderId": "26b0eed1-b678-4ba2-93fc-75e836e730d4",
        "visible": true,
        "labelVisible": true,
        "marker-symbol": "point",
        "marker-color": "E65100",
        "marker-size": "1",
        "marker-rotation": null
      }
    },
    {
      "type": "Feature",
      "id": "da42bfc8-c2f8-463a-a0b5-b30bd128c85a",
      "geometry": {
        "type": "Point",
        "coordinates": [
          -21.8493224,
          64.1411949,
          0,
          0
        ]
      },
      "properties": {
        "title": "Dælan",
        "description": "",
        "class": "Marker",
        "folderId": "26b0eed1-b678-4ba2-93fc-75e836e730d4",
        "visible": true,
        "labelVisible": true,
        "marker-symbol": "point",
        "marker-color": "E65100",
        "marker-size": "1",
        "marker-rotation": null
      }
    },
    {
      "type": "Feature",
      "id": "951f231b-b913-487e-b9e9-cfcd9a3658c8",
      "geometry": {
        "type": "Point",
        "coordinates": [
          -21.8842194,
          64.0988353,
          0,
          0
        ]
      },
      "properties": {
        "title": "Dælan",
        "description": "",
        "class": "Marker",
        "folderId": "26b0eed1-b678-4ba2-93fc-75e836e730d4",
        "visible": true,
        "labelVisible": true,
        "marker-symbol": "point",
        "marker-color": "E65100",
        "marker-size": "1",
        "marker-rotation": null
      }
    },
    {
      "type": "Feature",
      "id": "a878e0c1-aac5-4cbc-a06b-1ffa5b6c1b02",
      "geometry": {
        "type": "Point",
        "coordinates": [
          -20.9874782,
          63.936742,
          0,
          0
        ]
      },
      "properties": {
        "title": "N1",
        "description": "opening hours 7.00am-11.30pm",
        "class": "Marker",
        "folderId": "26b0eed1-b678-4ba2-93fc-75e836e730d4",
        "visible": true,
        "labelVisible": true,
        "marker-symbol": "point",
        "marker-color": "E65100",
        "marker-size": "1",
        "marker-rotation": null
      }
    },
    {
      "type": "Feature",
      "id": "9115736f-f0a4-426a-adee-7ffbf4447a74",
      "geometry": {
        "type": "Point",
        "coordinates": [
          -21.1924848,
          63.9960843,
          0,
          0
        ]
      },
      "properties": {
        "title": "N1",
        "description": "opening hours 7.30am-7.30pm",
        "class": "Marker",
        "folderId": "26b0eed1-b678-4ba2-93fc-75e836e730d4",
        "visible": true,
        "labelVisible": true,
        "marker-symbol": "point",
        "marker-color": "E65100",
        "marker-size": "1",
        "marker-rotation": null
      }
    },
    {
      "type": "Feature",
      "id": "82b7823e-b1fd-4c48-be75-669b5a1c6744",
      "geometry": {
        "type": "Point",
        "coordinates": [
          -22.4362707,
          63.8437002,
          0,
          0
        ]
      },
      "properties": {
        "title": "N1",
        "description": "24 hours",
        "class": "Marker",
        "folderId": "26b0eed1-b678-4ba2-93fc-75e836e730d4",
        "visible": true,
        "labelVisible": true,
        "marker-symbol": "point",
        "marker-color": "E65100",
        "marker-size": "1",
        "marker-rotation": null
      }
    },
    {
      "type": "Feature",
      "id": "01b3a882-ed86-41ba-a705-bac37ccf6357",
      "geometry": {
        "type": "Point",
        "coordinates": [
          -22.4287505,
          63.841435,
          0,
          0
        ]
      },
      "properties": {
        "title": "N1",
        "description": "selfservice",
        "class": "Marker",
        "folderId": "26b0eed1-b678-4ba2-93fc-75e836e730d4",
        "visible": true,
        "labelVisible": true,
        "marker-symbol": "point",
        "marker-color": "E65100",
        "marker-size": "1",
        "marker-rotation": null
      }
    },
    {
      "type": "Feature",
      "id": "32a2b648-3510-4e59-a1d3-b9da78337390",
      "geometry": {
        "type": "Point",
        "coordinates": [
          -22.549527,
          63.9966993,
          0,
          0
        ]
      },
      "properties": {
        "title": "N1",
        "description": "Saturday\t10AM–10PM<br>Sunday\t10AM–10PM<br>Monday\t7:30AM–10PM<br>Tuesday\t7:30AM–10PM<br>Wednesday\t7:30AM–10PM<br>Thursday\t7:30AM–10PM<br>Friday\t7:30AM–10PM",
        "class": "Marker",
        "folderId": "26b0eed1-b678-4ba2-93fc-75e836e730d4",
        "visible": true,
        "labelVisible": true,
        "marker-symbol": "point",
        "marker-color": "E65100",
        "marker-size": "1",
        "marker-rotation": null
      }
    },
    {
      "type": "Feature",
      "id": "cfd95c49-da95-48c1-b832-421336f4d586",
      "geometry": {
        "type": "Point",
        "coordinates": [
          -22.7135897,
          64.0403711,
          0,
          0
        ]
      },
      "properties": {
        "title": "N1",
        "description": "selfservice",
        "class": "Marker",
        "folderId": "26b0eed1-b678-4ba2-93fc-75e836e730d4",
        "visible": true,
        "labelVisible": true,
        "marker-symbol": "point",
        "marker-color": "E65100",
        "marker-size": "1",
        "marker-rotation": null
      }
    },
    {
      "type": "Feature",
      "id": "a41e3fdd-b69b-4a74-9fd4-f77a8694be90",
      "geometry": {
        "type": "Point",
        "coordinates": [
          -22.6487982,
          64.0675081,
          0,
          0
        ]
      },
      "properties": {
        "title": "N1",
        "description": "Self service",
        "class": "Marker",
        "folderId": "26b0eed1-b678-4ba2-93fc-75e836e730d4",
        "visible": true,
        "labelVisible": true,
        "marker-symbol": "point",
        "marker-color": "E65100",
        "marker-size": "1",
        "marker-rotation": null
      }
    },
    {
      "type": "Feature",
      "id": "ed81d95b-334f-4015-9836-f0a51bf32b46",
      "geometry": {
        "type": "Point",
        "coordinates": [
          -21.9105712,
          64.5439628,
          0,
          0
        ]
      },
      "properties": {
        "title": "N1",
        "description": "opening hours : 8am - 11pm",
        "class": "Marker",
        "folderId": "26b0eed1-b678-4ba2-93fc-75e836e730d4",
        "visible": true,
        "labelVisible": true,
        "marker-symbol": "point",
        "marker-color": "E65100",
        "marker-size": "1",
        "marker-rotation": null
      }
    },
    {
      "type": "Feature",
      "id": "d72346a3-04dd-4252-9cad-5cadf962cf7c",
      "geometry": {
        "type": "Point",
        "coordinates": [
          -22.5757697,
          63.9677891,
          0,
          0
        ]
      },
      "properties": {
        "title": "N1",
        "description": "Saturday\tClosed<br>Sunday\tClosed<br>Monday\t8AM–6PM<br>Tuesday\t8AM–6PM<br>Wednesday\t8AM–6PM<br>Thursday\t8AM–6PM<br>Friday\t8AM–5PM",
        "class": "Marker",
        "folderId": "26b0eed1-b678-4ba2-93fc-75e836e730d4",
        "visible": true,
        "labelVisible": true,
        "marker-symbol": "point",
        "marker-color": "E65100",
        "marker-size": "1",
        "marker-rotation": null
      }
    },
    {
      "type": "Feature",
      "id": "4e843390-58c4-444f-a736-6d1eed094ee1",
      "geometry": {
        "type": "Point",
        "coordinates": [
          -20.2340671,
          63.7496522,
          0,
          0
        ]
      },
      "properties": {
        "title": "N1",
        "description": "opening hours 8am-10pm",
        "class": "Marker",
        "folderId": "26b0eed1-b678-4ba2-93fc-75e836e730d4",
        "visible": true,
        "labelVisible": true,
        "marker-symbol": "point",
        "marker-color": "E65100",
        "marker-size": "1",
        "marker-rotation": null
      }
    },
    {
      "type": "Feature",
      "id": "5394f16e-5d38-45eb-9d9a-8463edf8cd76",
      "geometry": {
        "type": "Point",
        "coordinates": [
          -18.0399236,
          63.7939327,
          0,
          0
        ]
      },
      "properties": {
        "title": "N1",
        "description": "opening hours 9am-9pm everyday",
        "class": "Marker",
        "folderId": "26b0eed1-b678-4ba2-93fc-75e836e730d4",
        "visible": true,
        "labelVisible": true,
        "marker-symbol": "point",
        "marker-color": "E65100",
        "marker-size": "1",
        "marker-rotation": null
      }
    },
    {
      "type": "Feature",
      "id": "01e4a11e-63c2-49ee-83dc-1af99a02671b",
      "geometry": {
        "type": "Point",
        "coordinates": [
          -16.6460681,
          63.8813219,
          0,
          0
        ]
      },
      "properties": {
        "title": "N1",
        "description": "self service",
        "class": "Marker",
        "folderId": "26b0eed1-b678-4ba2-93fc-75e836e730d4",
        "visible": true,
        "labelVisible": true,
        "marker-symbol": "point",
        "marker-color": "E65100",
        "marker-size": "1",
        "marker-rotation": null
      }
    },
    {
      "type": "Feature",
      "id": "0090ae84-6da3-4471-be17-c4efc759ee06",
      "geometry": {
        "type": "Point",
        "coordinates": [
          -15.229615,
          64.3135598,
          0,
          0
        ]
      },
      "properties": {
        "title": "N1",
        "description": "open 24 hours",
        "class": "Marker",
        "folderId": "26b0eed1-b678-4ba2-93fc-75e836e730d4",
        "visible": true,
        "labelVisible": true,
        "marker-symbol": "point",
        "marker-color": "E65100",
        "marker-size": "1",
        "marker-rotation": null
      }
    },
    {
      "type": "Feature",
      "id": "f45b7565-9f04-4d08-9fd4-22210fd2634d",
      "geometry": {
        "type": "Point",
        "coordinates": [
          -15.2063361,
          64.2589984,
          0,
          0
        ]
      },
      "properties": {
        "title": "N1",
        "description": "Sunday<br>10AM–10PM<br>Monday<br>8AM–10PM<br>Tuesday<br>8AM–10PM<br>Wednesday<br>8AM–10PM<br>Thursday<br>8AM–10PM<br>Friday<br>8AM–10PM<br>Saturday<br>9AM–10PM",
        "class": "Marker",
        "folderId": "26b0eed1-b678-4ba2-93fc-75e836e730d4",
        "visible": true,
        "labelVisible": true,
        "marker-symbol": "point",
        "marker-color": "E65100",
        "marker-size": "1",
        "marker-rotation": null
      }
    },
    {
      "type": "Feature",
      "id": "37fd035c-317d-495d-8e08-e7f4de8c8a95",
      "geometry": {
        "type": "Point",
        "coordinates": [
          -15.1957561,
          64.2501164,
          0,
          0
        ]
      },
      "properties": {
        "title": "N1",
        "description": "self service",
        "class": "Marker",
        "folderId": "26b0eed1-b678-4ba2-93fc-75e836e730d4",
        "visible": true,
        "labelVisible": true,
        "marker-symbol": "point",
        "marker-color": "E65100",
        "marker-size": "1",
        "marker-rotation": null
      }
    },
    {
      "type": "Feature",
      "id": "5a1f3337-2a2f-4c21-9164-41bbb2779c2c",
      "geometry": {
        "type": "Point",
        "coordinates": [
          -14.2862411,
          64.6562033,
          0,
          0
        ]
      },
      "properties": {
        "title": "N1",
        "description": "self service",
        "class": "Marker",
        "folderId": "26b0eed1-b678-4ba2-93fc-75e836e730d4",
        "visible": true,
        "labelVisible": true,
        "marker-symbol": "point",
        "marker-color": "E65100",
        "marker-size": "1",
        "marker-rotation": null
      }
    },
    {
      "type": "Feature",
      "id": "f6d5d0b7-0024-400e-9917-54854f020707",
      "geometry": {
        "type": "Point",
        "coordinates": [
          -14.0077186,
          64.7937045,
          0,
          0
        ]
      },
      "properties": {
        "title": "N1",
        "description": "self service",
        "class": "Marker",
        "folderId": "26b0eed1-b678-4ba2-93fc-75e836e730d4",
        "visible": true,
        "labelVisible": true,
        "marker-symbol": "point",
        "marker-color": "E65100",
        "marker-size": "1",
        "marker-rotation": null
      }
    },
    {
      "type": "Feature",
      "id": "0baed4f8-a977-4a4d-82b2-3e40a23b297d",
      "geometry": {
        "type": "Point",
        "coordinates": [
          -13.8753086,
          64.8334362,
          0,
          0
        ]
      },
      "properties": {
        "title": "N1",
        "description": "Self service",
        "class": "Marker",
        "folderId": "26b0eed1-b678-4ba2-93fc-75e836e730d4",
        "visible": true,
        "labelVisible": true,
        "marker-symbol": "point",
        "marker-color": "E65100",
        "marker-size": "1",
        "marker-rotation": null
      }
    },
    {
      "type": "Feature",
      "id": "23884c9d-ecdb-4beb-9ec3-cc65518af6f6",
      "geometry": {
        "type": "Point",
        "coordinates": [
          -14.2219949,
          65.0318339,
          0,
          0
        ]
      },
      "properties": {
        "title": "N1",
        "description": "Sunday<br>Closed<br>Monday<br>9AM–5PM<br>Tuesday<br>9AM–5PM<br>Wednesday<br>9AM–5PM<br>Thursday<br>9AM–5PM<br>Friday<br>9AM–5PM<br>Saturday<br>Closed",
        "class": "Marker",
        "folderId": "26b0eed1-b678-4ba2-93fc-75e836e730d4",
        "visible": true,
        "labelVisible": true,
        "marker-symbol": "point",
        "marker-color": "E65100",
        "marker-size": "1",
        "marker-rotation": null
      }
    },
    {
      "type": "Feature",
      "id": "1cfcb366-cd59-4cc6-896d-fa9884d8cc77",
      "geometry": {
        "type": "Point",
        "coordinates": [
          -14.4079524,
          65.2606355,
          0,
          0
        ]
      },
      "properties": {
        "title": "N1",
        "description": "Sunday<br>8AM–11:30PM<br>Monday<br>8AM–11:30PM<br>Tuesday<br>8AM–11:30PM<br>Wednesday<br>8AM–11:30PM<br>Thursday<br>8AM–11:30PM<br>Friday<br>8AM–11:30PM<br>Saturday<br>8AM–11:30PM",
        "class": "Marker",
        "folderId": "26b0eed1-b678-4ba2-93fc-75e836e730d4",
        "visible": true,
        "labelVisible": true,
        "marker-symbol": "point",
        "marker-color": "E65100",
        "marker-size": "1",
        "marker-rotation": null
      }
    },
    {
      "type": "Feature",
      "id": "13f6bb18-438d-4100-9371-993d83aff801",
      "geometry": {
        "type": "Point",
        "coordinates": [
          -13.8171208,
          65.5280423,
          0,
          0
        ]
      },
      "properties": {
        "title": "N1",
        "description": "self service",
        "class": "Marker",
        "folderId": "26b0eed1-b678-4ba2-93fc-75e836e730d4",
        "visible": true,
        "labelVisible": true,
        "marker-symbol": "point",
        "marker-color": "E65100",
        "marker-size": "1",
        "marker-rotation": null
      }
    },
    {
      "type": "Feature",
      "id": "22012c44-70b2-4c1b-a084-d8918b61c868",
      "geometry": {
        "type": "Point",
        "coordinates": [
          -14.0365309,
          65.0765974,
          0,
          0
        ]
      },
      "properties": {
        "title": "N1",
        "description": "self service",
        "class": "Marker",
        "folderId": "26b0eed1-b678-4ba2-93fc-75e836e730d4",
        "visible": true,
        "labelVisible": true,
        "marker-symbol": "point",
        "marker-color": "E65100",
        "marker-size": "1",
        "marker-rotation": null
      }
    },
    {
      "type": "Feature",
      "id": "c585bf61-6a31-4584-b379-b83d7f43ef83",
      "geometry": {
        "type": "Point",
        "coordinates": [
          -14.8052895,
          66.0383294,
          0,
          0
        ]
      },
      "properties": {
        "title": "N1",
        "description": "self service",
        "class": "Marker",
        "folderId": "26b0eed1-b678-4ba2-93fc-75e836e730d4",
        "visible": true,
        "labelVisible": true,
        "marker-symbol": "point",
        "marker-color": "E65100",
        "marker-size": "1",
        "marker-rotation": null
      }
    },
    {
      "type": "Feature",
      "id": "b98675ff-f129-4a2b-a5b5-f788d297da5e",
      "geometry": {
        "type": "Point",
        "coordinates": [
          -15.3366673,
          66.1980744,
          0,
          0
        ]
      },
      "properties": {
        "title": "N1",
        "description": "self service",
        "class": "Marker",
        "folderId": "26b0eed1-b678-4ba2-93fc-75e836e730d4",
        "visible": true,
        "labelVisible": true,
        "marker-symbol": "point",
        "marker-color": "E65100",
        "marker-size": "1",
        "marker-rotation": null
      }
    },
    {
      "type": "Feature",
      "id": "5c3427ef-5273-4f84-a2c6-ff58c4c69060",
      "geometry": {
        "type": "Point",
        "coordinates": [
          -15.9505552,
          66.4534982,
          0,
          0
        ]
      },
      "properties": {
        "title": "N1",
        "description": "Self service",
        "class": "Marker",
        "folderId": "26b0eed1-b678-4ba2-93fc-75e836e730d4",
        "visible": true,
        "labelVisible": true,
        "marker-symbol": "point",
        "marker-color": "E65100",
        "marker-size": "1",
        "marker-rotation": null
      }
    },
    {
      "type": "Feature",
      "id": "ef5ff628-316e-4150-99b1-06bc8af7c20b",
      "geometry": {
        "type": "Point",
        "coordinates": [
          -16.4484751,
          66.3003491,
          0,
          0
        ]
      },
      "properties": {
        "title": "N1",
        "description": "self service",
        "class": "Marker",
        "folderId": "26b0eed1-b678-4ba2-93fc-75e836e730d4",
        "visible": true,
        "labelVisible": true,
        "marker-symbol": "point",
        "marker-color": "E65100",
        "marker-size": "1",
        "marker-rotation": null
      }
    },
    {
      "type": "Feature",
      "id": "5a902478-5b6b-408e-b66a-3c2a91a6033e",
      "geometry": {
        "type": "Point",
        "coordinates": [
          -16.4839044,
          66.0305119,
          0,
          0
        ]
      },
      "properties": {
        "title": "N1",
        "description": "self service",
        "class": "Marker",
        "folderId": "26b0eed1-b678-4ba2-93fc-75e836e730d4",
        "visible": true,
        "labelVisible": true,
        "marker-symbol": "point",
        "marker-color": "E65100",
        "marker-size": "1",
        "marker-rotation": null
      }
    },
    {
      "type": "Feature",
      "id": "3a733e95-2d3a-4bb9-9174-3856d25c4e1e",
      "geometry": {
        "type": "Point",
        "coordinates": [
          -17.3434827,
          66.0477105,
          0,
          0
        ]
      },
      "properties": {
        "title": "N1",
        "description": "Opening hours<br>Mon.-Thu. 8:00-22:00<br>Fri. 8:00-22:00<br>Sat. 9:00-22:00<br>Sun. 10:00-22:00",
        "class": "Marker",
        "folderId": "26b0eed1-b678-4ba2-93fc-75e836e730d4",
        "visible": true,
        "labelVisible": true,
        "marker-symbol": "point",
        "marker-color": "E65100",
        "marker-size": "1",
        "marker-rotation": null
      }
    },
    {
      "type": "Feature",
      "id": "44a918eb-5087-4fdc-aa85-3e276afc1dcc",
      "geometry": {
        "type": "Point",
        "coordinates": [
          -16.9111669,
          65.6417037,
          0,
          0
        ]
      },
      "properties": {
        "title": "N1",
        "description": "24 hours open",
        "class": "Marker",
        "folderId": "26b0eed1-b678-4ba2-93fc-75e836e730d4",
        "visible": true,
        "labelVisible": true,
        "marker-symbol": "point",
        "marker-color": "E65100",
        "marker-size": "1",
        "marker-rotation": null
      }
    },
    {
      "type": "Feature",
      "id": "56994262-e2ca-498a-a539-07af06263b78",
      "geometry": {
        "type": "Point",
        "coordinates": [
          -17.3722064,
          65.7208524,
          0,
          0
        ]
      },
      "properties": {
        "title": "N1",
        "description": "self service",
        "class": "Marker",
        "folderId": "26b0eed1-b678-4ba2-93fc-75e836e730d4",
        "visible": true,
        "labelVisible": true,
        "marker-symbol": "point",
        "marker-color": "E65100",
        "marker-size": "1",
        "marker-rotation": null
      }
    },
    {
      "type": "Feature",
      "id": "04e62bbc-1df8-419d-9748-fe78b0d6e29b",
      "geometry": {
        "type": "Point",
        "coordinates": [
          -17.5388896,
          65.6862166,
          0,
          0
        ]
      },
      "properties": {
        "title": "N1",
        "description": "self service",
        "class": "Marker",
        "folderId": "26b0eed1-b678-4ba2-93fc-75e836e730d4",
        "visible": true,
        "labelVisible": true,
        "marker-symbol": "point",
        "marker-color": "E65100",
        "marker-size": "1",
        "marker-rotation": null
      }
    },
    {
      "type": "Feature",
      "id": "dc9f5c4a-f94f-4322-b88b-aa8422296600",
      "geometry": {
        "type": "Point",
        "coordinates": [
          -18.1085935,
          65.6908345,
          0,
          0
        ]
      },
      "properties": {
        "title": "N1",
        "description": "Sunday\t10AM–7:30PM<br>Monday\t7:30AM–7:30PM<br>Tuesday\t7:30AM–7:30PM<br>Wednesday\t7:30AM–7:30PM<br>Thursday\t7:30AM–7:30PM<br>Friday\t7:30AM–7:30PM<br>Saturday\t9AM–7:30PM",
        "class": "Marker",
        "folderId": "26b0eed1-b678-4ba2-93fc-75e836e730d4",
        "visible": true,
        "labelVisible": true,
        "marker-symbol": "point",
        "marker-color": "E65100",
        "marker-size": "1",
        "marker-rotation": null
      }
    },
    {
      "type": "Feature",
      "id": "deae147d-31ee-4ee7-980c-16feef6092fa",
      "geometry": {
        "type": "Point",
        "coordinates": [
          -18.0810714,
          65.6697984,
          0,
          0
        ]
      },
      "properties": {
        "title": "N1",
        "description": "Sunday\t10AM–7:30PM<br>Monday\t7:30AM–7:30PM<br>Tuesday\t7:30AM–7:30PM<br>Wednesday\t7:30AM–7:30PM<br>Thursday\t7:30AM–7:30PM<br>Friday\t7:30AM–7:30PM<br>Saturday\t8AM–7:30PM",
        "class": "Marker",
        "folderId": "26b0eed1-b678-4ba2-93fc-75e836e730d4",
        "visible": true,
        "labelVisible": true,
        "marker-symbol": "point",
        "marker-color": "E65100",
        "marker-size": "1",
        "marker-rotation": null
      }
    },
    {
      "type": "Feature",
      "id": "da3021f0-1d6a-45fe-bd2d-ac99c51858fe",
      "geometry": {
        "type": "Point",
        "coordinates": [
          -23.1235707,
          66.074575,
          0,
          0
        ]
      },
      "properties": {
        "title": "N1",
        "description": "Sunday\t9AM–11:30PM<br>Monday\t7:30AM–11:30PM<br>Tuesday\t7:30AM–11:30PM<br>Wednesday\t7:30AM–11:30PM<br>Thursday\t7:30AM–11:30PM<br>Friday\t7:30AM–11:30PM<br>Saturday\t9AM–11:30PM",
        "class": "Marker",
        "folderId": "26b0eed1-b678-4ba2-93fc-75e836e730d4",
        "visible": true,
        "labelVisible": true,
        "marker-symbol": "point",
        "marker-color": "E65100",
        "marker-size": "1",
        "marker-rotation": null
      }
    },
    {
      "type": "Feature",
      "id": "7bdb305e-e630-4e2a-9390-0e7dcb9346d9",
      "geometry": {
        "type": "Point",
        "coordinates": [
          -23.9755047,
          65.590285,
          0,
          0
        ]
      },
      "properties": {
        "title": "N1",
        "description": "open 24 hours",
        "class": "Marker",
        "folderId": "26b0eed1-b678-4ba2-93fc-75e836e730d4",
        "visible": true,
        "labelVisible": true,
        "marker-symbol": "point",
        "marker-color": "E65100",
        "marker-size": "1",
        "marker-rotation": null
      }
    },
    {
      "type": "Feature",
      "id": "cd591a6f-5a19-4d37-9059-1c8b73332410",
      "geometry": {
        "type": "Point",
        "coordinates": [
          -19.4129384,
          65.8971891,
          0,
          0
        ]
      },
      "properties": {
        "title": "N1",
        "description": "self service",
        "class": "Marker",
        "folderId": "26b0eed1-b678-4ba2-93fc-75e836e730d4",
        "visible": true,
        "labelVisible": true,
        "marker-symbol": "point",
        "marker-color": "E65100",
        "marker-size": "1",
        "marker-rotation": null
      }
    },
    {
      "type": "Feature",
      "id": "c079e5ff-fb3d-45d8-bec8-2839453dfb48",
      "geometry": {
        "type": "Point",
        "coordinates": [
          -19.6365809,
          65.7402734,
          0,
          0
        ]
      },
      "properties": {
        "title": "N1",
        "description": "Sunday\t9AM–10PM<br>Monday\t8AM–10PM<br>Tuesday\t8AM–10PM<br>Wednesday\t8AM–10PM<br>Thursday\t8AM–10PM<br>Friday\t8AM–10PM<br>Saturday\t9AM–10PM",
        "class": "Marker",
        "folderId": "26b0eed1-b678-4ba2-93fc-75e836e730d4",
        "visible": true,
        "labelVisible": true,
        "marker-symbol": "point",
        "marker-color": "E65100",
        "marker-size": "1",
        "marker-rotation": null
      }
    },
    {
      "type": "Feature",
      "id": "01e9fe69-7e97-4aa4-93ee-21dc56a75b35",
      "geometry": {
        "type": "Point",
        "coordinates": [
          -20.2759122,
          65.6602003,
          0,
          0
        ]
      },
      "properties": {
        "title": "N1",
        "description": "Sunday\t9AM–10PM<br>Monday\t8AM–10PM<br>Tuesday\t8AM–10PM<br>Wednesday\t8AM–10PM<br>Thursday\t8AM–10PM<br>Friday\t8AM–10PM<br>Saturday\t9AM–10PM",
        "class": "Marker",
        "folderId": "26b0eed1-b678-4ba2-93fc-75e836e730d4",
        "visible": true,
        "labelVisible": true,
        "marker-symbol": "point",
        "marker-color": "E65100",
        "marker-size": "1",
        "marker-rotation": null
      }
    },
    {
      "type": "Feature",
      "id": "f696dacb-7a4e-4099-9206-bf7e7f422f81",
      "geometry": {
        "type": "Point",
        "coordinates": [
          -21.7635781,
          65.1077867,
          0,
          0
        ]
      },
      "properties": {
        "title": "N1",
        "description": "self service",
        "class": "Marker",
        "folderId": "26b0eed1-b678-4ba2-93fc-75e836e730d4",
        "visible": true,
        "labelVisible": true,
        "marker-symbol": "point",
        "marker-color": "E65100",
        "marker-size": "1",
        "marker-rotation": null
      }
    },
    {
      "type": "Feature",
      "id": "ff839996-6abd-4891-a887-8a8628c5a7bc",
      "geometry": {
        "type": "Point",
        "coordinates": [
          -21.6955733,
          64.1659891,
          0,
          0
        ]
      },
      "properties": {
        "title": "N1",
        "description": "Sunday\t9AM–11:30PM<br>Monday\t7AM–11:30PM<br>Tuesday\t7AM–11:30PM<br>Wednesday\t7AM–11:30PM<br>Thursday\t7AM–11:30PM<br>Friday\t7AM–11:30PM<br>Saturday\t7AM–11:30PM",
        "class": "Marker",
        "folderId": "26b0eed1-b678-4ba2-93fc-75e836e730d4",
        "visible": true,
        "labelVisible": true,
        "marker-symbol": "point",
        "marker-color": "E65100",
        "marker-size": "1",
        "marker-rotation": null
      }
    },
    {
      "type": "Feature",
      "id": "8b5b5e76-e404-4788-9069-ac242d76ff26",
      "geometry": {
        "type": "Point",
        "coordinates": [
          -23.5103345,
          66.0518175,
          0,
          0
        ]
      },
      "properties": {
        "title": "N1",
        "description": "Sunday\t11AM–8PM<br>Monday\t10AM–8PM<br>Tuesday\t10AM–8PM<br>Wednesday\t10AM–8PM<br>Thursday\t10AM–8PM<br>Friday\t10AM–8PM<br>Saturday\t11AM–8PM",
        "class": "Marker",
        "folderId": "26b0eed1-b678-4ba2-93fc-75e836e730d4",
        "visible": true,
        "labelVisible": true,
        "marker-symbol": "point",
        "marker-color": "E65100",
        "marker-size": "1",
        "marker-rotation": null
      }
    },
    {
      "type": "Feature",
      "id": "c6784d04-08d0-40b7-a285-c1949a10f743",
      "geometry": {
        "type": "Point",
        "coordinates": [
          -21.7794539,
          64.100159,
          0,
          0
        ]
      },
      "properties": {
        "title": "N1",
        "description": "",
        "class": "Marker",
        "folderId": "26b0eed1-b678-4ba2-93fc-75e836e730d4",
        "visible": true,
        "labelVisible": true,
        "marker-symbol": "point",
        "marker-color": "E65100",
        "marker-size": "1",
        "marker-rotation": null
      }
    },
    {
      "type": "Feature",
      "id": "ed5b032c-50d0-4776-9124-c67a22ab8180",
      "geometry": {
        "type": "Point",
        "coordinates": [
          -21.0850811,
          65.1446538,
          0,
          0
        ]
      },
      "properties": {
        "title": "N1",
        "description": "Sunday\t8AM–11PM<br>Monday\t8AM–11PM<br>Tuesday\t8AM–11PM<br>Wednesday\t8AM–11PM<br>Thursday\t8AM–11PM<br>Friday\t8AM–11PM<br>Saturday\t8AM–11PM",
        "class": "Marker",
        "folderId": "26b0eed1-b678-4ba2-93fc-75e836e730d4",
        "visible": true,
        "labelVisible": true,
        "marker-symbol": "point",
        "marker-color": "E65100",
        "marker-size": "1",
        "marker-rotation": null
      }
    },
    {
      "type": "Feature",
      "id": "0ae0d727-74c2-490d-9678-e5d4dc765099",
      "geometry": {
        "type": "Point",
        "coordinates": [
          -18.1808011,
          65.9468773,
          0,
          0
        ]
      },
      "properties": {
        "title": "N1",
        "description": "",
        "class": "Marker",
        "folderId": "26b0eed1-b678-4ba2-93fc-75e836e730d4",
        "visible": true,
        "labelVisible": true,
        "marker-symbol": "point",
        "marker-color": "E65100",
        "marker-size": "1",
        "marker-rotation": null
      }
    },
    {
      "type": "Feature",
      "id": "fe1e54c4-9052-442b-a21d-bdd85e5306e7",
      "geometry": {
        "type": "Point",
        "coordinates": [
          -21.9379907,
          64.1386622,
          0,
          0
        ]
      },
      "properties": {
        "title": "N1",
        "description": "",
        "class": "Marker",
        "folderId": "26b0eed1-b678-4ba2-93fc-75e836e730d4",
        "visible": true,
        "labelVisible": true,
        "marker-symbol": "point",
        "marker-color": "E65100",
        "marker-size": "1",
        "marker-rotation": null
      }
    },
    {
      "type": "Feature",
      "id": "be5a7669-d037-4ae2-8802-d337b717608a",
      "geometry": {
        "type": "Point",
        "coordinates": [
          -21.8294692,
          64.1243013,
          0,
          0
        ]
      },
      "properties": {
        "title": "N1",
        "description": "",
        "class": "Marker",
        "folderId": "26b0eed1-b678-4ba2-93fc-75e836e730d4",
        "visible": true,
        "labelVisible": true,
        "marker-symbol": "point",
        "marker-color": "E65100",
        "marker-size": "1",
        "marker-rotation": null
      }
    },
    {
      "type": "Feature",
      "id": "05740cd8-f5be-45df-b634-67326a88b454",
      "geometry": {
        "type": "Point",
        "coordinates": [
          -22.2027833,
          65.4519968,
          0,
          0
        ]
      },
      "properties": {
        "title": "N1",
        "description": "",
        "class": "Marker",
        "folderId": "26b0eed1-b678-4ba2-93fc-75e836e730d4",
        "visible": true,
        "labelVisible": true,
        "marker-symbol": "point",
        "marker-color": "E65100",
        "marker-size": "1",
        "marker-rotation": null
      }
    },
    {
      "type": "Feature",
      "id": "4119d6dd-50aa-4a7f-80b3-1de1a7e96e4f",
      "geometry": {
        "type": "Point",
        "coordinates": [
          -20.2514615,
          64.0414583,
          0,
          0
        ]
      },
      "properties": {
        "title": "N1",
        "description": "",
        "class": "Marker",
        "folderId": "26b0eed1-b678-4ba2-93fc-75e836e730d4",
        "visible": true,
        "labelVisible": true,
        "marker-symbol": "point",
        "marker-color": "E65100",
        "marker-size": "1",
        "marker-rotation": null
      }
    },
    {
      "type": "Feature",
      "id": "fc380246-ea3d-48c9-9ec4-2400ae84a97e",
      "geometry": {
        "type": "Point",
        "coordinates": [
          -21.8263578,
          64.1235849,
          0,
          0
        ]
      },
      "properties": {
        "title": "N1",
        "description": "",
        "class": "Marker",
        "folderId": "26b0eed1-b678-4ba2-93fc-75e836e730d4",
        "visible": true,
        "labelVisible": true,
        "marker-symbol": "point",
        "marker-color": "E65100",
        "marker-size": "1",
        "marker-rotation": null
      }
    },
    {
      "type": "Feature",
      "id": "39d2e925-48b7-4110-a76d-216d69006ea7",
      "geometry": {
        "type": "Point",
        "coordinates": [
          -22.1035373,
          65.5563422,
          0,
          0
        ]
      },
      "properties": {
        "title": "N1",
        "description": "self service",
        "class": "Marker",
        "folderId": "26b0eed1-b678-4ba2-93fc-75e836e730d4",
        "visible": true,
        "labelVisible": true,
        "marker-symbol": "point",
        "marker-color": "E65100",
        "marker-size": "1",
        "marker-rotation": null
      }
    },
    {
      "type": "Feature",
      "id": "36bafdef-a25d-4fa2-a52c-34d415b19022",
      "geometry": {
        "type": "Point",
        "coordinates": [
          -23.2603553,
          64.9250394,
          0,
          0
        ]
      },
      "properties": {
        "title": "N1",
        "description": "self service",
        "class": "Marker",
        "folderId": "26b0eed1-b678-4ba2-93fc-75e836e730d4",
        "visible": true,
        "labelVisible": true,
        "marker-symbol": "point",
        "marker-color": "E65100",
        "marker-size": "1",
        "marker-rotation": null
      }
    },
    {
      "type": "Feature",
      "id": "9c549a33-4918-43a1-a604-67ab3fa893d9",
      "geometry": {
        "type": "Point",
        "coordinates": [
          -23.8842988,
          64.915011,
          0,
          0
        ]
      },
      "properties": {
        "title": "N1",
        "description": "Sunday\t11AM–8PM<br>Monday\t10AM–8PM<br>Tuesday\t10AM–8PM<br>Wednesday\t10AM–8PM<br>Thursday\t10AM–8PM<br>Friday\t10AM–8PM<br>Saturday\t11AM–8PM",
        "class": "Marker",
        "folderId": "26b0eed1-b678-4ba2-93fc-75e836e730d4",
        "visible": true,
        "labelVisible": true,
        "marker-symbol": "point",
        "marker-color": "E65100",
        "marker-size": "1",
        "marker-rotation": null
      }
    },
    {
      "type": "Feature",
      "id": "07edff6c-4edc-470a-aa67-8fe8792bafe1",
      "geometry": {
        "type": "Point",
        "coordinates": [
          -21.8988419,
          64.1179092,
          0,
          0
        ]
      },
      "properties": {
        "title": "N1",
        "description": "",
        "class": "Marker",
        "folderId": "26b0eed1-b678-4ba2-93fc-75e836e730d4",
        "visible": true,
        "labelVisible": true,
        "marker-symbol": "point",
        "marker-color": "E65100",
        "marker-size": "1",
        "marker-rotation": null
      }
    },
    {
      "type": "Feature",
      "id": "d7b63137-f87d-4414-a876-67e02fcab125",
      "geometry": {
        "type": "Point",
        "coordinates": [
          -21.7721128,
          64.1384148,
          0,
          0
        ]
      },
      "properties": {
        "title": "N1",
        "description": "",
        "class": "Marker",
        "folderId": "26b0eed1-b678-4ba2-93fc-75e836e730d4",
        "visible": true,
        "labelVisible": true,
        "marker-symbol": "point",
        "marker-color": "E65100",
        "marker-size": "1",
        "marker-rotation": null
      }
    },
    {
      "type": "Feature",
      "id": "ffaa4136-8a67-4545-a15c-d8dea8711e81",
      "geometry": {
        "type": "Point",
        "coordinates": [
          -21.2829852,
          64.6628764,
          0,
          0
        ]
      },
      "properties": {
        "title": "N1",
        "description": "self service",
        "class": "Marker",
        "folderId": "26b0eed1-b678-4ba2-93fc-75e836e730d4",
        "visible": true,
        "labelVisible": true,
        "marker-symbol": "point",
        "marker-color": "E65100",
        "marker-size": "1",
        "marker-rotation": null
      }
    },
    {
      "type": "Feature",
      "id": "0b804541-099a-4a69-91b1-2f4e6ff6de1c",
      "geometry": {
        "type": "Point",
        "coordinates": [
          -23.7030351,
          64.8936228,
          0,
          0
        ]
      },
      "properties": {
        "title": "N1",
        "description": "monday-friday 8am - 6pm<br>saturday 10am-2pm<br>sunday- closed",
        "class": "Marker",
        "folderId": "26b0eed1-b678-4ba2-93fc-75e836e730d4",
        "visible": true,
        "labelVisible": true,
        "marker-symbol": "point",
        "marker-color": "E65100",
        "marker-size": "1",
        "marker-rotation": null
      }
    },
    {
      "type": "Feature",
      "id": "f9edfc7c-114d-45f2-8a93-ce47f69c6e91",
      "geometry": {
        "type": "Point",
        "coordinates": [
          -20.2834493,
          63.4441953,
          0,
          0
        ]
      },
      "properties": {
        "title": "N1",
        "description": "",
        "class": "Marker",
        "folderId": "26b0eed1-b678-4ba2-93fc-75e836e730d4",
        "visible": true,
        "labelVisible": true,
        "marker-symbol": "point",
        "marker-color": "E65100",
        "marker-size": "1",
        "marker-rotation": null
      }
    },
    {
      "type": "Feature",
      "id": "be796b4b-8b07-45c8-858e-91e2cdc4a685",
      "geometry": {
        "type": "Point",
        "coordinates": [
          -18.0139457,
          66.5394091,
          0,
          0
        ]
      },
      "properties": {
        "title": "N1",
        "description": "",
        "class": "Marker",
        "folderId": "26b0eed1-b678-4ba2-93fc-75e836e730d4",
        "visible": true,
        "labelVisible": true,
        "marker-symbol": "point",
        "marker-color": "E65100",
        "marker-size": "1",
        "marker-rotation": null
      }
    },
    {
      "type": "Feature",
      "id": "42aca7e6-39dc-4a56-ab29-fb957dced4bb",
      "geometry": {
        "type": "Point",
        "coordinates": [
          -21.5488062,
          66.0513604,
          0,
          0
        ]
      },
      "properties": {
        "title": "N1",
        "description": "",
        "class": "Marker",
        "folderId": "26b0eed1-b678-4ba2-93fc-75e836e730d4",
        "visible": true,
        "labelVisible": true,
        "marker-symbol": "point",
        "marker-color": "E65100",
        "marker-size": "1",
        "marker-rotation": null
      }
    },
    {
      "type": "Feature",
      "id": "f31f884b-2bbb-4167-9fab-b75d373014ee",
      "geometry": {
        "type": "Point",
        "coordinates": [
          -23.8261629,
          65.6268476,
          0,
          0
        ]
      },
      "properties": {
        "title": "N1",
        "description": "",
        "class": "Marker",
        "folderId": "26b0eed1-b678-4ba2-93fc-75e836e730d4",
        "visible": true,
        "labelVisible": true,
        "marker-symbol": "point",
        "marker-color": "E65100",
        "marker-size": "1",
        "marker-rotation": null
      }
    },
    {
      "type": "Feature",
      "id": "6ef694ab-a342-4942-aab2-a70e3beafd4a",
      "geometry": {
        "type": "Point",
        "coordinates": [
          -21.9388309,
          64.0667281,
          0,
          0
        ]
      },
      "properties": {
        "title": "N1",
        "description": "24 hours open",
        "class": "Marker",
        "folderId": "26b0eed1-b678-4ba2-93fc-75e836e730d4",
        "visible": true,
        "labelVisible": true,
        "marker-symbol": "point",
        "marker-color": "E65100",
        "marker-size": "1",
        "marker-rotation": null
      }
    },
    {
      "type": "Feature",
      "id": "d77ae6c9-3ce4-47f1-897f-c5d861507357",
      "geometry": {
        "type": "Point",
        "coordinates": [
          -21.84587,
          64.1040859,
          0,
          0
        ]
      },
      "properties": {
        "title": "N1",
        "description": "",
        "class": "Marker",
        "folderId": "26b0eed1-b678-4ba2-93fc-75e836e730d4",
        "visible": true,
        "labelVisible": true,
        "marker-symbol": "point",
        "marker-color": "E65100",
        "marker-size": "1",
        "marker-rotation": null
      }
    },
    {
      "type": "Feature",
      "id": "82fb493f-1809-4625-86e1-6b8eaefc4daf",
      "geometry": {
        "type": "Point",
        "coordinates": [
          -21.8562269,
          64.1100213,
          0,
          0
        ]
      },
      "properties": {
        "title": "N1",
        "description": "",
        "class": "Marker",
        "folderId": "26b0eed1-b678-4ba2-93fc-75e836e730d4",
        "visible": true,
        "labelVisible": true,
        "marker-symbol": "point",
        "marker-color": "E65100",
        "marker-size": "1",
        "marker-rotation": null
      }
    },
    {
      "type": "Feature",
      "id": "f1b07eb3-3c4f-4e03-9194-dcfefa5b2bbc",
      "geometry": {
        "type": "Point",
        "coordinates": [
          -21.9692177,
          64.0533023,
          0,
          0
        ]
      },
      "properties": {
        "title": "N1",
        "description": "self service",
        "class": "Marker",
        "folderId": "26b0eed1-b678-4ba2-93fc-75e836e730d4",
        "visible": true,
        "labelVisible": true,
        "marker-symbol": "point",
        "marker-color": "E65100",
        "marker-size": "1",
        "marker-rotation": null
      }
    },
    {
      "type": "Feature",
      "id": "3aacc057-cd8a-44ce-998a-06e726ef3c36",
      "geometry": {
        "type": "Point",
        "coordinates": [
          -21.9503671,
          64.0767601,
          0,
          0
        ]
      },
      "properties": {
        "title": "N1",
        "description": "Opening hours<br>Mon.-Thu. 7:30-19:30<br>Fri. 7:30-19:30<br>Sat. 10:00-19:30<br>Sun. 10:00-19:30",
        "class": "Marker",
        "folderId": "26b0eed1-b678-4ba2-93fc-75e836e730d4",
        "visible": true,
        "labelVisible": true,
        "marker-symbol": "point",
        "marker-color": "E65100",
        "marker-size": "1",
        "marker-rotation": null
      }
    },
    {
      "type": "Feature",
      "id": "29d40ead-1924-4687-9e61-234a0333f5f7",
      "geometry": {
        "type": "Point",
        "coordinates": [
          -21.4420395,
          65.6891586,
          0,
          0
        ]
      },
      "properties": {
        "title": "N1",
        "description": "",
        "class": "Marker",
        "folderId": "26b0eed1-b678-4ba2-93fc-75e836e730d4",
        "visible": true,
        "labelVisible": true,
        "marker-symbol": "point",
        "marker-color": "E65100",
        "marker-size": "1",
        "marker-rotation": null
      }
    },
    {
      "type": "Feature",
      "id": "877789c7-3db5-4e1c-b3fb-38d0063638e6",
      "geometry": {
        "type": "Point",
        "coordinates": [
          -21.9665059,
          64.1434839,
          0,
          0
        ]
      },
      "properties": {
        "title": "N1",
        "description": "",
        "class": "Marker",
        "folderId": "26b0eed1-b678-4ba2-93fc-75e836e730d4",
        "visible": true,
        "labelVisible": true,
        "marker-symbol": "point",
        "marker-color": "E65100",
        "marker-size": "1",
        "marker-rotation": null
      }
    },
    {
      "type": "Feature",
      "id": "8b3490e4-f7fa-4a34-aa7e-e4a1882b4051",
      "geometry": {
        "type": "Point",
        "coordinates": [
          -20.7336659,
          64.2171094,
          0,
          0
        ]
      },
      "properties": {
        "title": "N1",
        "description": "",
        "class": "Marker",
        "folderId": "26b0eed1-b678-4ba2-93fc-75e836e730d4",
        "visible": true,
        "labelVisible": true,
        "marker-symbol": "point",
        "marker-color": "E65100",
        "marker-size": "1",
        "marker-rotation": null
      }
    },
    {
      "type": "Feature",
      "id": "2d730750-9c69-4a69-bdcf-808e81f333ab",
      "geometry": {
        "type": "Point",
        "coordinates": [
          -19.0013158,
          63.4178003,
          0,
          0
        ]
      },
      "properties": {
        "title": "N1",
        "description": "Service gas station",
        "class": "Marker",
        "folderId": "26b0eed1-b678-4ba2-93fc-75e836e730d4",
        "visible": true,
        "labelVisible": true,
        "marker-symbol": "point",
        "marker-color": "E65100",
        "marker-size": "1",
        "marker-rotation": null
      }
    },
    {
      "type": "Feature",
      "id": "565088aa-1eaa-4da5-8ed2-a9cde43737de",
      "geometry": {
        "type": "Point",
        "coordinates": [
          -23.1682348,
          65.5760376,
          0,
          0
        ]
      },
      "properties": {
        "title": "N1",
        "description": "self service",
        "class": "Marker",
        "folderId": "26b0eed1-b678-4ba2-93fc-75e836e730d4",
        "visible": true,
        "labelVisible": true,
        "marker-symbol": "point",
        "marker-color": "E65100",
        "marker-size": "1",
        "marker-rotation": null
      }
    },
    {
      "type": "Feature",
      "id": "a9a586c7-f73e-40d8-818f-3d12056c828f",
      "geometry": {
        "type": "Point",
        "coordinates": [
          -21.8948787,
          64.1465444,
          0,
          0
        ]
      },
      "properties": {
        "title": "N1",
        "description": "",
        "class": "Marker",
        "folderId": "26b0eed1-b678-4ba2-93fc-75e836e730d4",
        "visible": true,
        "labelVisible": true,
        "marker-symbol": "point",
        "marker-color": "E65100",
        "marker-size": "1",
        "marker-rotation": null
      }
    },
    {
      "type": "Feature",
      "id": "aabb8f45-69cf-4bcb-a90b-0978f1c7e349",
      "geometry": {
        "type": "Point",
        "coordinates": [
          -20.3016618,
          64.3098133,
          0,
          0
        ]
      },
      "properties": {
        "title": "N1",
        "description": "",
        "class": "Marker",
        "folderId": "26b0eed1-b678-4ba2-93fc-75e836e730d4",
        "visible": true,
        "labelVisible": true,
        "marker-symbol": "point",
        "marker-color": "E65100",
        "marker-size": "1",
        "marker-rotation": null
      }
    },
    {
      "type": "Feature",
      "id": "88f84ea2-5eb4-4a7a-876b-ccf52760db5a",
      "geometry": {
        "type": "Point",
        "coordinates": [
          -21.8863535,
          64.1262537,
          0,
          0
        ]
      },
      "properties": {
        "title": "N1",
        "description": "",
        "class": "Marker",
        "folderId": "26b0eed1-b678-4ba2-93fc-75e836e730d4",
        "visible": true,
        "labelVisible": true,
        "marker-symbol": "point",
        "marker-color": "E65100",
        "marker-size": "1",
        "marker-rotation": null
      }
    },
    {
      "type": "Feature",
      "id": "71b90547-c90d-4144-a358-051f42490db1",
      "geometry": {
        "type": "Point",
        "coordinates": [
          -18.381332,
          65.9786081,
          0,
          0
        ]
      },
      "properties": {
        "title": "N1",
        "description": "",
        "class": "Marker",
        "folderId": "26b0eed1-b678-4ba2-93fc-75e836e730d4",
        "visible": true,
        "labelVisible": true,
        "marker-symbol": "point",
        "marker-color": "E65100",
        "marker-size": "1",
        "marker-rotation": null
      }
    },
    {
      "type": "Feature",
      "id": "b6664001-ce73-4577-b0f4-b52ee9f5b120",
      "geometry": {
        "type": "Point",
        "coordinates": [
          -20.4535495,
          64.1771513,
          0,
          0
        ]
      },
      "properties": {
        "title": "N1",
        "description": "",
        "class": "Marker",
        "folderId": "26b0eed1-b678-4ba2-93fc-75e836e730d4",
        "visible": true,
        "labelVisible": true,
        "marker-symbol": "point",
        "marker-color": "E65100",
        "marker-size": "1",
        "marker-rotation": null
      }
    },
    {
      "type": "Feature",
      "id": "53e13a37-251a-4c5d-bace-fe9a70ac934b",
      "geometry": {
        "type": "Point",
        "coordinates": [
          -21.684866,
          65.7010813,
          0,
          0
        ]
      },
      "properties": {
        "title": "N1",
        "description": "self service",
        "class": "Marker",
        "folderId": "26b0eed1-b678-4ba2-93fc-75e836e730d4",
        "visible": true,
        "labelVisible": true,
        "marker-symbol": "point",
        "marker-color": "E65100",
        "marker-size": "1",
        "marker-rotation": null
      }
    },
    {
      "type": "Feature",
      "id": "b557bc3a-e2fe-4ba4-ba0e-ce18802a71e4",
      "geometry": {
        "type": "Point",
        "coordinates": [
          -20.64327,
          65.3787175,
          0,
          0
        ]
      },
      "properties": {
        "title": "N1",
        "description": "",
        "class": "Marker",
        "folderId": "26b0eed1-b678-4ba2-93fc-75e836e730d4",
        "visible": true,
        "labelVisible": true,
        "marker-symbol": "point",
        "marker-color": "E65100",
        "marker-size": "1",
        "marker-rotation": null
      }
    },
    {
      "type": "Feature",
      "id": "c7eedbd4-8f64-4a89-8550-aee0bc87d005",
      "geometry": {
        "type": "Point",
        "coordinates": [
          -22.6536312,
          64.843602,
          0,
          0
        ]
      },
      "properties": {
        "title": "N1",
        "description": "",
        "class": "Marker",
        "folderId": "26b0eed1-b678-4ba2-93fc-75e836e730d4",
        "visible": true,
        "labelVisible": true,
        "marker-symbol": "point",
        "marker-color": "E65100",
        "marker-size": "1",
        "marker-rotation": null
      }
    },
    {
      "type": "Feature",
      "id": "8744a1bd-677e-4513-b2c8-32ba913e8aea",
      "geometry": {
        "type": "Point",
        "coordinates": [
          -22.4287981,
          65.9276589,
          0,
          0
        ]
      },
      "properties": {
        "title": "N1",
        "description": "self service",
        "class": "Marker",
        "folderId": "26b0eed1-b678-4ba2-93fc-75e836e730d4",
        "visible": true,
        "labelVisible": true,
        "marker-symbol": "point",
        "marker-color": "E65100",
        "marker-size": "1",
        "marker-rotation": null
      }
    },
    {
      "type": "Feature",
      "id": "d89ad86d-105f-4427-9eb9-66c2f8dfbe55",
      "geometry": {
        "type": "Point",
        "coordinates": [
          -22.0652954,
          64.3219368,
          0,
          0
        ]
      },
      "properties": {
        "title": "N1",
        "description": "",
        "class": "Marker",
        "folderId": "26b0eed1-b678-4ba2-93fc-75e836e730d4",
        "visible": true,
        "labelVisible": true,
        "marker-symbol": "point",
        "marker-color": "E65100",
        "marker-size": "1",
        "marker-rotation": null
      }
    },
    {
      "type": "Feature",
      "id": "75394b22-dd54-46c7-a92f-f5ace18388e2",
      "geometry": {
        "type": "Point",
        "coordinates": [
          -23.4890458,
          65.8768284,
          0,
          0
        ]
      },
      "properties": {
        "title": "N1",
        "description": "Sunday\t10AM–8PM<br>Monday\t9AM–8PM<br>Tuesday\t9AM–8PM<br>Wednesday\t9AM–8PM<br>Thursday\t9AM–8PM<br>Friday\t9AM–8PM<br>Saturday\t10AM–8PM",
        "class": "Marker",
        "folderId": "26b0eed1-b678-4ba2-93fc-75e836e730d4",
        "visible": true,
        "labelVisible": true,
        "marker-symbol": "point",
        "marker-color": "E65100",
        "marker-size": "1",
        "marker-rotation": null
      }
    },
    {
      "type": "Feature",
      "id": "1cd711f5-cd81-4cec-ad08-8caf078ee094",
      "geometry": {
        "type": "Point",
        "coordinates": [
          -20.3216983,
          64.1315235,
          0,
          0
        ]
      },
      "properties": {
        "title": "N1",
        "description": "",
        "class": "Marker",
        "folderId": "26b0eed1-b678-4ba2-93fc-75e836e730d4",
        "visible": true,
        "labelVisible": true,
        "marker-symbol": "point",
        "marker-color": "E65100",
        "marker-size": "1",
        "marker-rotation": null
      }
    },
    {
      "type": "Feature",
      "id": "df246f43-be2d-4c96-93d8-883c284bc727",
      "geometry": {
        "type": "Point",
        "coordinates": [
          -21.6928053,
          65.7012491,
          0,
          0
        ]
      },
      "properties": {
        "title": "ÓB",
        "description": "self service",
        "class": "Marker",
        "folderId": "26b0eed1-b678-4ba2-93fc-75e836e730d4",
        "visible": true,
        "labelVisible": true,
        "marker-symbol": "point",
        "marker-color": "E65100",
        "marker-size": "1",
        "marker-rotation": null
      }
    },
    {
      "type": "Feature",
      "id": "fe9ce61e-2e4d-4a82-85ce-1993823211c9",
      "geometry": {
        "type": "Point",
        "coordinates": [
          -23.1209528,
          66.0687222,
          0,
          0
        ]
      },
      "properties": {
        "title": "ÓB",
        "description": "self service",
        "class": "Marker",
        "folderId": "26b0eed1-b678-4ba2-93fc-75e836e730d4",
        "visible": true,
        "labelVisible": true,
        "marker-symbol": "point",
        "marker-color": "E65100",
        "marker-size": "1",
        "marker-rotation": null
      }
    },
    {
      "type": "Feature",
      "id": "1bc7ceb0-75a9-4be7-8cd8-d5d6ca4dcf5b",
      "geometry": {
        "type": "Point",
        "coordinates": [
          -20.2859535,
          65.6564735,
          0,
          0
        ]
      },
      "properties": {
        "title": "ÓB",
        "description": "Self service",
        "class": "Marker",
        "folderId": "26b0eed1-b678-4ba2-93fc-75e836e730d4",
        "visible": true,
        "labelVisible": true,
        "marker-symbol": "point",
        "marker-color": "E65100",
        "marker-size": "1",
        "marker-rotation": null
      }
    },
    {
      "type": "Feature",
      "id": "13f84968-3dc7-4802-b999-5730f18adc6f",
      "geometry": {
        "type": "Point",
        "coordinates": [
          -21.9393057,
          64.0818122,
          0,
          0
        ]
      },
      "properties": {
        "title": "ÓB",
        "description": "Self service",
        "class": "Marker",
        "folderId": "26b0eed1-b678-4ba2-93fc-75e836e730d4",
        "visible": true,
        "labelVisible": true,
        "marker-symbol": "point",
        "marker-color": "E65100",
        "marker-size": "1",
        "marker-rotation": null
      }
    },
    {
      "type": "Feature",
      "id": "aaa8822c-4e80-47bd-bd9c-35b50fdba7f9",
      "geometry": {
        "type": "Point",
        "coordinates": [
          -21.7807952,
          64.3589008,
          0,
          0
        ]
      },
      "properties": {
        "title": "ÓB",
        "description": "Self service.",
        "class": "Marker",
        "folderId": "26b0eed1-b678-4ba2-93fc-75e836e730d4",
        "visible": true,
        "labelVisible": true,
        "marker-symbol": "point",
        "marker-color": "E65100",
        "marker-size": "1",
        "marker-rotation": null
      }
    },
    {
      "type": "Feature",
      "id": "4583b678-ce28-4d5e-886a-7eae04bb955e",
      "geometry": {
        "type": "Point",
        "coordinates": [
          -19.0026372,
          63.4180299,
          0,
          0
        ]
      },
      "properties": {
        "title": "ÓB",
        "description": "self service",
        "class": "Marker",
        "folderId": "26b0eed1-b678-4ba2-93fc-75e836e730d4",
        "visible": true,
        "labelVisible": true,
        "marker-symbol": "point",
        "marker-color": "E65100",
        "marker-size": "1",
        "marker-rotation": null
      }
    },
    {
      "type": "Feature",
      "id": "b6da098c-0cbf-4b97-bf36-2e990077a628",
      "geometry": {
        "type": "Point",
        "coordinates": [
          -20.5004025,
          63.8794278,
          0,
          0
        ]
      },
      "properties": {
        "title": "ÓB",
        "description": "self service",
        "class": "Marker",
        "folderId": "26b0eed1-b678-4ba2-93fc-75e836e730d4",
        "visible": true,
        "labelVisible": true,
        "marker-symbol": "point",
        "marker-color": "E65100",
        "marker-size": "1",
        "marker-rotation": null
      }
    },
    {
      "type": "Feature",
      "id": "accc026c-cbbd-47ac-8163-565003c05246",
      "geometry": {
        "type": "Point",
        "coordinates": [
          -21.1481586,
          63.8624205,
          0,
          0
        ]
      },
      "properties": {
        "title": "ÓB",
        "description": "self service",
        "class": "Marker",
        "folderId": "26b0eed1-b678-4ba2-93fc-75e836e730d4",
        "visible": true,
        "labelVisible": true,
        "marker-symbol": "point",
        "marker-color": "E65100",
        "marker-size": "1",
        "marker-rotation": null
      }
    },
    {
      "type": "Feature",
      "id": "8dbaf046-bd96-42dc-ac0a-057f57e1ac67",
      "geometry": {
        "type": "Point",
        "coordinates": [
          -22.5469387,
          63.9799971,
          0,
          0
        ]
      },
      "properties": {
        "title": "ÓB",
        "description": "self service",
        "class": "Marker",
        "folderId": "26b0eed1-b678-4ba2-93fc-75e836e730d4",
        "visible": true,
        "labelVisible": true,
        "marker-symbol": "point",
        "marker-color": "E65100",
        "marker-size": "1",
        "marker-rotation": null
      }
    },
    {
      "type": "Feature",
      "id": "226c6d21-8833-4149-a3ac-262afdf6a583",
      "geometry": {
        "type": "Point",
        "coordinates": [
          -21.9866467,
          64.0445955,
          0,
          0
        ]
      },
      "properties": {
        "title": "ÓB",
        "description": "self service",
        "class": "Marker",
        "folderId": "26b0eed1-b678-4ba2-93fc-75e836e730d4",
        "visible": true,
        "labelVisible": true,
        "marker-symbol": "point",
        "marker-color": "E65100",
        "marker-size": "1",
        "marker-rotation": null
      }
    },
    {
      "type": "Feature",
      "id": "1bd2088f-ca30-467a-b5ca-b800c1a6bff4",
      "geometry": {
        "type": "Point",
        "coordinates": [
          -21.5976405,
          64.4102929,
          0,
          0
        ]
      },
      "properties": {
        "title": "ÓB",
        "description": "self service.<br>Next to Cafe",
        "class": "Marker",
        "folderId": "26b0eed1-b678-4ba2-93fc-75e836e730d4",
        "visible": true,
        "labelVisible": true,
        "marker-symbol": "point",
        "marker-color": "E65100",
        "marker-size": "1",
        "marker-rotation": null
      }
    },
    {
      "type": "Feature",
      "id": "9b27c25b-3628-45dc-8eea-691de663db78",
      "geometry": {
        "type": "Point",
        "coordinates": [
          -21.8323403,
          64.1247474,
          0,
          0
        ]
      },
      "properties": {
        "title": "ÓB",
        "description": "",
        "class": "Marker",
        "folderId": "26b0eed1-b678-4ba2-93fc-75e836e730d4",
        "visible": true,
        "labelVisible": true,
        "marker-symbol": "point",
        "marker-color": "E65100",
        "marker-size": "1",
        "marker-rotation": null
      }
    },
    {
      "type": "Feature",
      "id": "354f9acf-5973-4a96-ac84-332ced1baecd",
      "geometry": {
        "type": "Point",
        "coordinates": [
          -21.0073172,
          63.9437045,
          0,
          0
        ]
      },
      "properties": {
        "title": "ÓB",
        "description": "",
        "class": "Marker",
        "folderId": "26b0eed1-b678-4ba2-93fc-75e836e730d4",
        "visible": true,
        "labelVisible": true,
        "marker-symbol": "point",
        "marker-color": "E65100",
        "marker-size": "1",
        "marker-rotation": null
      }
    },
    {
      "type": "Feature",
      "id": "d0dd7d6a-d81e-4167-ac53-5677809aa928",
      "geometry": {
        "type": "Point",
        "coordinates": [
          -19.6266133,
          65.7438708,
          0,
          0
        ]
      },
      "properties": {
        "title": "ÓB",
        "description": "",
        "class": "Marker",
        "folderId": "26b0eed1-b678-4ba2-93fc-75e836e730d4",
        "visible": true,
        "labelVisible": true,
        "marker-symbol": "point",
        "marker-color": "E65100",
        "marker-size": "1",
        "marker-rotation": null
      }
    },
    {
      "type": "Feature",
      "id": "59eb996e-07e6-45d0-905a-707287573c5b",
      "geometry": {
        "type": "Point",
        "coordinates": [
          -22.0681912,
          64.3245116,
          0,
          0
        ]
      },
      "properties": {
        "title": "ÓB",
        "description": "self service",
        "class": "Marker",
        "folderId": "26b0eed1-b678-4ba2-93fc-75e836e730d4",
        "visible": true,
        "labelVisible": true,
        "marker-symbol": "point",
        "marker-color": "E65100",
        "marker-size": "1",
        "marker-rotation": null
      }
    },
    {
      "type": "Feature",
      "id": "cfea6428-bb87-4a29-b9ae-cfe3c928ebd8",
      "geometry": {
        "type": "Point",
        "coordinates": [
          -23.2472098,
          66.1574923,
          0,
          0
        ]
      },
      "properties": {
        "title": "ÓB",
        "description": "self service",
        "class": "Marker",
        "folderId": "26b0eed1-b678-4ba2-93fc-75e836e730d4",
        "visible": true,
        "labelVisible": true,
        "marker-symbol": "point",
        "marker-color": "E65100",
        "marker-size": "1",
        "marker-rotation": null
      }
    },
    {
      "type": "Feature",
      "id": "e4895f50-46dc-4590-b4c1-6265e79beca8",
      "geometry": {
        "type": "Point",
        "coordinates": [
          -23.6339092,
          64.7667763,
          0,
          0
        ]
      },
      "properties": {
        "title": "ÓB",
        "description": "self service",
        "class": "Marker",
        "folderId": "26b0eed1-b678-4ba2-93fc-75e836e730d4",
        "visible": true,
        "labelVisible": true,
        "marker-symbol": "point",
        "marker-color": "E65100",
        "marker-size": "1",
        "marker-rotation": null
      }
    },
    {
      "type": "Feature",
      "id": "e4ca81a3-e71c-453d-8afe-109413ad1f7d",
      "geometry": {
        "type": "Point",
        "coordinates": [
          -21.3739121,
          63.8561691,
          0,
          0
        ]
      },
      "properties": {
        "title": "ÓB",
        "description": "self service",
        "class": "Marker",
        "folderId": "26b0eed1-b678-4ba2-93fc-75e836e730d4",
        "visible": true,
        "labelVisible": true,
        "marker-symbol": "point",
        "marker-color": "E65100",
        "marker-size": "1",
        "marker-rotation": null
      }
    },
    {
      "type": "Feature",
      "id": "23cce911-03a1-4db9-90ae-a98f04fc944d",
      "geometry": {
        "type": "Point",
        "coordinates": [
          -18.1439732,
          65.6999221,
          0,
          0
        ]
      },
      "properties": {
        "title": "ÓB",
        "description": "",
        "class": "Marker",
        "folderId": "26b0eed1-b678-4ba2-93fc-75e836e730d4",
        "visible": true,
        "labelVisible": true,
        "marker-symbol": "point",
        "marker-color": "E65100",
        "marker-size": "1",
        "marker-rotation": null
      }
    },
    {
      "type": "Feature",
      "id": "c44a183a-2299-456d-bfdc-4d01f29049e8",
      "geometry": {
        "type": "Point",
        "coordinates": [
          -22.0699962,
          64.3249798,
          0,
          0
        ]
      },
      "properties": {
        "title": "ÓB",
        "description": "",
        "class": "Marker",
        "folderId": "26b0eed1-b678-4ba2-93fc-75e836e730d4",
        "visible": true,
        "labelVisible": true,
        "marker-symbol": "point",
        "marker-color": "E65100",
        "marker-size": "1",
        "marker-rotation": null
      }
    },
    {
      "type": "Feature",
      "id": "3db24b84-87b3-4ea2-997d-8f158c7c141e",
      "geometry": {
        "type": "Point",
        "coordinates": [
          -18.0386026,
          63.7944663,
          0,
          0
        ]
      },
      "properties": {
        "title": "ÓB",
        "description": "self service",
        "class": "Marker",
        "folderId": "26b0eed1-b678-4ba2-93fc-75e836e730d4",
        "visible": true,
        "labelVisible": true,
        "marker-symbol": "point",
        "marker-color": "E65100",
        "marker-size": "1",
        "marker-rotation": null
      }
    },
    {
      "type": "Feature",
      "id": "6c914331-936c-4eec-a26d-f0716c570540",
      "geometry": {
        "type": "Point",
        "coordinates": [
          -21.7517506,
          64.1562107,
          0,
          0
        ]
      },
      "properties": {
        "title": "ÓB",
        "description": "",
        "class": "Marker",
        "folderId": "26b0eed1-b678-4ba2-93fc-75e836e730d4",
        "visible": true,
        "labelVisible": true,
        "marker-symbol": "point",
        "marker-color": "E65100",
        "marker-size": "1",
        "marker-rotation": null
      }
    },
    {
      "type": "Feature",
      "id": "92454fcd-afff-4d2e-a54f-86db4db076f8",
      "geometry": {
        "type": "Point",
        "coordinates": [
          -21.8961783,
          64.0982525,
          0,
          0
        ]
      },
      "properties": {
        "title": "ÓB",
        "description": "",
        "class": "Marker",
        "folderId": "26b0eed1-b678-4ba2-93fc-75e836e730d4",
        "visible": true,
        "labelVisible": true,
        "marker-symbol": "point",
        "marker-color": "E65100",
        "marker-size": "1",
        "marker-rotation": null
      }
    },
    {
      "type": "Feature",
      "id": "c0590336-6a7d-4aa3-9303-6050028a7172",
      "geometry": {
        "type": "Point",
        "coordinates": [
          -21.9717336,
          64.0590733,
          0,
          0
        ]
      },
      "properties": {
        "title": "ÓB",
        "description": "Self service",
        "class": "Marker",
        "folderId": "26b0eed1-b678-4ba2-93fc-75e836e730d4",
        "visible": true,
        "labelVisible": true,
        "marker-symbol": "point",
        "marker-color": "E65100",
        "marker-size": "1",
        "marker-rotation": null
      }
    },
    {
      "type": "Feature",
      "id": "dea2e05c-e1ae-4fe7-8a38-693d7fcf209d",
      "geometry": {
        "type": "Point",
        "coordinates": [
          -21.9210007,
          64.1396381,
          0,
          0
        ]
      },
      "properties": {
        "title": "ÓB",
        "description": "",
        "class": "Marker",
        "folderId": "26b0eed1-b678-4ba2-93fc-75e836e730d4",
        "visible": true,
        "labelVisible": true,
        "marker-symbol": "point",
        "marker-color": "E65100",
        "marker-size": "1",
        "marker-rotation": null
      }
    },
    {
      "type": "Feature",
      "id": "a7d44b92-d020-49ea-ade2-799efca6efd4",
      "geometry": {
        "type": "Point",
        "coordinates": [
          -20.2704991,
          63.4424333,
          0,
          0
        ]
      },
      "properties": {
        "title": "ÓB",
        "description": "",
        "class": "Marker",
        "folderId": "26b0eed1-b678-4ba2-93fc-75e836e730d4",
        "visible": true,
        "labelVisible": true,
        "marker-symbol": "point",
        "marker-color": "E65100",
        "marker-size": "1",
        "marker-rotation": null
      }
    },
    {
      "type": "Feature",
      "id": "08603cd0-27a2-4c4d-a611-dc8f25339575",
      "geometry": {
        "type": "Point",
        "coordinates": [
          -18.0894855,
          65.683508,
          0,
          0
        ]
      },
      "properties": {
        "title": "ÓB",
        "description": "self service",
        "class": "Marker",
        "folderId": "26b0eed1-b678-4ba2-93fc-75e836e730d4",
        "visible": true,
        "labelVisible": true,
        "marker-symbol": "point",
        "marker-color": "E65100",
        "marker-size": "1",
        "marker-rotation": null
      }
    },
    {
      "type": "Feature",
      "id": "ba4b9ccb-70c8-49e2-9c6a-6e71d67b23e4",
      "geometry": {
        "type": "Point",
        "coordinates": [
          -20.7643426,
          64.0748491,
          0,
          0
        ]
      },
      "properties": {
        "title": "ÓB",
        "description": "",
        "class": "Marker",
        "folderId": "26b0eed1-b678-4ba2-93fc-75e836e730d4",
        "visible": true,
        "labelVisible": true,
        "marker-symbol": "point",
        "marker-color": "E65100",
        "marker-size": "1",
        "marker-rotation": null
      }
    },
    {
      "type": "Feature",
      "id": "30950f1d-9bde-4fde-8bf7-e8b80abe92b0",
      "geometry": {
        "type": "Point",
        "coordinates": [
          -21.8807846,
          64.0991138,
          0,
          0
        ]
      },
      "properties": {
        "title": "ÓB",
        "description": "",
        "class": "Marker",
        "folderId": "26b0eed1-b678-4ba2-93fc-75e836e730d4",
        "visible": true,
        "labelVisible": true,
        "marker-symbol": "point",
        "marker-color": "E65100",
        "marker-size": "1",
        "marker-rotation": null
      }
    },
    {
      "type": "Feature",
      "id": "bc8905ef-33d2-4d33-a81f-767dfd78292c",
      "geometry": {
        "type": "Point",
        "coordinates": [
          -22.7329619,
          65.0719306,
          0,
          0
        ]
      },
      "properties": {
        "title": "ÓB",
        "description": "",
        "class": "Marker",
        "folderId": "26b0eed1-b678-4ba2-93fc-75e836e730d4",
        "visible": true,
        "labelVisible": true,
        "marker-symbol": "point",
        "marker-color": "E65100",
        "marker-size": "1",
        "marker-rotation": null
      }
    },
    {
      "type": "Feature",
      "id": "312b4912-c09c-4249-be31-90df10332d3e",
      "geometry": {
        "type": "Point",
        "coordinates": [
          -13.694851,
          65.1475296,
          0,
          0
        ]
      },
      "properties": {
        "title": "ÓB",
        "description": "",
        "class": "Marker",
        "folderId": "26b0eed1-b678-4ba2-93fc-75e836e730d4",
        "visible": true,
        "labelVisible": true,
        "marker-symbol": "point",
        "marker-color": "E65100",
        "marker-size": "1",
        "marker-rotation": null
      }
    },
    {
      "type": "Feature",
      "id": "89c16ac1-3fce-4426-aab3-7b3e3f9bf7a7",
      "geometry": {
        "type": "Point",
        "coordinates": [
          -18.1285438,
          65.6870768,
          0,
          0
        ]
      },
      "properties": {
        "title": "ÓB",
        "description": "self service",
        "class": "Marker",
        "folderId": "26b0eed1-b678-4ba2-93fc-75e836e730d4",
        "visible": true,
        "labelVisible": true,
        "marker-symbol": "point",
        "marker-color": "E65100",
        "marker-size": "1",
        "marker-rotation": null
      }
    },
    {
      "type": "Feature",
      "id": "527a1f68-675a-48b4-859c-bc59063b386e",
      "geometry": {
        "type": "Point",
        "coordinates": [
          -18.1009868,
          65.6892169,
          0,
          0
        ]
      },
      "properties": {
        "title": "Olís",
        "description": "open 24 hours",
        "class": "Marker",
        "folderId": "26b0eed1-b678-4ba2-93fc-75e836e730d4",
        "visible": true,
        "labelVisible": true,
        "marker-symbol": "point",
        "marker-color": "E65100",
        "marker-size": "1",
        "marker-rotation": null
      }
    },
    {
      "type": "Feature",
      "id": "afaf3b3f-d3aa-4908-b7cc-359c269646f1",
      "geometry": {
        "type": "Point",
        "coordinates": [
          -20.306232,
          65.8237528,
          0,
          0
        ]
      },
      "properties": {
        "title": "Olís",
        "description": "Sunday\t10AM–9PM<br>Monday\t10AM–10PM<br>Tuesday\t10AM–10PM<br>Wednesday\t10AM–10PM<br>Thursday\t10AM–10PM<br>Friday\t10AM–10PM<br>Saturday\t10AM–12PM",
        "class": "Marker",
        "folderId": "26b0eed1-b678-4ba2-93fc-75e836e730d4",
        "visible": true,
        "labelVisible": true,
        "marker-symbol": "point",
        "marker-color": "E65100",
        "marker-size": "1",
        "marker-rotation": null
      }
    },
    {
      "type": "Feature",
      "id": "f7992046-a715-4056-8c30-4a9739980ddb",
      "geometry": {
        "type": "Point",
        "coordinates": [
          -20.892241,
          65.3260488,
          0,
          0
        ]
      },
      "properties": {
        "title": "Olís",
        "description": "self service",
        "class": "Marker",
        "folderId": "26b0eed1-b678-4ba2-93fc-75e836e730d4",
        "visible": true,
        "labelVisible": true,
        "marker-symbol": "point",
        "marker-color": "E65100",
        "marker-size": "1",
        "marker-rotation": null
      }
    },
    {
      "type": "Feature",
      "id": "fb05b4e0-788c-4636-818d-426775fa70c8",
      "geometry": {
        "type": "Point",
        "coordinates": [
          -14.2311211,
          65.0341423,
          0,
          0
        ]
      },
      "properties": {
        "title": "Olís",
        "description": "Sunday<br>8AM–10PM<br>Monday<br>8AM–10PM<br>Tuesday<br>8AM–10PM<br>Wednesday<br>8AM–10PM<br>Thursday<br>8AM–10PM<br>Friday<br>8AM–10PM<br>Saturday<br>8AM–10PM",
        "class": "Marker",
        "folderId": "26b0eed1-b678-4ba2-93fc-75e836e730d4",
        "visible": true,
        "labelVisible": true,
        "marker-symbol": "point",
        "marker-color": "E65100",
        "marker-size": "1",
        "marker-rotation": null
      }
    },
    {
      "type": "Feature",
      "id": "1930a082-1c98-41f5-ba94-3a3639c7685f",
      "geometry": {
        "type": "Point",
        "coordinates": [
          -18.9030182,
          66.1495242,
          0,
          0
        ]
      },
      "properties": {
        "title": "Olís",
        "description": "Sunday\t10AM–8PM<br>Monday\t9AM–8PM<br>Tuesday\t9AM–8PM<br>Wednesday\t9AM–8PM<br>Thursday\t9AM–8PM<br>Friday\t9AM–8PM<br>Saturday\t9AM–8PM",
        "class": "Marker",
        "folderId": "26b0eed1-b678-4ba2-93fc-75e836e730d4",
        "visible": true,
        "labelVisible": true,
        "marker-symbol": "point",
        "marker-color": "E65100",
        "marker-size": "1",
        "marker-rotation": null
      }
    },
    {
      "type": "Feature",
      "id": "432ddedd-21a6-4943-bfe9-c6c062c32eee",
      "geometry": {
        "type": "Point",
        "coordinates": [
          -21.0082372,
          63.943733,
          0,
          0
        ]
      },
      "properties": {
        "title": "Olís",
        "description": "open 24 hours",
        "class": "Marker",
        "folderId": "26b0eed1-b678-4ba2-93fc-75e836e730d4",
        "visible": true,
        "labelVisible": true,
        "marker-symbol": "point",
        "marker-color": "E65100",
        "marker-size": "1",
        "marker-rotation": null
      }
    },
    {
      "type": "Feature",
      "id": "35207610-17ba-456d-bf4f-7e4fec3d13d6",
      "geometry": {
        "type": "Point",
        "coordinates": [
          -21.9079748,
          64.5446414,
          0,
          0
        ]
      },
      "properties": {
        "title": "Olís",
        "description": "open 24 hours",
        "class": "Marker",
        "folderId": "26b0eed1-b678-4ba2-93fc-75e836e730d4",
        "visible": true,
        "labelVisible": true,
        "marker-symbol": "point",
        "marker-color": "E65100",
        "marker-size": "1",
        "marker-rotation": null
      }
    },
    {
      "type": "Feature",
      "id": "afb1d72b-f855-4e98-9960-fbaa3a3f0fee",
      "geometry": {
        "type": "Point",
        "coordinates": [
          -20.401614,
          63.8349505,
          0,
          0
        ]
      },
      "properties": {
        "title": "Olís",
        "description": "opening hours <br>08.00-23.00",
        "class": "Marker",
        "folderId": "26b0eed1-b678-4ba2-93fc-75e836e730d4",
        "visible": true,
        "labelVisible": true,
        "marker-symbol": "point",
        "marker-color": "E65100",
        "marker-size": "1",
        "marker-rotation": null
      }
    },
    {
      "type": "Feature",
      "id": "37dca738-8860-46f8-bcb2-3f8e77a06dfc",
      "geometry": {
        "type": "Point",
        "coordinates": [
          -22.5485835,
          64.0004844,
          0,
          0
        ]
      },
      "properties": {
        "title": "Olís",
        "description": "Saturday\t7:30AM–11:30PM<br>Sunday\t9AM–11:30PM<br>Monday\t7:30AM–11:30PM<br>Tuesday\t7:30AM–11:30PM<br>Wednesday\t7:30AM–11:30PM<br>Thursday\t7:30AM–11:30PM<br>Friday\t7:30AM–11:30PM",
        "class": "Marker",
        "folderId": "26b0eed1-b678-4ba2-93fc-75e836e730d4",
        "visible": true,
        "labelVisible": true,
        "marker-symbol": "point",
        "marker-color": "E65100",
        "marker-size": "1",
        "marker-rotation": null
      }
    },
    {
      "type": "Feature",
      "id": "0fbb743f-496a-4aea-8238-a7270aced857",
      "geometry": {
        "type": "Point",
        "coordinates": [
          -15.2088208,
          64.2553753,
          0,
          0
        ]
      },
      "properties": {
        "title": "Olís",
        "description": "Sunday<br>9AM–10PM<br>Monday<br>8AM–10PM<br>Tuesday<br>8AM–10PM<br>Wednesday<br>8AM–10PM<br>Thursday<br>8AM–10PM<br>Friday<br>8AM–10PM<br>Saturday<br>8AM–10PM",
        "class": "Marker",
        "folderId": "26b0eed1-b678-4ba2-93fc-75e836e730d4",
        "visible": true,
        "labelVisible": true,
        "marker-symbol": "point",
        "marker-color": "E65100",
        "marker-size": "1",
        "marker-rotation": null
      }
    },
    {
      "type": "Feature",
      "id": "308b3580-4eb4-459c-8092-09e378504995",
      "geometry": {
        "type": "Point",
        "coordinates": [
          -21.5014082,
          64.0576682,
          0,
          0
        ]
      },
      "properties": {
        "title": "Olís",
        "description": "opening hours:6.30am-6.30pm<br>little caffe",
        "class": "Marker",
        "folderId": "26b0eed1-b678-4ba2-93fc-75e836e730d4",
        "visible": true,
        "labelVisible": true,
        "marker-symbol": "point",
        "marker-color": "E65100",
        "marker-size": "1",
        "marker-rotation": null
      }
    },
    {
      "type": "Feature",
      "id": "0a803e40-9335-4aba-981f-8c365a82a70d",
      "geometry": {
        "type": "Point",
        "coordinates": [
          -21.7073439,
          64.1657625,
          0,
          0
        ]
      },
      "properties": {
        "title": "Olís",
        "description": "",
        "class": "Marker",
        "folderId": "26b0eed1-b678-4ba2-93fc-75e836e730d4",
        "visible": true,
        "labelVisible": true,
        "marker-symbol": "point",
        "marker-color": "E65100",
        "marker-size": "1",
        "marker-rotation": null
      }
    },
    {
      "type": "Feature",
      "id": "0b41ce14-420c-4228-9c38-e0564a12f724",
      "geometry": {
        "type": "Point",
        "coordinates": [
          -21.955141,
          64.152575,
          0,
          0
        ]
      },
      "properties": {
        "title": "Olís",
        "description": "",
        "class": "Marker",
        "folderId": "26b0eed1-b678-4ba2-93fc-75e836e730d4",
        "visible": true,
        "labelVisible": true,
        "marker-symbol": "point",
        "marker-color": "E65100",
        "marker-size": "1",
        "marker-rotation": null
      }
    },
    {
      "type": "Feature",
      "id": "f99f41c4-7413-4c96-ab38-cba658dcdb2e",
      "geometry": {
        "type": "Point",
        "coordinates": [
          -22.0676245,
          64.3247298,
          0,
          0
        ]
      },
      "properties": {
        "title": "Olís",
        "description": "Sunday\t9AM–11:30PM<br>Monday\t7:30AM–11:30PM<br>Tuesday\t7:30AM–11:30PM<br>Wednesday\t7:30AM–11:30PM<br>Thursday\t7:30AM–11:30PM<br>Friday\t7:30AM–11:30PM<br>Saturday\t8AM–11:30PM",
        "class": "Marker",
        "folderId": "26b0eed1-b678-4ba2-93fc-75e836e730d4",
        "visible": true,
        "labelVisible": true,
        "marker-symbol": "point",
        "marker-color": "E65100",
        "marker-size": "1",
        "marker-rotation": null
      }
    },
    {
      "type": "Feature",
      "id": "fe3d0eca-fb25-4fe7-9478-2883adaf72fe",
      "geometry": {
        "type": "Point",
        "coordinates": [
          -20.276794,
          63.441805,
          0,
          0
        ]
      },
      "properties": {
        "title": "Olís",
        "description": "",
        "class": "Marker",
        "folderId": "26b0eed1-b678-4ba2-93fc-75e836e730d4",
        "visible": true,
        "labelVisible": true,
        "marker-symbol": "point",
        "marker-color": "E65100",
        "marker-size": "1",
        "marker-rotation": null
      }
    },
    {
      "type": "Feature",
      "id": "1d30baa7-7cab-4b3b-bd09-f17ef3421e7d",
      "geometry": {
        "type": "Point",
        "coordinates": [
          -21.766318,
          64.102843,
          0,
          0
        ]
      },
      "properties": {
        "title": "Olís",
        "description": "",
        "class": "Marker",
        "folderId": "26b0eed1-b678-4ba2-93fc-75e836e730d4",
        "visible": true,
        "labelVisible": true,
        "marker-symbol": "point",
        "marker-color": "E65100",
        "marker-size": "1",
        "marker-rotation": null
      }
    },
    {
      "type": "Feature",
      "id": "009e8b5c-eb17-4667-af78-9cabb704bcd1",
      "geometry": {
        "type": "Point",
        "coordinates": [
          -21.8705096,
          64.1503926,
          0,
          0
        ]
      },
      "properties": {
        "title": "Olís",
        "description": "",
        "class": "Marker",
        "folderId": "26b0eed1-b678-4ba2-93fc-75e836e730d4",
        "visible": true,
        "labelVisible": true,
        "marker-symbol": "point",
        "marker-color": "E65100",
        "marker-size": "1",
        "marker-rotation": null
      }
    },
    {
      "type": "Feature",
      "id": "83533732-2473-4981-a54a-9d129a99f384",
      "geometry": {
        "type": "Point",
        "coordinates": [
          -19.4466403,
          65.5536961,
          0,
          0
        ]
      },
      "properties": {
        "title": "Olís",
        "description": "Sunday\t9AM–9PM<br>Monday\t9AM–9PM<br>Tuesday\t9AM–9PM<br>Wednesday\t9AM–9PM<br>Thursday\t9AM–9PM<br>Friday\t9AM–9PM<br>Saturday\t9AM–9PM",
        "class": "Marker",
        "folderId": "26b0eed1-b678-4ba2-93fc-75e836e730d4",
        "visible": true,
        "labelVisible": true,
        "marker-symbol": "point",
        "marker-color": "E65100",
        "marker-size": "1",
        "marker-rotation": null
      }
    },
    {
      "type": "Feature",
      "id": "c714d2fe-7882-4c8f-8de4-66aece694fa2",
      "geometry": {
        "type": "Point",
        "coordinates": [
          -21.8670601,
          64.1325159,
          0,
          0
        ]
      },
      "properties": {
        "title": "Olís",
        "description": "",
        "class": "Marker",
        "folderId": "26b0eed1-b678-4ba2-93fc-75e836e730d4",
        "visible": true,
        "labelVisible": true,
        "marker-symbol": "point",
        "marker-color": "E65100",
        "marker-size": "1",
        "marker-rotation": null
      }
    },
    {
      "type": "Feature",
      "id": "fb3cab98-8fe3-4b26-ba5b-9ae568f24d61",
      "geometry": {
        "type": "Point",
        "coordinates": [
          -21.9281879,
          64.0914333,
          0,
          0
        ]
      },
      "properties": {
        "title": "Olís",
        "description": "24 hours open",
        "class": "Marker",
        "folderId": "26b0eed1-b678-4ba2-93fc-75e836e730d4",
        "visible": true,
        "labelVisible": true,
        "marker-symbol": "point",
        "marker-color": "E65100",
        "marker-size": "1",
        "marker-rotation": null
      }
    },
    {
      "type": "Feature",
      "id": "4c23cb49-895d-4b13-a7c6-24deb51730d6",
      "geometry": {
        "type": "Point",
        "coordinates": [
          -17.3432842,
          66.0390347,
          0,
          0
        ]
      },
      "properties": {
        "title": "Olís",
        "description": "Sunday\t9AM–10PM<br>Monday\t8AM–10PM<br>Tuesday\t8AM–10PM<br>Wednesday\t8AM–10PM<br>Thursday\t8AM–10PM<br>Friday\t8AM–11PM<br>Saturday\t9AM–11PM",
        "class": "Marker",
        "folderId": "26b0eed1-b678-4ba2-93fc-75e836e730d4",
        "visible": true,
        "labelVisible": true,
        "marker-symbol": "point",
        "marker-color": "E65100",
        "marker-size": "1",
        "marker-rotation": null
      }
    },
    {
      "type": "Feature",
      "id": "87e896a8-f67d-4850-aa36-9bfefeb90aae",
      "geometry": {
        "type": "Point",
        "coordinates": [
          -21.9247254,
          64.1475396,
          0,
          0
        ]
      },
      "properties": {
        "title": "Olís",
        "description": "",
        "class": "Marker",
        "folderId": "26b0eed1-b678-4ba2-93fc-75e836e730d4",
        "visible": true,
        "labelVisible": true,
        "marker-symbol": "point",
        "marker-color": "E65100",
        "marker-size": "1",
        "marker-rotation": null
      }
    },
    {
      "type": "Feature",
      "id": "ccc80e65-b56b-4bd8-8e90-d0957ced8a3f",
      "geometry": {
        "type": "Point",
        "coordinates": [
          -21.9055286,
          64.1121118,
          0,
          0
        ]
      },
      "properties": {
        "title": "Olís",
        "description": "Sunday\t9AM–7:30PM<br>Monday\t7:30AM–7:30PM<br>Tuesday\t7:30AM–7:30PM<br>Wednesday\t7:30AM–7:30PM<br>Thursday\t7:30AM–7:30PM<br>Friday\t7:30AM–7:30PM<br>Saturday\t7:30AM–7:30PM",
        "class": "Marker",
        "folderId": "26b0eed1-b678-4ba2-93fc-75e836e730d4",
        "visible": true,
        "labelVisible": true,
        "marker-symbol": "point",
        "marker-color": "E65100",
        "marker-size": "1",
        "marker-rotation": null
      }
    },
    {
      "type": "Feature",
      "id": "bcd2f284-39e6-4acb-af77-653702eb82b2",
      "geometry": {
        "type": "Point",
        "coordinates": [
          -22.0881334,
          64.314101,
          0,
          0
        ]
      },
      "properties": {
        "title": "Olís",
        "description": "opening hours 7.30am - 10pm",
        "class": "Marker",
        "folderId": "26b0eed1-b678-4ba2-93fc-75e836e730d4",
        "visible": true,
        "labelVisible": true,
        "marker-symbol": "point",
        "marker-color": "E65100",
        "marker-size": "1",
        "marker-rotation": null
      }
    },
    {
      "type": "Feature",
      "id": "d6c12729-6ddd-4a1d-b637-89a3cac8aa03",
      "geometry": {
        "type": "Point",
        "coordinates": [
          -14.4254243,
          65.2831025,
          0,
          0
        ]
      },
      "properties": {
        "title": "Olís",
        "description": "Sunday\t9AM–9PM<br>Monday\t8AM–9PM<br>Tuesday\t8AM–9PM<br>Wednesday\t8AM–9PM<br>Thursday\t8AM–9PM<br>Friday\t8AM–9PM<br>Saturday\t9AM–9PM",
        "class": "Marker",
        "folderId": "26b0eed1-b678-4ba2-93fc-75e836e730d4",
        "visible": true,
        "labelVisible": true,
        "marker-symbol": "point",
        "marker-color": "E65100",
        "marker-size": "1",
        "marker-rotation": null
      }
    },
    {
      "type": "Feature",
      "id": "fb659c92-b077-4f1d-9abe-d0b06ecaac10",
      "geometry": {
        "type": "Point",
        "coordinates": [
          -21.8077588,
          64.1371889,
          0,
          0
        ]
      },
      "properties": {
        "title": "Olís",
        "description": "",
        "class": "Marker",
        "folderId": "26b0eed1-b678-4ba2-93fc-75e836e730d4",
        "visible": true,
        "labelVisible": true,
        "marker-symbol": "point",
        "marker-color": "E65100",
        "marker-size": "1",
        "marker-rotation": null
      }
    },
    {
      "type": "Feature",
      "id": "c88cd4f5-e6cd-4527-a6cf-ad9abc05b678",
      "geometry": {
        "type": "Point",
        "coordinates": [
          -18.5293972,
          65.9671825,
          0,
          0
        ]
      },
      "properties": {
        "title": "Olís",
        "description": "Sunday\t9AM–10PM<br>Monday\t8AM–10PM<br>Tuesday\t8AM–10PM<br>Wednesday\t8AM–10PM<br>Thursday\t8AM–10PM<br>Friday\t8AM–10PM<br>Saturday\t9AM–10PM",
        "class": "Marker",
        "folderId": "26b0eed1-b678-4ba2-93fc-75e836e730d4",
        "visible": true,
        "labelVisible": true,
        "marker-symbol": "point",
        "marker-color": "E65100",
        "marker-size": "1",
        "marker-rotation": null
      }
    },
    {
      "type": "Feature",
      "id": "bbd6fda5-720f-41d1-822a-9f98ddba954d",
      "geometry": {
        "type": "Point",
        "coordinates": [
          -21.8426502,
          64.1102429,
          0,
          0
        ]
      },
      "properties": {
        "title": "Olís",
        "description": "",
        "class": "Marker",
        "folderId": "26b0eed1-b678-4ba2-93fc-75e836e730d4",
        "visible": true,
        "labelVisible": true,
        "marker-symbol": "point",
        "marker-color": "E65100",
        "marker-size": "1",
        "marker-rotation": null
      }
    },
    {
      "type": "Feature",
      "id": "f8638073-d74c-4fde-9e4c-dbe01d7e93c3",
      "geometry": {
        "type": "Point",
        "coordinates": [
          -19.6511078,
          65.7518776,
          0,
          0
        ]
      },
      "properties": {
        "title": "Olís",
        "description": "Sunday\tClosed<br>Monday\t9AM–6PM<br>Tuesday\t9AM–6PM<br>Wednesday\t9AM–6PM<br>Thursday\t9AM–6PM<br>Friday\t9AM–6PM<br>Saturday\t10AM–10PM",
        "class": "Marker",
        "folderId": "26b0eed1-b678-4ba2-93fc-75e836e730d4",
        "visible": true,
        "labelVisible": true,
        "marker-symbol": "point",
        "marker-color": "E65100",
        "marker-size": "1",
        "marker-rotation": null
      }
    },
    {
      "type": "Feature",
      "id": "e1794dcd-6019-40ff-96d8-825828430efe",
      "geometry": {
        "type": "Point",
        "coordinates": [
          -18.6545857,
          66.0697492,
          0,
          0
        ]
      },
      "properties": {
        "title": "Olís",
        "description": "Sunday\t10AM–9PM<br>Monday\t8AM–10PM<br>Tuesday\t8AM–10PM<br>Wednesday\t8AM–10PM<br>Thursday\t8AM–10PM<br>Friday\t8AM–10PM<br>Saturday\t10AM–10PM",
        "class": "Marker",
        "folderId": "26b0eed1-b678-4ba2-93fc-75e836e730d4",
        "visible": true,
        "labelVisible": true,
        "marker-symbol": "point",
        "marker-color": "E65100",
        "marker-size": "1",
        "marker-rotation": null
      }
    },
    {
      "type": "Feature",
      "id": "84bb1acb-e173-4e7f-bb11-27e26c6e379c",
      "geometry": {
        "type": "Point",
        "coordinates": [
          -14.8330557,
          65.7496369,
          0,
          0
        ]
      },
      "properties": {
        "title": "Ollasjoppa",
        "description": "",
        "class": "Marker",
        "folderId": "26b0eed1-b678-4ba2-93fc-75e836e730d4",
        "visible": true,
        "labelVisible": true,
        "marker-symbol": "point",
        "marker-color": "E65100",
        "marker-size": "1",
        "marker-rotation": null
      }
    },
    {
      "type": "Feature",
      "id": "69a5b89c-e95a-4901-b40b-1f3f90140be2",
      "geometry": {
        "type": "Point",
        "coordinates": [
          -19.6457809,
          65.7470656,
          0,
          0
        ]
      },
      "properties": {
        "title": "Orkan",
        "description": "Sunday\t10AM–11PM<br>Monday\t8AM–11PM<br>Tuesday\t8AM–11PM<br>Wednesday\t8AM–11PM<br>Thursday\t8AM–11PM<br>Friday\t8AM–11PM<br>Saturday\t9AM–11PM",
        "class": "Marker",
        "folderId": "26b0eed1-b678-4ba2-93fc-75e836e730d4",
        "visible": true,
        "labelVisible": true,
        "marker-symbol": "point",
        "marker-color": "E65100",
        "marker-size": "1",
        "marker-rotation": null
      }
    },
    {
      "type": "Feature",
      "id": "57857314-8e0b-4414-ab35-8e8e88c3e901",
      "geometry": {
        "type": "Point",
        "coordinates": [
          -22.9915524,
          66.0260461,
          0,
          0
        ]
      },
      "properties": {
        "title": "Orkan",
        "description": "self service",
        "class": "Marker",
        "folderId": "26b0eed1-b678-4ba2-93fc-75e836e730d4",
        "visible": true,
        "labelVisible": true,
        "marker-symbol": "point",
        "marker-color": "E65100",
        "marker-size": "1",
        "marker-rotation": null
      }
    },
    {
      "type": "Feature",
      "id": "dda9cb20-547c-4b1d-b279-0798bbefe08a",
      "geometry": {
        "type": "Point",
        "coordinates": [
          -18.3548217,
          65.9442452,
          0,
          0
        ]
      },
      "properties": {
        "title": "Orkan",
        "description": "",
        "class": "Marker",
        "folderId": "26b0eed1-b678-4ba2-93fc-75e836e730d4",
        "visible": true,
        "labelVisible": true,
        "marker-symbol": "point",
        "marker-color": "E65100",
        "marker-size": "1",
        "marker-rotation": null
      }
    },
    {
      "type": "Feature",
      "id": "8b4bf15e-67bb-426c-803e-f36cc38eb1c0",
      "geometry": {
        "type": "Point",
        "coordinates": [
          -21.0625393,
          63.8361162,
          0,
          0
        ]
      },
      "properties": {
        "title": "Orkan",
        "description": "",
        "class": "Marker",
        "folderId": "26b0eed1-b678-4ba2-93fc-75e836e730d4",
        "visible": true,
        "labelVisible": true,
        "marker-symbol": "point",
        "marker-color": "E65100",
        "marker-size": "1",
        "marker-rotation": null
      }
    },
    {
      "type": "Feature",
      "id": "3b377454-6257-4c3c-bb5c-2bba0aa5a89f",
      "geometry": {
        "type": "Point",
        "coordinates": [
          -21.8310124,
          64.1017279,
          0,
          0
        ]
      },
      "properties": {
        "title": "Orkan",
        "description": "",
        "class": "Marker",
        "folderId": "26b0eed1-b678-4ba2-93fc-75e836e730d4",
        "visible": true,
        "labelVisible": true,
        "marker-symbol": "point",
        "marker-color": "E65100",
        "marker-size": "1",
        "marker-rotation": null
      }
    },
    {
      "type": "Feature",
      "id": "60826ae2-04bb-4f73-a580-bb5d429205c7",
      "geometry": {
        "type": "Point",
        "coordinates": [
          -23.1748813,
          66.060785,
          0,
          0
        ]
      },
      "properties": {
        "title": "Orkan",
        "description": "self service",
        "class": "Marker",
        "folderId": "26b0eed1-b678-4ba2-93fc-75e836e730d4",
        "visible": true,
        "labelVisible": true,
        "marker-symbol": "point",
        "marker-color": "E65100",
        "marker-size": "1",
        "marker-rotation": null
      }
    },
    {
      "type": "Feature",
      "id": "49bca0fc-4725-44c6-b410-43d0d717557b",
      "geometry": {
        "type": "Point",
        "coordinates": [
          -21.965531,
          64.0636641,
          0,
          0
        ]
      },
      "properties": {
        "title": "Orkan",
        "description": "self service",
        "class": "Marker",
        "folderId": "26b0eed1-b678-4ba2-93fc-75e836e730d4",
        "visible": true,
        "labelVisible": true,
        "marker-symbol": "point",
        "marker-color": "E65100",
        "marker-size": "1",
        "marker-rotation": null
      }
    },
    {
      "type": "Feature",
      "id": "2f48aa07-bd40-453a-ad7b-58767b5958a5",
      "geometry": {
        "type": "Point",
        "coordinates": [
          -14.2281747,
          65.0346025,
          0,
          0
        ]
      },
      "properties": {
        "title": "Orkan",
        "description": "Sunday<br>8AM–10PM<br>Monday<br>8AM–10PM<br>Tuesday<br>8AM–10PM<br>Wednesday<br>8AM–10PM<br>Thursday<br>8AM–10PM<br>Friday<br>8AM–10PM<br>Saturday<br>8AM–10PM",
        "class": "Marker",
        "folderId": "26b0eed1-b678-4ba2-93fc-75e836e730d4",
        "visible": true,
        "labelVisible": true,
        "marker-symbol": "point",
        "marker-color": "E65100",
        "marker-size": "1",
        "marker-rotation": null
      }
    },
    {
      "type": "Feature",
      "id": "53c8f947-48c3-4253-b45e-7b71fb41d04e",
      "geometry": {
        "type": "Point",
        "coordinates": [
          -14.7426215,
          65.0967236,
          0,
          0
        ]
      },
      "properties": {
        "title": "Orkan",
        "description": "",
        "class": "Marker",
        "folderId": "26b0eed1-b678-4ba2-93fc-75e836e730d4",
        "visible": true,
        "labelVisible": true,
        "marker-symbol": "point",
        "marker-color": "E65100",
        "marker-size": "1",
        "marker-rotation": null
      }
    },
    {
      "type": "Feature",
      "id": "022cd32a-55b4-4b6d-9f34-ba552a90bacd",
      "geometry": {
        "type": "Point",
        "coordinates": [
          -21.9170286,
          64.1318781,
          0,
          0
        ]
      },
      "properties": {
        "title": "Orkan",
        "description": "",
        "class": "Marker",
        "folderId": "26b0eed1-b678-4ba2-93fc-75e836e730d4",
        "visible": true,
        "labelVisible": true,
        "marker-symbol": "point",
        "marker-color": "E65100",
        "marker-size": "1",
        "marker-rotation": null
      }
    },
    {
      "type": "Feature",
      "id": "effb3660-5157-433a-b56e-6cda74d33c6f",
      "geometry": {
        "type": "Point",
        "coordinates": [
          -20.2357019,
          63.7517448,
          0,
          0
        ]
      },
      "properties": {
        "title": "Orkan",
        "description": "self service",
        "class": "Marker",
        "folderId": "26b0eed1-b678-4ba2-93fc-75e836e730d4",
        "visible": true,
        "labelVisible": true,
        "marker-symbol": "point",
        "marker-color": "E65100",
        "marker-size": "1",
        "marker-rotation": null
      }
    },
    {
      "type": "Feature",
      "id": "5a7696e5-6199-4418-8aec-4eb33511ee08",
      "geometry": {
        "type": "Point",
        "coordinates": [
          -22.5426766,
          63.9724255,
          0,
          0
        ]
      },
      "properties": {
        "title": "Orkan",
        "description": "24 hours open",
        "class": "Marker",
        "folderId": "26b0eed1-b678-4ba2-93fc-75e836e730d4",
        "visible": true,
        "labelVisible": true,
        "marker-symbol": "point",
        "marker-color": "E65100",
        "marker-size": "1",
        "marker-rotation": null
      }
    },
    {
      "type": "Feature",
      "id": "b200aa7e-92c2-454d-8172-0185297ec3bb",
      "geometry": {
        "type": "Point",
        "coordinates": [
          -18.1219563,
          65.6958116,
          0,
          0
        ]
      },
      "properties": {
        "title": "Orkan",
        "description": "service gas station",
        "class": "Marker",
        "folderId": "26b0eed1-b678-4ba2-93fc-75e836e730d4",
        "visible": true,
        "labelVisible": true,
        "marker-symbol": "point",
        "marker-color": "E65100",
        "marker-size": "1",
        "marker-rotation": null
      }
    },
    {
      "type": "Feature",
      "id": "5a890129-749c-41bd-b65d-a58113b5b9ac",
      "geometry": {
        "type": "Point",
        "coordinates": [
          -18.1082046,
          65.6796216,
          0,
          0
        ]
      },
      "properties": {
        "title": "Orkan",
        "description": "self service",
        "class": "Marker",
        "folderId": "26b0eed1-b678-4ba2-93fc-75e836e730d4",
        "visible": true,
        "labelVisible": true,
        "marker-symbol": "point",
        "marker-color": "E65100",
        "marker-size": "1",
        "marker-rotation": null
      }
    },
    {
      "type": "Feature",
      "id": "e4deddd6-a7c3-42fc-98b7-26557805f43c",
      "geometry": {
        "type": "Point",
        "coordinates": [
          -21.0106833,
          63.9449812,
          0,
          0
        ]
      },
      "properties": {
        "title": "Orkan",
        "description": "Self service",
        "class": "Marker",
        "folderId": "26b0eed1-b678-4ba2-93fc-75e836e730d4",
        "visible": true,
        "labelVisible": true,
        "marker-symbol": "point",
        "marker-color": "E65100",
        "marker-size": "1",
        "marker-rotation": null
      }
    },
    {
      "type": "Feature",
      "id": "720b9a41-ff9a-4c70-9422-ffc8b3cb28ef",
      "geometry": {
        "type": "Point",
        "coordinates": [
          -21.9260407,
          64.0899479,
          0,
          0
        ]
      },
      "properties": {
        "title": "Orkan",
        "description": "",
        "class": "Marker",
        "folderId": "26b0eed1-b678-4ba2-93fc-75e836e730d4",
        "visible": true,
        "labelVisible": true,
        "marker-symbol": "point",
        "marker-color": "E65100",
        "marker-size": "1",
        "marker-rotation": null
      }
    },
    {
      "type": "Feature",
      "id": "7c5afdf1-dfd7-4411-baaa-a6e4ac877cfb",
      "geometry": {
        "type": "Point",
        "coordinates": [
          -21.3781151,
          63.858876,
          0,
          0
        ]
      },
      "properties": {
        "title": "Orkan",
        "description": "Saturday\t9AM–10PM<br>Sunday\t10AM–10PM<br>Monday\t8AM–10PM<br>Tuesday\t8AM–10PM<br>Wednesday\t8AM–10PM<br>Thursday\t8AM–10PM<br>Friday\t8AM–10PM",
        "class": "Marker",
        "folderId": "26b0eed1-b678-4ba2-93fc-75e836e730d4",
        "visible": true,
        "labelVisible": true,
        "marker-symbol": "point",
        "marker-color": "E65100",
        "marker-size": "1",
        "marker-rotation": null
      }
    },
    {
      "type": "Feature",
      "id": "9df6824c-fb02-4430-a1e1-b8f9390831d2",
      "geometry": {
        "type": "Point",
        "coordinates": [
          -23.2466787,
          64.9215352,
          0,
          0
        ]
      },
      "properties": {
        "title": "Orkan",
        "description": "self service",
        "class": "Marker",
        "folderId": "26b0eed1-b678-4ba2-93fc-75e836e730d4",
        "visible": true,
        "labelVisible": true,
        "marker-symbol": "point",
        "marker-color": "E65100",
        "marker-size": "1",
        "marker-rotation": null
      }
    },
    {
      "type": "Feature",
      "id": "e8c8e3fc-c93d-40f3-baba-dcbb6d48c939",
      "geometry": {
        "type": "Point",
        "coordinates": [
          -21.9851061,
          64.1513074,
          0,
          0
        ]
      },
      "properties": {
        "title": "Orkan",
        "description": "",
        "class": "Marker",
        "folderId": "26b0eed1-b678-4ba2-93fc-75e836e730d4",
        "visible": true,
        "labelVisible": true,
        "marker-symbol": "point",
        "marker-color": "E65100",
        "marker-size": "1",
        "marker-rotation": null
      }
    },
    {
      "type": "Feature",
      "id": "3478cb5a-f07f-438c-8e8a-f25cf8723c55",
      "geometry": {
        "type": "Point",
        "coordinates": [
          -21.1916989,
          63.9953881,
          0,
          0
        ]
      },
      "properties": {
        "title": "Orkan",
        "description": "self service",
        "class": "Marker",
        "folderId": "26b0eed1-b678-4ba2-93fc-75e836e730d4",
        "visible": true,
        "labelVisible": true,
        "marker-symbol": "point",
        "marker-color": "E65100",
        "marker-size": "1",
        "marker-rotation": null
      }
    },
    {
      "type": "Feature",
      "id": "4b1d7789-2e86-4b7f-b153-8658e4b85c5d",
      "geometry": {
        "type": "Point",
        "coordinates": [
          -21.8929799,
          64.132656,
          0,
          0
        ]
      },
      "properties": {
        "title": "Orkan",
        "description": "",
        "class": "Marker",
        "folderId": "26b0eed1-b678-4ba2-93fc-75e836e730d4",
        "visible": true,
        "labelVisible": true,
        "marker-symbol": "point",
        "marker-color": "E65100",
        "marker-size": "1",
        "marker-rotation": null
      }
    },
    {
      "type": "Feature",
      "id": "f7a61df0-e715-413d-bec2-65db97c17724",
      "geometry": {
        "type": "Point",
        "coordinates": [
          -14.0284011,
          64.9327516,
          0,
          0
        ]
      },
      "properties": {
        "title": "Orkan",
        "description": "Sunday\t9AM–10PM<br>Monday\t9AM–10PM<br>Tuesday\t9AM–10PM<br>Wednesday\t9AM–10PM<br>Thursday\t9AM–10PM<br>Friday\t9AM–10PM<br>Saturday\t9AM–10PM",
        "class": "Marker",
        "folderId": "26b0eed1-b678-4ba2-93fc-75e836e730d4",
        "visible": true,
        "labelVisible": true,
        "marker-symbol": "point",
        "marker-color": "E65100",
        "marker-size": "1",
        "marker-rotation": null
      }
    },
    {
      "type": "Feature",
      "id": "03d3cbc8-e5a0-480a-b475-83c53dc9da3f",
      "geometry": {
        "type": "Point",
        "coordinates": [
          -22.4249156,
          63.8413655,
          0,
          0
        ]
      },
      "properties": {
        "title": "Orkan",
        "description": "self service",
        "class": "Marker",
        "folderId": "26b0eed1-b678-4ba2-93fc-75e836e730d4",
        "visible": true,
        "labelVisible": true,
        "marker-symbol": "point",
        "marker-color": "E65100",
        "marker-size": "1",
        "marker-rotation": null
      }
    },
    {
      "type": "Feature",
      "id": "1a01daf5-5cff-407d-913d-1b1e77f662b8",
      "geometry": {
        "type": "Point",
        "coordinates": [
          -20.8687422,
          64.6991943,
          0,
          0
        ]
      },
      "properties": {
        "title": "Orkan",
        "description": "self service",
        "class": "Marker",
        "folderId": "26b0eed1-b678-4ba2-93fc-75e836e730d4",
        "visible": true,
        "labelVisible": true,
        "marker-symbol": "point",
        "marker-color": "E65100",
        "marker-size": "1",
        "marker-rotation": null
      }
    },
    {
      "type": "Feature",
      "id": "762fdf24-1b32-4879-8a19-624d630bbf53",
      "geometry": {
        "type": "Point",
        "coordinates": [
          -14.4060534,
          65.2631138,
          0,
          0
        ]
      },
      "properties": {
        "title": "Orkan",
        "description": "self service",
        "class": "Marker",
        "folderId": "26b0eed1-b678-4ba2-93fc-75e836e730d4",
        "visible": true,
        "labelVisible": true,
        "marker-symbol": "point",
        "marker-color": "E65100",
        "marker-size": "1",
        "marker-rotation": null
      }
    },
    {
      "type": "Feature",
      "id": "1ab1e339-45ef-498f-bcf1-77f110109163",
      "geometry": {
        "type": "Point",
        "coordinates": [
          -22.729007,
          65.0745764,
          0,
          0
        ]
      },
      "properties": {
        "title": "Orkan",
        "description": "self service",
        "class": "Marker",
        "folderId": "26b0eed1-b678-4ba2-93fc-75e836e730d4",
        "visible": true,
        "labelVisible": true,
        "marker-symbol": "point",
        "marker-color": "E65100",
        "marker-size": "1",
        "marker-rotation": null
      }
    },
    {
      "type": "Feature",
      "id": "53000197-e8df-47f9-aca6-470633e61ee8",
      "geometry": {
        "type": "Point",
        "coordinates": [
          -14.3980551,
          65.2607253,
          0,
          0
        ]
      },
      "properties": {
        "title": "Orkan",
        "description": "Sunday<br>9AM–10PM<br>Monday<br>8AM–10PM<br>Tuesday<br>8AM–10PM<br>Wednesday<br>8AM–10PM<br>Thursday<br>8AM–10PM<br>Friday<br>8AM–10PM<br>Saturday<br>9AM–10PM",
        "class": "Marker",
        "folderId": "26b0eed1-b678-4ba2-93fc-75e836e730d4",
        "visible": true,
        "labelVisible": true,
        "marker-symbol": "point",
        "marker-color": "E65100",
        "marker-size": "1",
        "marker-rotation": null
      }
    },
    {
      "type": "Feature",
      "id": "98664a04-40f7-4073-a18c-a019630720b8",
      "geometry": {
        "type": "Point",
        "coordinates": [
          -22.0550859,
          64.32711,
          0,
          0
        ]
      },
      "properties": {
        "title": "Orkan",
        "description": "open 24 hours",
        "class": "Marker",
        "folderId": "26b0eed1-b678-4ba2-93fc-75e836e730d4",
        "visible": true,
        "labelVisible": true,
        "marker-symbol": "point",
        "marker-color": "E65100",
        "marker-size": "1",
        "marker-rotation": null
      }
    },
    {
      "type": "Feature",
      "id": "5bbe5a6a-31d9-46af-9558-bc0ece56d883",
      "geometry": {
        "type": "Point",
        "coordinates": [
          -21.8671182,
          64.1052149,
          0,
          0
        ]
      },
      "properties": {
        "title": "Orkan",
        "description": "",
        "class": "Marker",
        "folderId": "26b0eed1-b678-4ba2-93fc-75e836e730d4",
        "visible": true,
        "labelVisible": true,
        "marker-symbol": "point",
        "marker-color": "E65100",
        "marker-size": "1",
        "marker-rotation": null
      }
    },
    {
      "type": "Feature",
      "id": "de19e52c-8b49-4721-980f-a8a0e2a1a39b",
      "geometry": {
        "type": "Point",
        "coordinates": [
          -21.7873345,
          64.1498227,
          0,
          0
        ]
      },
      "properties": {
        "title": "Orkan",
        "description": "",
        "class": "Marker",
        "folderId": "26b0eed1-b678-4ba2-93fc-75e836e730d4",
        "visible": true,
        "labelVisible": true,
        "marker-symbol": "point",
        "marker-color": "E65100",
        "marker-size": "1",
        "marker-rotation": null
      }
    },
    {
      "type": "Feature",
      "id": "44bc5408-3af5-4c04-a181-32d50c04a337",
      "geometry": {
        "type": "Point",
        "coordinates": [
          -21.9498744,
          64.0771481,
          0,
          0
        ]
      },
      "properties": {
        "title": "Orkan",
        "description": "",
        "class": "Marker",
        "folderId": "26b0eed1-b678-4ba2-93fc-75e836e730d4",
        "visible": true,
        "labelVisible": true,
        "marker-symbol": "point",
        "marker-color": "E65100",
        "marker-size": "1",
        "marker-rotation": null
      }
    },
    {
      "type": "Feature",
      "id": "62eb98eb-7f20-4757-b0f4-1d036665fbed",
      "geometry": {
        "type": "Point",
        "coordinates": [
          -13.7074061,
          65.1473508,
          0,
          0
        ]
      },
      "properties": {
        "title": "Orkan",
        "description": "",
        "class": "Marker",
        "folderId": "26b0eed1-b678-4ba2-93fc-75e836e730d4",
        "visible": true,
        "labelVisible": true,
        "marker-symbol": "point",
        "marker-color": "E65100",
        "marker-size": "1",
        "marker-rotation": null
      }
    },
    {
      "type": "Feature",
      "id": "8cec3e4f-6f2a-49ff-90c0-b538c0498143",
      "geometry": {
        "type": "Point",
        "coordinates": [
          -21.9183461,
          64.131272,
          0,
          0
        ]
      },
      "properties": {
        "title": "Orkan",
        "description": "",
        "class": "Marker",
        "folderId": "26b0eed1-b678-4ba2-93fc-75e836e730d4",
        "visible": true,
        "labelVisible": true,
        "marker-symbol": "point",
        "marker-color": "E65100",
        "marker-size": "1",
        "marker-rotation": null
      }
    },
    {
      "type": "Feature",
      "id": "7629bdad-33fa-4247-8744-caa4a085d2be",
      "geometry": {
        "type": "Point",
        "coordinates": [
          -20.2771997,
          63.4405664,
          0,
          0
        ]
      },
      "properties": {
        "title": "Orkan",
        "description": "",
        "class": "Marker",
        "folderId": "26b0eed1-b678-4ba2-93fc-75e836e730d4",
        "visible": true,
        "labelVisible": true,
        "marker-symbol": "point",
        "marker-color": "E65100",
        "marker-size": "1",
        "marker-rotation": null
      }
    },
    {
      "type": "Feature",
      "id": "f7283f16-9eea-4637-add4-ad4d281466b6",
      "geometry": {
        "type": "Point",
        "coordinates": [
          -13.9989961,
          65.2617445,
          0,
          0
        ]
      },
      "properties": {
        "title": "Orkan",
        "description": "Sunday\t10AM–5PM<br>Monday\t10AM–5PM<br>Tuesday\t10AM–5PM<br>Wednesday\t10AM–5PM<br>Thursday\t10AM–5PM<br>Friday\t10AM–5PM<br>Saturday\t10AM–5PM",
        "class": "Marker",
        "folderId": "26b0eed1-b678-4ba2-93fc-75e836e730d4",
        "visible": true,
        "labelVisible": true,
        "marker-symbol": "point",
        "marker-color": "E65100",
        "marker-size": "1",
        "marker-rotation": null
      }
    },
    {
      "type": "Feature",
      "id": "66ad1dc4-af0c-470b-ad62-cb71eef06ec2",
      "geometry": {
        "type": "Point",
        "coordinates": [
          -15.1211625,
          65.3162586,
          0,
          0
        ]
      },
      "properties": {
        "title": "Orkan",
        "description": "open 24 hours",
        "class": "Marker",
        "folderId": "26b0eed1-b678-4ba2-93fc-75e836e730d4",
        "visible": true,
        "labelVisible": true,
        "marker-symbol": "point",
        "marker-color": "E65100",
        "marker-size": "1",
        "marker-rotation": null
      }
    },
    {
      "type": "Feature",
      "id": "806ea08a-1041-441a-bedb-fd084d9fc93c",
      "geometry": {
        "type": "Point",
        "coordinates": [
          -21.8045331,
          64.1446419,
          0,
          0
        ]
      },
      "properties": {
        "title": "Orkan",
        "description": "",
        "class": "Marker",
        "folderId": "26b0eed1-b678-4ba2-93fc-75e836e730d4",
        "visible": true,
        "labelVisible": true,
        "marker-symbol": "point",
        "marker-color": "E65100",
        "marker-size": "1",
        "marker-rotation": null
      }
    },
    {
      "type": "Feature",
      "id": "4795dfb3-2b3a-4bee-9656-241c25962bf5",
      "geometry": {
        "type": "Point",
        "coordinates": [
          -21.8838738,
          64.1020835,
          0,
          0
        ]
      },
      "properties": {
        "title": "Orkan",
        "description": "",
        "class": "Marker",
        "folderId": "26b0eed1-b678-4ba2-93fc-75e836e730d4",
        "visible": true,
        "labelVisible": true,
        "marker-symbol": "point",
        "marker-color": "E65100",
        "marker-size": "1",
        "marker-rotation": null
      }
    },
    {
      "type": "Feature",
      "id": "52a6d059-4a26-4fdd-a5ab-5433702a7645",
      "geometry": {
        "type": "Point",
        "coordinates": [
          -18.1101419,
          65.6692793,
          0,
          0
        ]
      },
      "properties": {
        "title": "Orkan",
        "description": "",
        "class": "Marker",
        "folderId": "26b0eed1-b678-4ba2-93fc-75e836e730d4",
        "visible": true,
        "labelVisible": true,
        "marker-symbol": "point",
        "marker-color": "E65100",
        "marker-size": "1",
        "marker-rotation": null
      }
    },
    {
      "type": "Feature",
      "id": "b90a19e1-1cee-4fbc-8c47-53579a6357c5",
      "geometry": {
        "type": "Point",
        "coordinates": [
          -21.1852122,
          63.9955184,
          0,
          0
        ]
      },
      "properties": {
        "title": "Orkan",
        "description": "",
        "class": "Marker",
        "folderId": "26b0eed1-b678-4ba2-93fc-75e836e730d4",
        "visible": true,
        "labelVisible": true,
        "marker-symbol": "point",
        "marker-color": "E65100",
        "marker-size": "1",
        "marker-rotation": null
      }
    },
    {
      "type": "Feature",
      "id": "3cf15b01-35cd-43cc-869e-795866a0a866",
      "geometry": {
        "type": "Point",
        "coordinates": [
          -21.8519142,
          64.1106506,
          0,
          0
        ]
      },
      "properties": {
        "title": "Orkan",
        "description": "",
        "class": "Marker",
        "folderId": "26b0eed1-b678-4ba2-93fc-75e836e730d4",
        "visible": true,
        "labelVisible": true,
        "marker-symbol": "point",
        "marker-color": "E65100",
        "marker-size": "1",
        "marker-rotation": null
      }
    },
    {
      "type": "Feature",
      "id": "9c7eb5b4-3dd4-4cfd-9cf0-70471f0f347e",
      "geometry": {
        "type": "Point",
        "coordinates": [
          -21.9840637,
          64.149452,
          0,
          0
        ]
      },
      "properties": {
        "title": "Orkan",
        "description": "",
        "class": "Marker",
        "folderId": "26b0eed1-b678-4ba2-93fc-75e836e730d4",
        "visible": true,
        "labelVisible": true,
        "marker-symbol": "point",
        "marker-color": "E65100",
        "marker-size": "1",
        "marker-rotation": null
      }
    },
    {
      "type": "Feature",
      "id": "9cdefe18-f424-410b-925c-4c852e924977",
      "geometry": {
        "type": "Point",
        "coordinates": [
          -21.953103,
          64.1421785,
          0,
          0
        ]
      },
      "properties": {
        "title": "Orkan",
        "description": "",
        "class": "Marker",
        "folderId": "26b0eed1-b678-4ba2-93fc-75e836e730d4",
        "visible": true,
        "labelVisible": true,
        "marker-symbol": "point",
        "marker-color": "E65100",
        "marker-size": "1",
        "marker-rotation": null
      }
    },
    {
      "type": "Feature",
      "id": "36f2526e-8fc9-4d0c-8f84-4e5bc17e7f09",
      "geometry": {
        "type": "Point",
        "coordinates": [
          -18.9936864,
          63.4174528,
          0,
          0
        ]
      },
      "properties": {
        "title": "Orkan",
        "description": "",
        "class": "Marker",
        "folderId": "26b0eed1-b678-4ba2-93fc-75e836e730d4",
        "visible": true,
        "labelVisible": true,
        "marker-symbol": "point",
        "marker-color": "E65100",
        "marker-size": "1",
        "marker-rotation": null
      }
    },
    {
      "type": "Feature",
      "id": "0eaf58db-ce2f-49fc-90f1-4145086702ae",
      "geometry": {
        "type": "Point",
        "coordinates": [
          -17.3443216,
          66.0487009,
          0,
          0
        ]
      },
      "properties": {
        "title": "Orkan",
        "description": "Sunday\t9AM–10PM<br>Monday\t8AM–10PM<br>Tuesday\t8AM–10PM<br>Wednesday\t8AM–10PM<br>Thursday\t8AM–10PM<br>Friday\t8AM–10PM<br>Saturday\t9AM–10PM",
        "class": "Marker",
        "folderId": "26b0eed1-b678-4ba2-93fc-75e836e730d4",
        "visible": true,
        "labelVisible": true,
        "marker-symbol": "point",
        "marker-color": "E65100",
        "marker-size": "1",
        "marker-rotation": null
      }
    },
    {
      "type": "Feature",
      "id": "ebfffc0f-ec52-47d1-8aa1-1ddc6344d90b",
      "geometry": {
        "type": "Point",
        "coordinates": [
          -21.8041905,
          64.1238298,
          0,
          0
        ]
      },
      "properties": {
        "title": "Orkan",
        "description": "",
        "class": "Marker",
        "folderId": "26b0eed1-b678-4ba2-93fc-75e836e730d4",
        "visible": true,
        "labelVisible": true,
        "marker-symbol": "point",
        "marker-color": "E65100",
        "marker-size": "1",
        "marker-rotation": null
      }
    },
    {
      "type": "Feature",
      "id": "5d0ea173-5082-4cde-8cbf-2f6c00b46e5b",
      "geometry": {
        "type": "Point",
        "coordinates": [
          -17.036219,
          65.5673596,
          0,
          0
        ]
      },
      "properties": {
        "title": "Orkan",
        "description": "",
        "class": "Marker",
        "folderId": "26b0eed1-b678-4ba2-93fc-75e836e730d4",
        "visible": true,
        "labelVisible": true,
        "marker-symbol": "point",
        "marker-color": "E65100",
        "marker-size": "1",
        "marker-rotation": null
      }
    },
    {
      "type": "Feature",
      "id": "9b003fad-3070-4607-976c-d1b3a1153215",
      "geometry": {
        "type": "Point",
        "coordinates": [
          -18.0885252,
          65.6904459,
          0,
          0
        ]
      },
      "properties": {
        "title": "Orkan",
        "description": "self service",
        "class": "Marker",
        "folderId": "26b0eed1-b678-4ba2-93fc-75e836e730d4",
        "visible": true,
        "labelVisible": true,
        "marker-symbol": "point",
        "marker-color": "E65100",
        "marker-size": "1",
        "marker-rotation": null
      }
    },
    {
      "type": "Feature",
      "id": "b3c76984-da3c-4a52-a8d1-e9edbd00455b",
      "geometry": {
        "type": "Point",
        "coordinates": [
          -14.0217733,
          65.0758559,
          0,
          0
        ]
      },
      "properties": {
        "title": "Orkan",
        "description": "Sunday\t10AM–10PM<br>Monday\t8AM–10PM<br>Tuesday\t8AM–10PM<br>Wednesday\t8AM–10PM<br>Thursday\t8AM–10PM<br>Friday\t8AM–10PM<br>Saturday\t8AM–11PM",
        "class": "Marker",
        "folderId": "26b0eed1-b678-4ba2-93fc-75e836e730d4",
        "visible": true,
        "labelVisible": true,
        "marker-symbol": "point",
        "marker-color": "E65100",
        "marker-size": "1",
        "marker-rotation": null
      }
    },
    {
      "type": "Feature",
      "id": "b94457da-f633-431e-a25b-b05f4500e68d",
      "geometry": {
        "type": "Point",
        "coordinates": [
          -20.9373879,
          65.3921533,
          0,
          0
        ]
      },
      "properties": {
        "title": "Orkan",
        "description": "Sunday\t10AM–9PM<br>Monday\t8AM–9PM<br>Tuesday\t8AM–9PM<br>Wednesday\t8AM–9PM<br>Thursday\t8AM–9PM<br>Friday\t8AM–9PM<br>Saturday\t10AM–9PM",
        "class": "Marker",
        "folderId": "26b0eed1-b678-4ba2-93fc-75e836e730d4",
        "visible": true,
        "labelVisible": true,
        "marker-symbol": "point",
        "marker-color": "E65100",
        "marker-size": "1",
        "marker-rotation": null
      }
    },
    {
      "type": "Feature",
      "id": "0249e991-46ed-48bd-a764-61959e1350cb",
      "geometry": {
        "type": "Point",
        "coordinates": [
          -21.5419793,
          64.7684182,
          0,
          0
        ]
      },
      "properties": {
        "title": "Orkan",
        "description": "self service",
        "class": "Marker",
        "folderId": "26b0eed1-b678-4ba2-93fc-75e836e730d4",
        "visible": true,
        "labelVisible": true,
        "marker-symbol": "point",
        "marker-color": "E65100",
        "marker-size": "1",
        "marker-rotation": null
      }
    },
    {
      "type": "Feature",
      "id": "01b753ce-beb6-4bd1-8e38-08f4699eb112",
      "geometry": {
        "type": "Point",
        "coordinates": [
          -22.6322948,
          63.9989147,
          0,
          0
        ]
      },
      "properties": {
        "title": "Orkan",
        "description": "",
        "class": "Marker",
        "folderId": "26b0eed1-b678-4ba2-93fc-75e836e730d4",
        "visible": true,
        "labelVisible": true,
        "marker-symbol": "point",
        "marker-color": "E65100",
        "marker-size": "1",
        "marker-rotation": null
      }
    },
    {
      "type": "Feature",
      "id": "e0e2e131-6bb4-4c3c-8a71-571899733c62",
      "geometry": {
        "type": "Point",
        "coordinates": [
          -21.8952881,
          64.1402377,
          0,
          0
        ]
      },
      "properties": {
        "title": "Orkan",
        "description": "",
        "class": "Marker",
        "folderId": "26b0eed1-b678-4ba2-93fc-75e836e730d4",
        "visible": true,
        "labelVisible": true,
        "marker-symbol": "point",
        "marker-color": "E65100",
        "marker-size": "1",
        "marker-rotation": null
      }
    },
    {
      "type": "Feature",
      "id": "164fe4ce-956e-49ea-bb19-71e60be2b689",
      "geometry": {
        "type": "Point",
        "coordinates": [
          -21.8673121,
          64.1532228,
          0,
          0
        ]
      },
      "properties": {
        "title": "Orkan",
        "description": "",
        "class": "Marker",
        "folderId": "26b0eed1-b678-4ba2-93fc-75e836e730d4",
        "visible": true,
        "labelVisible": true,
        "marker-symbol": "point",
        "marker-color": "E65100",
        "marker-size": "1",
        "marker-rotation": null
      }
    },
    {
      "type": "Feature",
      "id": "5566ff54-7e69-45d1-99f0-55ebdca9d628",
      "geometry": {
        "type": "Point",
        "coordinates": [
          -22.7328745,
          65.0729511,
          0,
          0
        ]
      },
      "properties": {
        "title": "Orkan",
        "description": "",
        "class": "Marker",
        "folderId": "26b0eed1-b678-4ba2-93fc-75e836e730d4",
        "visible": true,
        "labelVisible": true,
        "marker-symbol": "point",
        "marker-color": "E65100",
        "marker-size": "1",
        "marker-rotation": null
      }
    },
    {
      "type": "Feature",
      "id": "159c9726-28c2-4cef-b314-51f1a2b63e35",
      "geometry": {
        "type": "Point",
        "coordinates": [
          -21.858545,
          64.1457917,
          0,
          0
        ]
      },
      "properties": {
        "title": "Orkan",
        "description": "",
        "class": "Marker",
        "folderId": "26b0eed1-b678-4ba2-93fc-75e836e730d4",
        "visible": true,
        "labelVisible": true,
        "marker-symbol": "point",
        "marker-color": "E65100",
        "marker-size": "1",
        "marker-rotation": null
      }
    },
    {
      "type": "Feature",
      "id": "ec9952a8-4585-4263-82d4-03e0eae6ca1b",
      "geometry": {
        "type": "Point",
        "coordinates": [
          -22.0695297,
          64.3200806,
          0,
          0
        ]
      },
      "properties": {
        "title": "Orkan",
        "description": "",
        "class": "Marker",
        "folderId": "26b0eed1-b678-4ba2-93fc-75e836e730d4",
        "visible": true,
        "labelVisible": true,
        "marker-symbol": "point",
        "marker-color": "E65100",
        "marker-size": "1",
        "marker-rotation": null
      }
    },
    {
      "type": "Feature",
      "id": "aaa8d861-c8a2-464e-9d40-7f1ae34b1b2b",
      "geometry": {
        "type": "Point",
        "coordinates": [
          -23.6012094,
          65.6854322,
          0,
          0
        ]
      },
      "properties": {
        "title": "Orkan",
        "description": "",
        "class": "Marker",
        "folderId": "26b0eed1-b678-4ba2-93fc-75e836e730d4",
        "visible": true,
        "labelVisible": true,
        "marker-symbol": "point",
        "marker-color": "E65100",
        "marker-size": "1",
        "marker-rotation": null
      }
    },
    {
      "type": "Feature",
      "id": "168b1c3f-c9fc-4817-98d3-df794101a382",
      "geometry": {
        "type": "Point",
        "coordinates": [
          -16.8959758,
          63.9904133,
          0,
          0
        ]
      },
      "properties": {
        "title": "Orkan",
        "description": "",
        "class": "Marker",
        "folderId": "26b0eed1-b678-4ba2-93fc-75e836e730d4",
        "visible": true,
        "labelVisible": true,
        "marker-symbol": "point",
        "marker-color": "E65100",
        "marker-size": "1",
        "marker-rotation": null
      }
    },
    {
      "type": "Feature",
      "id": "faa6ece0-9991-4be5-b1df-350a3fe2d8a0",
      "geometry": {
        "type": "Point",
        "coordinates": [
          -21.8932496,
          64.1321729,
          0,
          0
        ]
      },
      "properties": {
        "title": "Orkan",
        "description": "",
        "class": "Marker",
        "folderId": "26b0eed1-b678-4ba2-93fc-75e836e730d4",
        "visible": true,
        "labelVisible": true,
        "marker-symbol": "point",
        "marker-color": "E65100",
        "marker-size": "1",
        "marker-rotation": null
      }
    },
    {
      "type": "Feature",
      "id": "c5bbf879-05a0-46d3-befc-6896ceb1682d",
      "geometry": {
        "type": "Point",
        "coordinates": [
          -23.704344,
          64.8942215,
          0,
          0
        ]
      },
      "properties": {
        "title": "Orkan",
        "description": "Sunday\t10AM–11PM<br>Monday\t9AM–11PM<br>Tuesday\t9AM–11PM<br>Wednesday\t9AM–11PM<br>Thursday\t9AM–11PM<br>Friday\t9AM–11PM<br>Saturday\t9AM–11PM",
        "class": "Marker",
        "folderId": "26b0eed1-b678-4ba2-93fc-75e836e730d4",
        "visible": true,
        "labelVisible": true,
        "marker-symbol": "point",
        "marker-color": "E65100",
        "marker-size": "1",
        "marker-rotation": null
      }
    },
    {
      "type": "Feature",
      "id": "1d29c6de-3dc7-43a0-87d0-8ecf1a4788a2",
      "geometry": {
        "type": "Point",
        "coordinates": [
          -21.1851892,
          63.995782,
          0,
          0
        ]
      },
      "properties": {
        "title": "Shell",
        "description": "self service",
        "class": "Marker",
        "folderId": "26b0eed1-b678-4ba2-93fc-75e836e730d4",
        "visible": true,
        "labelVisible": true,
        "marker-symbol": "point",
        "marker-color": "E65100",
        "marker-size": "1",
        "marker-rotation": null
      }
    },
    {
      "type": "Feature",
      "id": "226682a3-c51d-4e7c-b17e-9a98f5c629e7",
      "geometry": {
        "type": "Point",
        "coordinates": [
          -16.8969539,
          63.9906637,
          0,
          0
        ]
      },
      "properties": {
        "title": "Shell",
        "description": "",
        "class": "Marker",
        "folderId": "26b0eed1-b678-4ba2-93fc-75e836e730d4",
        "visible": true,
        "labelVisible": true,
        "marker-symbol": "point",
        "marker-color": "E65100",
        "marker-size": "1",
        "marker-rotation": null
      }
    },
    {
      "type": "Feature",
      "id": "d6b93396-cc5d-4131-a98c-e471901477c7",
      "geometry": {
        "type": "Point",
        "coordinates": [
          -13.9997105,
          65.2617464,
          0,
          0
        ]
      },
      "properties": {
        "title": "Sunnanátt",
        "description": "",
        "class": "Marker",
        "folderId": "26b0eed1-b678-4ba2-93fc-75e836e730d4",
        "visible": true,
        "labelVisible": true,
        "marker-symbol": "point",
        "marker-color": "E65100",
        "marker-size": "1",
        "marker-rotation": null
      }
    },
    {
      "type": "Feature",
      "id": "2c730879-3805-4329-b069-7a01a3574695",
      "geometry": {
        "type": "Point",
        "coordinates": [
          -19.2850494,
          64.196968,
          0,
          0
        ]
      },
      "properties": {
        "title": "The Highland Center Hrauneyjar",
        "description": "",
        "class": "Marker",
        "folderId": "26b0eed1-b678-4ba2-93fc-75e836e730d4",
        "visible": true,
        "labelVisible": true,
        "marker-symbol": "point",
        "marker-color": "E65100",
        "marker-size": "1",
        "marker-rotation": null
      }
    },
    {
      "type": "Feature",
      "id": "09133598-0a2a-4d1f-aa15-bdb1f8275b4c",
      "geometry": {
        "type": "Point",
        "coordinates": [
          -23.9779694,
          65.5931114,
          0,
          0
        ]
      },
      "properties": {
        "title": "Albína Bakery And Shop",
        "description": "",
        "class": "Marker",
        "folderId": "26b0eed1-b678-4ba2-93fc-75e836e730d4",
        "visible": true,
        "labelVisible": true,
        "marker-symbol": "point",
        "marker-color": "F57C00",
        "marker-size": "1",
        "marker-rotation": null
      }
    },
    {
      "type": "Feature",
      "id": "6673f79b-66ae-463a-9964-43d193555aa8",
      "geometry": {
        "type": "Point",
        "coordinates": [
          -20.2715148,
          63.4418106,
          0,
          0
        ]
      },
      "properties": {
        "title": "Bónus",
        "description": "",
        "class": "Marker",
        "folderId": "26b0eed1-b678-4ba2-93fc-75e836e730d4",
        "visible": true,
        "labelVisible": true,
        "marker-symbol": "point",
        "marker-color": "F57C00",
        "marker-size": "1",
        "marker-rotation": null
      }
    },
    {
      "type": "Feature",
      "id": "8eb32aaa-4fd3-451a-b055-fe84fbec1c67",
      "geometry": {
        "type": "Point",
        "coordinates": [
          -22.7291304,
          65.0739998,
          0,
          0
        ]
      },
      "properties": {
        "title": "Bónus",
        "description": "",
        "class": "Marker",
        "folderId": "26b0eed1-b678-4ba2-93fc-75e836e730d4",
        "visible": true,
        "labelVisible": true,
        "marker-symbol": "point",
        "marker-color": "F57C00",
        "marker-size": "1",
        "marker-rotation": null
      }
    },
    {
      "type": "Feature",
      "id": "fe5896a9-b3c7-415b-a351-a764e5f578a0",
      "geometry": {
        "type": "Point",
        "coordinates": [
          -18.108487,
          65.6922046,
          0,
          0
        ]
      },
      "properties": {
        "title": "Bónus",
        "description": "",
        "class": "Marker",
        "folderId": "26b0eed1-b678-4ba2-93fc-75e836e730d4",
        "visible": true,
        "labelVisible": true,
        "marker-symbol": "point",
        "marker-color": "F57C00",
        "marker-size": "1",
        "marker-rotation": null
      }
    },
    {
      "type": "Feature",
      "id": "d6c3a9f1-8431-42c0-8e19-acc085ebdb91",
      "geometry": {
        "type": "Point",
        "coordinates": [
          -23.1744039,
          66.0604171,
          0,
          0
        ]
      },
      "properties": {
        "title": "Bónus",
        "description": "",
        "class": "Marker",
        "folderId": "26b0eed1-b678-4ba2-93fc-75e836e730d4",
        "visible": true,
        "labelVisible": true,
        "marker-symbol": "point",
        "marker-color": "F57C00",
        "marker-size": "1",
        "marker-rotation": null
      }
    },
    {
      "type": "Feature",
      "id": "76870b57-174b-46d6-9fb8-7bd6e55e6510",
      "geometry": {
        "type": "Point",
        "coordinates": [
          -21.9094305,
          64.5413816,
          0,
          0
        ]
      },
      "properties": {
        "title": "Bónus",
        "description": "",
        "class": "Marker",
        "folderId": "26b0eed1-b678-4ba2-93fc-75e836e730d4",
        "visible": true,
        "labelVisible": true,
        "marker-symbol": "point",
        "marker-color": "F57C00",
        "marker-size": "1",
        "marker-rotation": null
      }
    },
    {
      "type": "Feature",
      "id": "2dcc6b64-d9da-40ae-822e-57f70eb60bb2",
      "geometry": {
        "type": "Point",
        "coordinates": [
          -22.0555484,
          64.3271981,
          0,
          0
        ]
      },
      "properties": {
        "title": "Bónus",
        "description": "",
        "class": "Marker",
        "folderId": "26b0eed1-b678-4ba2-93fc-75e836e730d4",
        "visible": true,
        "labelVisible": true,
        "marker-symbol": "point",
        "marker-color": "F57C00",
        "marker-size": "1",
        "marker-rotation": null
      }
    },
    {
      "type": "Feature",
      "id": "b769c43d-cdb7-494d-a98d-e4d298df347a",
      "geometry": {
        "type": "Point",
        "coordinates": [
          -14.4050137,
          65.2635306,
          0,
          0
        ]
      },
      "properties": {
        "title": "Bónus",
        "description": "Miðvangi 13, 700 Egilsstadir, Iceland<br>www.bonus.is",
        "class": "Marker",
        "folderId": "26b0eed1-b678-4ba2-93fc-75e836e730d4",
        "visible": true,
        "labelVisible": true,
        "marker-symbol": "point",
        "marker-color": "F57C00",
        "marker-size": "1",
        "marker-rotation": null
      }
    },
    {
      "type": "Feature",
      "id": "23067124-93c9-422f-bb3d-9478fec9223f",
      "geometry": {
        "type": "Point",
        "coordinates": [
          -21.9340741,
          64.1455486,
          0,
          0
        ]
      },
      "properties": {
        "title": "Bónus",
        "description": "Hallveigarstigur 1, 101 Reykjavík, Iceland<br>www.bonus.is",
        "class": "Marker",
        "folderId": "26b0eed1-b678-4ba2-93fc-75e836e730d4",
        "visible": true,
        "labelVisible": true,
        "marker-symbol": "point",
        "marker-color": "F57C00",
        "marker-size": "1",
        "marker-rotation": null
      }
    },
    {
      "type": "Feature",
      "id": "a0c851aa-3512-48d2-9735-e36a5d3656f6",
      "geometry": {
        "type": "Point",
        "coordinates": [
          -21.1897951999999,
          63.9955235,
          0,
          0
        ]
      },
      "properties": {
        "title": "Bónus",
        "description": "",
        "class": "Marker",
        "folderId": "26b0eed1-b678-4ba2-93fc-75e836e730d4",
        "visible": true,
        "labelVisible": true,
        "marker-symbol": "point",
        "marker-color": "F57C00",
        "marker-size": "1",
        "marker-rotation": null
      }
    },
    {
      "type": "Feature",
      "id": "a2aebb4e-c599-4746-8891-b3450f262a55",
      "geometry": {
        "type": "Point",
        "coordinates": [
          -18.1092668,
          65.6696017,
          0,
          0
        ]
      },
      "properties": {
        "title": "Bónus",
        "description": "",
        "class": "Marker",
        "folderId": "26b0eed1-b678-4ba2-93fc-75e836e730d4",
        "visible": true,
        "labelVisible": true,
        "marker-symbol": "point",
        "marker-color": "F57C00",
        "marker-size": "1",
        "marker-rotation": null
      }
    },
    {
      "type": "Feature",
      "id": "fd2c4d3f-79b8-44e7-b5f3-de2c57a61932",
      "geometry": {
        "type": "Point",
        "coordinates": [
          -21.8474149,
          64.141744,
          0,
          0
        ]
      },
      "properties": {
        "title": "Bónus",
        "description": "",
        "class": "Marker",
        "folderId": "26b0eed1-b678-4ba2-93fc-75e836e730d4",
        "visible": true,
        "labelVisible": true,
        "marker-symbol": "point",
        "marker-color": "F57C00",
        "marker-size": "1",
        "marker-rotation": null
      }
    },
    {
      "type": "Feature",
      "id": "d11a260a-db6e-411d-bf98-bb52109835c2",
      "geometry": {
        "type": "Point",
        "coordinates": [
          -22.5435287,
          63.9726435,
          0,
          0
        ]
      },
      "properties": {
        "title": "Bónus",
        "description": "",
        "class": "Marker",
        "folderId": "26b0eed1-b678-4ba2-93fc-75e836e730d4",
        "visible": true,
        "labelVisible": true,
        "marker-symbol": "point",
        "marker-color": "F57C00",
        "marker-size": "1",
        "marker-rotation": null
      }
    },
    {
      "type": "Feature",
      "id": "ff98b6b7-12a1-477d-af72-370df64d7526",
      "geometry": {
        "type": "Point",
        "coordinates": [
          -21.9226313,
          64.1446229,
          0,
          0
        ]
      },
      "properties": {
        "title": "Bónus",
        "description": "",
        "class": "Marker",
        "folderId": "26b0eed1-b678-4ba2-93fc-75e836e730d4",
        "visible": true,
        "labelVisible": true,
        "marker-symbol": "point",
        "marker-color": "F57C00",
        "marker-size": "1",
        "marker-rotation": null
      }
    },
    {
      "type": "Feature",
      "id": "1a7c8bc4-4ce6-4590-a78a-6e1239c7197d",
      "geometry": {
        "type": "Point",
        "coordinates": [
          -20.9737758,
          63.9381675,
          0,
          0
        ]
      },
      "properties": {
        "title": "Bónus",
        "description": "",
        "class": "Marker",
        "folderId": "26b0eed1-b678-4ba2-93fc-75e836e730d4",
        "visible": true,
        "labelVisible": true,
        "marker-symbol": "point",
        "marker-color": "F57C00",
        "marker-size": "1",
        "marker-rotation": null
      }
    },
    {
      "type": "Feature",
      "id": "0b92b26f-07ed-4877-bb9f-63f44b181151",
      "geometry": {
        "type": "Point",
        "coordinates": [
          -21.8692192,
          64.131296,
          0,
          0
        ]
      },
      "properties": {
        "title": "Bónus",
        "description": "",
        "class": "Marker",
        "folderId": "26b0eed1-b678-4ba2-93fc-75e836e730d4",
        "visible": true,
        "labelVisible": true,
        "marker-symbol": "point",
        "marker-color": "F57C00",
        "marker-size": "1",
        "marker-rotation": null
      }
    },
    {
      "type": "Feature",
      "id": "e2827507-f5de-45fe-b2cc-d03dcb8d3982",
      "geometry": {
        "type": "Point",
        "coordinates": [
          -18.1390651,
          65.6985974,
          0,
          0
        ]
      },
      "properties": {
        "title": "Bónus",
        "description": "",
        "class": "Marker",
        "folderId": "26b0eed1-b678-4ba2-93fc-75e836e730d4",
        "visible": true,
        "labelVisible": true,
        "marker-symbol": "point",
        "marker-color": "F57C00",
        "marker-size": "1",
        "marker-rotation": null
      }
    },
    {
      "type": "Feature",
      "id": "7dd8cc4c-f085-4532-bbe1-ffd888519af6",
      "geometry": {
        "type": "Point",
        "coordinates": [
          -21.896789,
          64.129323,
          0,
          0
        ]
      },
      "properties": {
        "title": "Bónus",
        "description": "",
        "class": "Marker",
        "folderId": "26b0eed1-b678-4ba2-93fc-75e836e730d4",
        "visible": true,
        "labelVisible": true,
        "marker-symbol": "point",
        "marker-color": "F57C00",
        "marker-size": "1",
        "marker-rotation": null
      }
    },
    {
      "type": "Feature",
      "id": "fbc4182d-b4fe-4a66-9383-ef6d47a7f312",
      "geometry": {
        "type": "Point",
        "coordinates": [
          -21.8463554,
          64.1350937,
          0,
          0
        ]
      },
      "properties": {
        "title": "Bónus",
        "description": "",
        "class": "Marker",
        "folderId": "26b0eed1-b678-4ba2-93fc-75e836e730d4",
        "visible": true,
        "labelVisible": true,
        "marker-symbol": "point",
        "marker-color": "F57C00",
        "marker-size": "1",
        "marker-rotation": null
      }
    },
    {
      "type": "Feature",
      "id": "265f3571-e15f-42c6-a00d-b15c9af0ebe6",
      "geometry": {
        "type": "Point",
        "coordinates": [
          -21.9121167,
          64.072943,
          0,
          0
        ]
      },
      "properties": {
        "title": "Bónus",
        "description": "",
        "class": "Marker",
        "folderId": "26b0eed1-b678-4ba2-93fc-75e836e730d4",
        "visible": true,
        "labelVisible": true,
        "marker-symbol": "point",
        "marker-color": "F57C00",
        "marker-size": "1",
        "marker-rotation": null
      }
    },
    {
      "type": "Feature",
      "id": "c982a74a-4f83-4dfd-9897-3639b791d3c3",
      "geometry": {
        "type": "Point",
        "coordinates": [
          -21.9073112,
          64.1414928,
          0,
          0
        ]
      },
      "properties": {
        "title": "Bónus",
        "description": "",
        "class": "Marker",
        "folderId": "26b0eed1-b678-4ba2-93fc-75e836e730d4",
        "visible": true,
        "labelVisible": true,
        "marker-symbol": "point",
        "marker-color": "F57C00",
        "marker-size": "1",
        "marker-rotation": null
      }
    },
    {
      "type": "Feature",
      "id": "72497328-f008-4fd5-af80-31a1ba8552d6",
      "geometry": {
        "type": "Point",
        "coordinates": [
          -21.9796125,
          64.0527414,
          0,
          0
        ]
      },
      "properties": {
        "title": "Bónus",
        "description": "",
        "class": "Marker",
        "folderId": "26b0eed1-b678-4ba2-93fc-75e836e730d4",
        "visible": true,
        "labelVisible": true,
        "marker-symbol": "point",
        "marker-color": "F57C00",
        "marker-size": "1",
        "marker-rotation": null
      }
    },
    {
      "type": "Feature",
      "id": "ef28867b-b6f7-4a7d-a3df-2733cf36a1b7",
      "geometry": {
        "type": "Point",
        "coordinates": [
          -21.9420916,
          64.0775404,
          0,
          0
        ]
      },
      "properties": {
        "title": "Bónus",
        "description": "",
        "class": "Marker",
        "folderId": "26b0eed1-b678-4ba2-93fc-75e836e730d4",
        "visible": true,
        "labelVisible": true,
        "marker-symbol": "point",
        "marker-color": "F57C00",
        "marker-size": "1",
        "marker-rotation": null
      }
    },
    {
      "type": "Feature",
      "id": "8fdf45f5-c131-4aeb-a23b-b6fd86e41845",
      "geometry": {
        "type": "Point",
        "coordinates": [
          -21.8166374,
          64.108897,
          0,
          0
        ]
      },
      "properties": {
        "title": "Bónus",
        "description": "",
        "class": "Marker",
        "folderId": "26b0eed1-b678-4ba2-93fc-75e836e730d4",
        "visible": true,
        "labelVisible": true,
        "marker-symbol": "point",
        "marker-color": "F57C00",
        "marker-size": "1",
        "marker-rotation": null
      }
    },
    {
      "type": "Feature",
      "id": "9e75894c-f74a-42e7-8529-9a211bcce02d",
      "geometry": {
        "type": "Point",
        "coordinates": [
          -21.9515957,
          64.1535841,
          0,
          0
        ]
      },
      "properties": {
        "title": "Bónus",
        "description": "",
        "class": "Marker",
        "folderId": "26b0eed1-b678-4ba2-93fc-75e836e730d4",
        "visible": true,
        "labelVisible": true,
        "marker-symbol": "point",
        "marker-color": "F57C00",
        "marker-size": "1",
        "marker-rotation": null
      }
    },
    {
      "type": "Feature",
      "id": "7e9f9812-9ffb-4f55-9610-6e9199dab7c2",
      "geometry": {
        "type": "Point",
        "coordinates": [
          -21.7897491,
          64.150596,
          0,
          0
        ]
      },
      "properties": {
        "title": "Bónus",
        "description": "",
        "class": "Marker",
        "folderId": "26b0eed1-b678-4ba2-93fc-75e836e730d4",
        "visible": true,
        "labelVisible": true,
        "marker-symbol": "point",
        "marker-color": "F57C00",
        "marker-size": "1",
        "marker-rotation": null
      }
    },
    {
      "type": "Feature",
      "id": "b62651a3-dae6-4b87-8561-ae53dee4bb1d",
      "geometry": {
        "type": "Point",
        "coordinates": [
          -21.7958431,
          64.1180115,
          0,
          0
        ]
      },
      "properties": {
        "title": "Bónus",
        "description": "",
        "class": "Marker",
        "folderId": "26b0eed1-b678-4ba2-93fc-75e836e730d4",
        "visible": true,
        "labelVisible": true,
        "marker-symbol": "point",
        "marker-color": "F57C00",
        "marker-size": "1",
        "marker-rotation": null
      }
    },
    {
      "type": "Feature",
      "id": "a384168c-adb6-48c3-b091-60ea688a9ddd",
      "geometry": {
        "type": "Point",
        "coordinates": [
          -13.81681,
          65.5271791,
          0,
          0
        ]
      },
      "properties": {
        "title": "Búðin",
        "description": "",
        "class": "Marker",
        "folderId": "26b0eed1-b678-4ba2-93fc-75e836e730d4",
        "visible": true,
        "labelVisible": true,
        "marker-symbol": "point",
        "marker-color": "F57C00",
        "marker-size": "1",
        "marker-rotation": null
      }
    },
    {
      "type": "Feature",
      "id": "87dd42dc-4677-45ce-b51e-20ff3b418449",
      "geometry": {
        "type": "Point",
        "coordinates": [
          -21.8510794,
          64.1109322,
          0,
          0
        ]
      },
      "properties": {
        "title": "Euro Market",
        "description": "",
        "class": "Marker",
        "folderId": "26b0eed1-b678-4ba2-93fc-75e836e730d4",
        "visible": true,
        "labelVisible": true,
        "marker-symbol": "point",
        "marker-color": "F57C00",
        "marker-size": "1",
        "marker-rotation": null
      }
    },
    {
      "type": "Feature",
      "id": "90bfae29-2de1-4db8-9b94-d745e6a12029",
      "geometry": {
        "type": "Point",
        "coordinates": [
          -21.9030335,
          64.1127059,
          0,
          0
        ]
      },
      "properties": {
        "title": "Euro Market",
        "description": "",
        "class": "Marker",
        "folderId": "26b0eed1-b678-4ba2-93fc-75e836e730d4",
        "visible": true,
        "labelVisible": true,
        "marker-symbol": "point",
        "marker-color": "F57C00",
        "marker-size": "1",
        "marker-rotation": null
      }
    },
    {
      "type": "Feature",
      "id": "e2c8d81c-3ce4-4632-9aca-237fa522d409",
      "geometry": {
        "type": "Point",
        "coordinates": [
          -21.9124666,
          64.1422856,
          0,
          0
        ]
      },
      "properties": {
        "title": "Euro Market",
        "description": "",
        "class": "Marker",
        "folderId": "26b0eed1-b678-4ba2-93fc-75e836e730d4",
        "visible": true,
        "labelVisible": true,
        "marker-symbol": "point",
        "marker-color": "F57C00",
        "marker-size": "1",
        "marker-rotation": null
      }
    },
    {
      "type": "Feature",
      "id": "94517ce0-bb75-4423-9a0a-02775ad87c2b",
      "geometry": {
        "type": "Point",
        "coordinates": [
          -21.8873433,
          64.1379734,
          0,
          0
        ]
      },
      "properties": {
        "title": "Europartar",
        "description": "",
        "class": "Marker",
        "folderId": "26b0eed1-b678-4ba2-93fc-75e836e730d4",
        "visible": true,
        "labelVisible": true,
        "marker-symbol": "point",
        "marker-color": "F57C00",
        "marker-size": "1",
        "marker-rotation": null
      }
    },
    {
      "type": "Feature",
      "id": "90a348a9-2f72-4bd3-8738-bc5ccac38a26",
      "geometry": {
        "type": "Point",
        "coordinates": [
          -18.1087776,
          65.6793207,
          0,
          0
        ]
      },
      "properties": {
        "title": "Extra verslun",
        "description": "",
        "class": "Marker",
        "folderId": "26b0eed1-b678-4ba2-93fc-75e836e730d4",
        "visible": true,
        "labelVisible": true,
        "marker-symbol": "point",
        "marker-color": "F57C00",
        "marker-size": "1",
        "marker-rotation": null
      }
    },
    {
      "type": "Feature",
      "id": "35f265f8-38f7-4cc3-9684-39db7058a22f",
      "geometry": {
        "type": "Point",
        "coordinates": [
          -21.8972339,
          64.1143063,
          0,
          0
        ]
      },
      "properties": {
        "title": "Fiska.is - Asian supermarket",
        "description": "",
        "class": "Marker",
        "folderId": "26b0eed1-b678-4ba2-93fc-75e836e730d4",
        "visible": true,
        "labelVisible": true,
        "marker-symbol": "point",
        "marker-color": "F57C00",
        "marker-size": "1",
        "marker-rotation": null
      }
    },
    {
      "type": "Feature",
      "id": "1de25715-eb6f-4e7a-8161-704bc4edaf20",
      "geometry": {
        "type": "Point",
        "coordinates": [
          -20.382799,
          63.8298354,
          0,
          0
        ]
      },
      "properties": {
        "title": "Fiskás",
        "description": "",
        "class": "Marker",
        "folderId": "26b0eed1-b678-4ba2-93fc-75e836e730d4",
        "visible": true,
        "labelVisible": true,
        "marker-symbol": "point",
        "marker-color": "F57C00",
        "marker-size": "1",
        "marker-rotation": null
      }
    },
    {
      "type": "Feature",
      "id": "198d348e-d212-4011-a50b-a92b82767053",
      "geometry": {
        "type": "Point",
        "coordinates": [
          -21.0188042,
          63.9305001,
          0,
          0
        ]
      },
      "properties": {
        "title": "Fiskbúð Suðurlands",
        "description": "",
        "class": "Marker",
        "folderId": "26b0eed1-b678-4ba2-93fc-75e836e730d4",
        "visible": true,
        "labelVisible": true,
        "marker-symbol": "point",
        "marker-color": "F57C00",
        "marker-size": "1",
        "marker-rotation": null
      }
    },
    {
      "type": "Feature",
      "id": "3594fe94-b356-4d9f-b9dc-a179fc187c36",
      "geometry": {
        "type": "Point",
        "coordinates": [
          -21.9408756,
          64.0820662,
          0,
          0
        ]
      },
      "properties": {
        "title": "Fjarðarkaup",
        "description": "",
        "class": "Marker",
        "folderId": "26b0eed1-b678-4ba2-93fc-75e836e730d4",
        "visible": true,
        "labelVisible": true,
        "marker-symbol": "point",
        "marker-color": "F57C00",
        "marker-size": "1",
        "marker-rotation": null
      }
    },
    {
      "type": "Feature",
      "id": "43c9a16b-4bb3-439e-801a-7728f6c92de3",
      "geometry": {
        "type": "Point",
        "coordinates": [
          -24.0010910999999,
          65.5982829,
          0,
          0
        ]
      },
      "properties": {
        "title": "Fjölval Mini Market",
        "description": "",
        "class": "Marker",
        "folderId": "26b0eed1-b678-4ba2-93fc-75e836e730d4",
        "visible": true,
        "labelVisible": true,
        "marker-symbol": "point",
        "marker-color": "F57C00",
        "marker-size": "1",
        "marker-rotation": null
      }
    },
    {
      "type": "Feature",
      "id": "720f6b99-8d4f-4fa1-9d2e-a861544c9c89",
      "geometry": {
        "type": "Point",
        "coordinates": [
          -18.0892837,
          65.6904234,
          0,
          0
        ]
      },
      "properties": {
        "title": "Hagkaup",
        "description": "",
        "class": "Marker",
        "folderId": "26b0eed1-b678-4ba2-93fc-75e836e730d4",
        "visible": true,
        "labelVisible": true,
        "marker-symbol": "point",
        "marker-color": "F57C00",
        "marker-size": "1",
        "marker-rotation": null
      }
    },
    {
      "type": "Feature",
      "id": "e90aec42-333c-4738-bfe2-207ab4aed3a3",
      "geometry": {
        "type": "Point",
        "coordinates": [
          -21.8693684,
          64.1294564,
          0,
          0
        ]
      },
      "properties": {
        "title": "Hagkaup",
        "description": "",
        "class": "Marker",
        "folderId": "26b0eed1-b678-4ba2-93fc-75e836e730d4",
        "visible": true,
        "labelVisible": true,
        "marker-symbol": "point",
        "marker-color": "F57C00",
        "marker-size": "1",
        "marker-rotation": null
      }
    },
    {
      "type": "Feature",
      "id": "bec1eb7e-72b4-4cf9-b5c8-2754140fdd8e",
      "geometry": {
        "type": "Point",
        "coordinates": [
          -21.8933675,
          64.1313273,
          0,
          0
        ]
      },
      "properties": {
        "title": "Hagkaup",
        "description": "",
        "class": "Marker",
        "folderId": "26b0eed1-b678-4ba2-93fc-75e836e730d4",
        "visible": true,
        "labelVisible": true,
        "marker-symbol": "point",
        "marker-color": "F57C00",
        "marker-size": "1",
        "marker-rotation": null
      }
    },
    {
      "type": "Feature",
      "id": "39e2c3e3-b40b-4ce7-b90f-38e071af7ef7",
      "geometry": {
        "type": "Point",
        "coordinates": [
          -21.7872222,
          64.1508333,
          0,
          0
        ]
      },
      "properties": {
        "title": "Hagkaup",
        "description": "",
        "class": "Marker",
        "folderId": "26b0eed1-b678-4ba2-93fc-75e836e730d4",
        "visible": true,
        "labelVisible": true,
        "marker-symbol": "point",
        "marker-color": "F57C00",
        "marker-size": "1",
        "marker-rotation": null
      }
    },
    {
      "type": "Feature",
      "id": "a2a578b7-62f8-4e87-b1d9-37291fe0fa21",
      "geometry": {
        "type": "Point",
        "coordinates": [
          -21.9844985,
          64.1502857,
          0,
          0
        ]
      },
      "properties": {
        "title": "Hagkaup",
        "description": "",
        "class": "Marker",
        "folderId": "26b0eed1-b678-4ba2-93fc-75e836e730d4",
        "visible": true,
        "labelVisible": true,
        "marker-symbol": "point",
        "marker-color": "F57C00",
        "marker-size": "1",
        "marker-rotation": null
      }
    },
    {
      "type": "Feature",
      "id": "b0ccbf21-2771-4774-afb4-a57d86273ff9",
      "geometry": {
        "type": "Point",
        "coordinates": [
          -21.9510113,
          64.1355144,
          0,
          0
        ]
      },
      "properties": {
        "title": "Háskólabúðin",
        "description": "",
        "class": "Marker",
        "folderId": "26b0eed1-b678-4ba2-93fc-75e836e730d4",
        "visible": true,
        "labelVisible": true,
        "marker-symbol": "point",
        "marker-color": "F57C00",
        "marker-size": "1",
        "marker-rotation": null
      }
    },
    {
      "type": "Feature",
      "id": "eeb4cd95-206d-4f10-951c-29c91fa3137f",
      "geometry": {
        "type": "Point",
        "coordinates": [
          -23.8256749,
          65.6269005,
          0,
          0
        ]
      },
      "properties": {
        "title": "Hjá Jóhönnu",
        "description": "",
        "class": "Marker",
        "folderId": "26b0eed1-b678-4ba2-93fc-75e836e730d4",
        "visible": true,
        "labelVisible": true,
        "marker-symbol": "point",
        "marker-color": "F57C00",
        "marker-size": "1",
        "marker-rotation": null
      }
    },
    {
      "type": "Feature",
      "id": "5d2f7388-7ded-4cb6-9442-b19527c9b389",
      "geometry": {
        "type": "Point",
        "coordinates": [
          -19.6471811,
          65.7345906,
          0,
          0
        ]
      },
      "properties": {
        "title": "Hlíðarkaup",
        "description": "",
        "class": "Marker",
        "folderId": "26b0eed1-b678-4ba2-93fc-75e836e730d4",
        "visible": true,
        "labelVisible": true,
        "marker-symbol": "point",
        "marker-color": "F57C00",
        "marker-size": "1",
        "marker-rotation": null
      }
    },
    {
      "type": "Feature",
      "id": "c87cc298-8a09-4f88-b5a7-7146bd7ee48a",
      "geometry": {
        "type": "Point",
        "coordinates": [
          -22.2015539,
          65.4516646,
          0,
          0
        ]
      },
      "properties": {
        "title": "Hólabúð",
        "description": "",
        "class": "Marker",
        "folderId": "26b0eed1-b678-4ba2-93fc-75e836e730d4",
        "visible": true,
        "labelVisible": true,
        "marker-symbol": "point",
        "marker-color": "F57C00",
        "marker-size": "1",
        "marker-rotation": null
      }
    },
    {
      "type": "Feature",
      "id": "f3605baf-6754-4bc4-90a0-8f7e008af163",
      "geometry": {
        "type": "Point",
        "coordinates": [
          -21.8312445,
          64.0995355,
          0,
          0
        ]
      },
      "properties": {
        "title": "Iceland",
        "description": "",
        "class": "Marker",
        "folderId": "26b0eed1-b678-4ba2-93fc-75e836e730d4",
        "visible": true,
        "labelVisible": true,
        "marker-symbol": "point",
        "marker-color": "F57C00",
        "marker-size": "1",
        "marker-rotation": null
      }
    },
    {
      "type": "Feature",
      "id": "f02eb817-b2da-44a1-84dc-82d2928a5280",
      "geometry": {
        "type": "Point",
        "coordinates": [
          -21.9362158,
          64.0667672,
          0,
          0
        ]
      },
      "properties": {
        "title": "Iceland",
        "description": "",
        "class": "Marker",
        "folderId": "26b0eed1-b678-4ba2-93fc-75e836e730d4",
        "visible": true,
        "labelVisible": true,
        "marker-symbol": "point",
        "marker-color": "F57C00",
        "marker-size": "1",
        "marker-rotation": null
      }
    },
    {
      "type": "Feature",
      "id": "6f881d48-d2c9-4471-8b72-decac994c003",
      "geometry": {
        "type": "Point",
        "coordinates": [
          -21.8680306,
          64.1334516,
          0,
          0
        ]
      },
      "properties": {
        "title": "Iceland",
        "description": "",
        "class": "Marker",
        "folderId": "26b0eed1-b678-4ba2-93fc-75e836e730d4",
        "visible": true,
        "labelVisible": true,
        "marker-symbol": "point",
        "marker-color": "F57C00",
        "marker-size": "1",
        "marker-rotation": null
      }
    },
    {
      "type": "Feature",
      "id": "c5808f17-0300-4dfa-9208-5a8d7d8a1c56",
      "geometry": {
        "type": "Point",
        "coordinates": [
          -21.8740578,
          64.1323713,
          0,
          0
        ]
      },
      "properties": {
        "title": "Istanbul Market",
        "description": "",
        "class": "Marker",
        "folderId": "26b0eed1-b678-4ba2-93fc-75e836e730d4",
        "visible": true,
        "labelVisible": true,
        "marker-symbol": "point",
        "marker-color": "F57C00",
        "marker-size": "1",
        "marker-rotation": null
      }
    },
    {
      "type": "Feature",
      "id": "c1ae1ee2-e8bb-442c-9db0-ed77e5d5bccd",
      "geometry": {
        "type": "Point",
        "coordinates": [
          -17.3431224999999,
          66.046614,
          0,
          0
        ]
      },
      "properties": {
        "title": "Kaskó",
        "description": "",
        "class": "Marker",
        "folderId": "26b0eed1-b678-4ba2-93fc-75e836e730d4",
        "visible": true,
        "labelVisible": true,
        "marker-symbol": "point",
        "marker-color": "F57C00",
        "marker-size": "1",
        "marker-rotation": null
      }
    },
    {
      "type": "Feature",
      "id": "cb8275a5-93fd-4eef-a800-09bf4fd41432",
      "geometry": {
        "type": "Point",
        "coordinates": [
          -23.709313,
          64.897395,
          0,
          0
        ]
      },
      "properties": {
        "title": "Kassinn",
        "description": "",
        "class": "Marker",
        "folderId": "26b0eed1-b678-4ba2-93fc-75e836e730d4",
        "visible": true,
        "labelVisible": true,
        "marker-symbol": "point",
        "marker-color": "F57C00",
        "marker-size": "1",
        "marker-rotation": null
      }
    },
    {
      "type": "Feature",
      "id": "87df6407-60c9-44ea-929d-c6b4a0517c10",
      "geometry": {
        "type": "Point",
        "coordinates": [
          -19.4142313,
          65.8975638,
          0,
          0
        ]
      },
      "properties": {
        "title": "Kaupfélag",
        "description": "",
        "class": "Marker",
        "folderId": "26b0eed1-b678-4ba2-93fc-75e836e730d4",
        "visible": true,
        "labelVisible": true,
        "marker-symbol": "point",
        "marker-color": "F57C00",
        "marker-size": "1",
        "marker-rotation": null
      }
    },
    {
      "type": "Feature",
      "id": "870728d6-2665-405d-ac41-764f21c710b7",
      "geometry": {
        "type": "Point",
        "coordinates": [
          -20.9468018,
          65.3958347,
          0,
          0
        ]
      },
      "properties": {
        "title": "Kaupfélag",
        "description": "",
        "class": "Marker",
        "folderId": "26b0eed1-b678-4ba2-93fc-75e836e730d4",
        "visible": true,
        "labelVisible": true,
        "marker-symbol": "point",
        "marker-color": "F57C00",
        "marker-size": "1",
        "marker-rotation": null
      }
    },
    {
      "type": "Feature",
      "id": "5776c609-cc47-45f1-805c-63d6f6c3de77",
      "geometry": {
        "type": "Point",
        "coordinates": [
          -14.8267177,
          65.7537931,
          0,
          0
        ]
      },
      "properties": {
        "title": "Kauptún",
        "description": "",
        "class": "Marker",
        "folderId": "26b0eed1-b678-4ba2-93fc-75e836e730d4",
        "visible": true,
        "labelVisible": true,
        "marker-symbol": "point",
        "marker-color": "F57C00",
        "marker-size": "1",
        "marker-rotation": null
      }
    },
    {
      "type": "Feature",
      "id": "2cd83a77-5e31-484e-a84f-fb5d6ed34fba",
      "geometry": {
        "type": "Point",
        "coordinates": [
          -19.0167682,
          66.0509538,
          0,
          0
        ]
      },
      "properties": {
        "title": "Ketilás",
        "description": "",
        "class": "Marker",
        "folderId": "26b0eed1-b678-4ba2-93fc-75e836e730d4",
        "visible": true,
        "labelVisible": true,
        "marker-symbol": "point",
        "marker-color": "F57C00",
        "marker-size": "1",
        "marker-rotation": null
      }
    },
    {
      "type": "Feature",
      "id": "309c318e-887b-4276-9cf7-ad8ba1b0e68f",
      "geometry": {
        "type": "Point",
        "coordinates": [
          -20.232828,
          63.7500293,
          0,
          0
        ]
      },
      "properties": {
        "title": "Kjarval",
        "description": "",
        "class": "Marker",
        "folderId": "26b0eed1-b678-4ba2-93fc-75e836e730d4",
        "visible": true,
        "labelVisible": true,
        "marker-symbol": "point",
        "marker-color": "F57C00",
        "marker-size": "1",
        "marker-rotation": null
      }
    },
    {
      "type": "Feature",
      "id": "0687fd15-7ed0-4133-89e8-df8e8be64735",
      "geometry": {
        "type": "Point",
        "coordinates": [
          -20.4012288,
          63.8347447,
          0,
          0
        ]
      },
      "properties": {
        "title": "Kjarval",
        "description": "",
        "class": "Marker",
        "folderId": "26b0eed1-b678-4ba2-93fc-75e836e730d4",
        "visible": true,
        "labelVisible": true,
        "marker-symbol": "point",
        "marker-color": "F57C00",
        "marker-size": "1",
        "marker-rotation": null
      }
    },
    {
      "type": "Feature",
      "id": "df5c2d92-de9c-4196-be9d-0c34b851ee13",
      "geometry": {
        "type": "Point",
        "coordinates": [
          -18.0480437,
          63.790355,
          0,
          0
        ]
      },
      "properties": {
        "title": "Kjarval",
        "description": "",
        "class": "Marker",
        "folderId": "26b0eed1-b678-4ba2-93fc-75e836e730d4",
        "visible": true,
        "labelVisible": true,
        "marker-symbol": "point",
        "marker-color": "F57C00",
        "marker-size": "1",
        "marker-rotation": null
      }
    },
    {
      "type": "Feature",
      "id": "06339d8a-ce04-4a25-8594-31ac6eb48bf9",
      "geometry": {
        "type": "Point",
        "coordinates": [
          -22.7059674,
          64.0393227,
          0,
          0
        ]
      },
      "properties": {
        "title": "Kjörbúðin",
        "description": "",
        "class": "Marker",
        "folderId": "26b0eed1-b678-4ba2-93fc-75e836e730d4",
        "visible": true,
        "labelVisible": true,
        "marker-symbol": "point",
        "marker-color": "F57C00",
        "marker-size": "1",
        "marker-rotation": null
      }
    },
    {
      "type": "Feature",
      "id": "16e37d5a-187d-41e4-9659-8340a5937840",
      "geometry": {
        "type": "Point",
        "coordinates": [
          -15.3371303,
          66.1984474,
          0,
          0
        ]
      },
      "properties": {
        "title": "Kjörbúðin",
        "description": "",
        "class": "Marker",
        "folderId": "26b0eed1-b678-4ba2-93fc-75e836e730d4",
        "visible": true,
        "labelVisible": true,
        "marker-symbol": "point",
        "marker-color": "F57C00",
        "marker-size": "1",
        "marker-rotation": null
      }
    },
    {
      "type": "Feature",
      "id": "f0590e9d-16ca-4beb-9a01-ce7d6ee594d8",
      "geometry": {
        "type": "Point",
        "coordinates": [
          -20.3058645,
          65.8244635,
          0,
          0
        ]
      },
      "properties": {
        "title": "Kjörbúðin",
        "description": "",
        "class": "Marker",
        "folderId": "26b0eed1-b678-4ba2-93fc-75e836e730d4",
        "visible": true,
        "labelVisible": true,
        "marker-symbol": "point",
        "marker-color": "F57C00",
        "marker-size": "1",
        "marker-rotation": null
      }
    },
    {
      "type": "Feature",
      "id": "075bd8f3-0f61-4f09-a743-fc297cc90164",
      "geometry": {
        "type": "Point",
        "coordinates": [
          -20.28438,
          65.659889,
          0,
          0
        ]
      },
      "properties": {
        "title": "Kjörbúðin",
        "description": "",
        "class": "Marker",
        "folderId": "26b0eed1-b678-4ba2-93fc-75e836e730d4",
        "visible": true,
        "labelVisible": true,
        "marker-symbol": "point",
        "marker-color": "F57C00",
        "marker-size": "1",
        "marker-rotation": null
      }
    },
    {
      "type": "Feature",
      "id": "8959ea5d-0d33-47f3-8ab7-56141d8c5b01",
      "geometry": {
        "type": "Point",
        "coordinates": [
          -18.5314468,
          65.9728773,
          0,
          0
        ]
      },
      "properties": {
        "title": "Kjörbúðin",
        "description": "",
        "class": "Marker",
        "folderId": "26b0eed1-b678-4ba2-93fc-75e836e730d4",
        "visible": true,
        "labelVisible": true,
        "marker-symbol": "point",
        "marker-color": "F57C00",
        "marker-size": "1",
        "marker-rotation": null
      }
    },
    {
      "type": "Feature",
      "id": "f78d261b-fcef-4a2f-9fbf-e414da06ac87",
      "geometry": {
        "type": "Point",
        "coordinates": [
          -14.0113277,
          64.9299163,
          0,
          0
        ]
      },
      "properties": {
        "title": "Kjörbúðin",
        "description": "",
        "class": "Marker",
        "folderId": "26b0eed1-b678-4ba2-93fc-75e836e730d4",
        "visible": true,
        "labelVisible": true,
        "marker-symbol": "point",
        "marker-color": "F57C00",
        "marker-size": "1",
        "marker-rotation": null
      }
    },
    {
      "type": "Feature",
      "id": "bcf2e34c-ffe2-4d9c-828d-94cd66489b0e",
      "geometry": {
        "type": "Point",
        "coordinates": [
          -21.7627081,
          65.1079814,
          0,
          0
        ]
      },
      "properties": {
        "title": "Kjörbúðin",
        "description": "",
        "class": "Marker",
        "folderId": "26b0eed1-b678-4ba2-93fc-75e836e730d4",
        "visible": true,
        "labelVisible": true,
        "marker-symbol": "point",
        "marker-color": "F57C00",
        "marker-size": "1",
        "marker-rotation": null
      }
    },
    {
      "type": "Feature",
      "id": "dda72323-9381-498c-b9b8-cb8e09970180",
      "geometry": {
        "type": "Point",
        "coordinates": [
          -16.9104866,
          65.6417359,
          0,
          0
        ]
      },
      "properties": {
        "title": "Kjörbúðin",
        "description": "",
        "class": "Marker",
        "folderId": "26b0eed1-b678-4ba2-93fc-75e836e730d4",
        "visible": true,
        "labelVisible": true,
        "marker-symbol": "point",
        "marker-color": "F57C00",
        "marker-size": "1",
        "marker-rotation": null
      }
    },
    {
      "type": "Feature",
      "id": "8e221c2d-923d-4a45-9243-225b5075fcc9",
      "geometry": {
        "type": "Point",
        "coordinates": [
          -21.9512452,
          64.1458895,
          0,
          0
        ]
      },
      "properties": {
        "title": "Kjötborg",
        "description": "",
        "class": "Marker",
        "folderId": "26b0eed1-b678-4ba2-93fc-75e836e730d4",
        "visible": true,
        "labelVisible": true,
        "marker-symbol": "point",
        "marker-color": "F57C00",
        "marker-size": "1",
        "marker-rotation": null
      }
    },
    {
      "type": "Feature",
      "id": "3a2ae9bb-0f3e-45f4-80a8-ae9f77e28ab6",
      "geometry": {
        "type": "Point",
        "coordinates": [
          -18.1282568,
          65.6868386,
          0,
          0
        ]
      },
      "properties": {
        "title": "Krambúðin",
        "description": "",
        "class": "Marker",
        "folderId": "26b0eed1-b678-4ba2-93fc-75e836e730d4",
        "visible": true,
        "labelVisible": true,
        "marker-symbol": "point",
        "marker-color": "F57C00",
        "marker-size": "1",
        "marker-rotation": null
      }
    },
    {
      "type": "Feature",
      "id": "31283113-f234-43ad-aa20-c9258d60b505",
      "geometry": {
        "type": "Point",
        "coordinates": [
          -22.0559692,
          64.3214817,
          0,
          0
        ]
      },
      "properties": {
        "title": "Krambúðin",
        "description": "",
        "class": "Marker",
        "folderId": "26b0eed1-b678-4ba2-93fc-75e836e730d4",
        "visible": true,
        "labelVisible": true,
        "marker-symbol": "point",
        "marker-color": "F57C00",
        "marker-size": "1",
        "marker-rotation": null
      }
    },
    {
      "type": "Feature",
      "id": "6eeb703c-e2fa-407e-8c8d-2c4f7c0261bc",
      "geometry": {
        "type": "Point",
        "coordinates": [
          -21.9285009,
          64.1428181,
          0,
          0
        ]
      },
      "properties": {
        "title": "Krambúðin",
        "description": "",
        "class": "Marker",
        "folderId": "26b0eed1-b678-4ba2-93fc-75e836e730d4",
        "visible": true,
        "labelVisible": true,
        "marker-symbol": "point",
        "marker-color": "F57C00",
        "marker-size": "1",
        "marker-rotation": null
      }
    },
    {
      "type": "Feature",
      "id": "325752e8-f64f-4bb3-b780-821162bc3e32",
      "geometry": {
        "type": "Point",
        "coordinates": [
          -21.6854265,
          65.7007874,
          0,
          0
        ]
      },
      "properties": {
        "title": "Krambúðin",
        "description": "",
        "class": "Marker",
        "folderId": "26b0eed1-b678-4ba2-93fc-75e836e730d4",
        "visible": true,
        "labelVisible": true,
        "marker-symbol": "point",
        "marker-color": "F57C00",
        "marker-size": "1",
        "marker-rotation": null
      }
    },
    {
      "type": "Feature",
      "id": "7eb57646-bb86-4595-bd7e-272022db3bab",
      "geometry": {
        "type": "Point",
        "coordinates": [
          -21.918293,
          64.1117686,
          0,
          0
        ]
      },
      "properties": {
        "title": "Krambúðin",
        "description": "",
        "class": "Marker",
        "folderId": "26b0eed1-b678-4ba2-93fc-75e836e730d4",
        "visible": true,
        "labelVisible": true,
        "marker-symbol": "point",
        "marker-color": "F57C00",
        "marker-size": "1",
        "marker-rotation": null
      }
    },
    {
      "type": "Feature",
      "id": "a7eae034-44a0-4730-8880-cd222e2472ca",
      "geometry": {
        "type": "Point",
        "coordinates": [
          -21.0002313,
          63.9323569,
          0,
          0
        ]
      },
      "properties": {
        "title": "Krambúðin",
        "description": "",
        "class": "Marker",
        "folderId": "26b0eed1-b678-4ba2-93fc-75e836e730d4",
        "visible": true,
        "labelVisible": true,
        "marker-symbol": "point",
        "marker-color": "F57C00",
        "marker-size": "1",
        "marker-rotation": null
      }
    },
    {
      "type": "Feature",
      "id": "66bd48c9-33d6-4dbe-8388-f93b572db757",
      "geometry": {
        "type": "Point",
        "coordinates": [
          -21.9421130000001,
          64.076455,
          0,
          0
        ]
      },
      "properties": {
        "title": "Krónan",
        "description": "Hafnarfjordur, Iceland<br>kronan.is",
        "class": "Marker",
        "folderId": "26b0eed1-b678-4ba2-93fc-75e836e730d4",
        "visible": true,
        "labelVisible": true,
        "marker-symbol": "point",
        "marker-color": "F57C00",
        "marker-size": "1",
        "marker-rotation": null
      }
    },
    {
      "type": "Feature",
      "id": "3e35b6bb-b29c-4594-b3f9-e431eec1217a",
      "geometry": {
        "type": "Point",
        "coordinates": [
          -21.0019488,
          63.9377095,
          0,
          0
        ]
      },
      "properties": {
        "title": "Krónan",
        "description": "",
        "class": "Marker",
        "folderId": "26b0eed1-b678-4ba2-93fc-75e836e730d4",
        "visible": true,
        "labelVisible": true,
        "marker-symbol": "point",
        "marker-color": "F57C00",
        "marker-size": "1",
        "marker-rotation": null
      }
    },
    {
      "type": "Feature",
      "id": "63704729-6cc8-449e-89b5-185c7bbc1b8c",
      "geometry": {
        "type": "Point",
        "coordinates": [
          -22.069972,
          64.3217951,
          0,
          0
        ]
      },
      "properties": {
        "title": "Krónan",
        "description": "",
        "class": "Marker",
        "folderId": "26b0eed1-b678-4ba2-93fc-75e836e730d4",
        "visible": true,
        "labelVisible": true,
        "marker-symbol": "point",
        "marker-color": "F57C00",
        "marker-size": "1",
        "marker-rotation": null
      }
    },
    {
      "type": "Feature",
      "id": "10762023-9fa0-4a17-ba3a-94cd6ea53f61",
      "geometry": {
        "type": "Point",
        "coordinates": [
          -14.219649,
          65.0320609,
          0,
          0
        ]
      },
      "properties": {
        "title": "Krónan",
        "description": "",
        "class": "Marker",
        "folderId": "26b0eed1-b678-4ba2-93fc-75e836e730d4",
        "visible": true,
        "labelVisible": true,
        "marker-symbol": "point",
        "marker-color": "F57C00",
        "marker-size": "1",
        "marker-rotation": null
      }
    },
    {
      "type": "Feature",
      "id": "df313a63-be7b-4843-8572-15031acfd657",
      "geometry": {
        "type": "Point",
        "coordinates": [
          -18.9992992,
          63.4175398,
          0,
          0
        ]
      },
      "properties": {
        "title": "Krónan",
        "description": "",
        "class": "Marker",
        "folderId": "26b0eed1-b678-4ba2-93fc-75e836e730d4",
        "visible": true,
        "labelVisible": true,
        "marker-symbol": "point",
        "marker-color": "F57C00",
        "marker-size": "1",
        "marker-rotation": null
      }
    },
    {
      "type": "Feature",
      "id": "29aa2633-e8aa-4129-92b8-82dde14cfac3",
      "geometry": {
        "type": "Point",
        "coordinates": [
          -22.5454313,
          63.9730359,
          0,
          0
        ]
      },
      "properties": {
        "title": "Krónan",
        "description": "",
        "class": "Marker",
        "folderId": "26b0eed1-b678-4ba2-93fc-75e836e730d4",
        "visible": true,
        "labelVisible": true,
        "marker-symbol": "point",
        "marker-color": "F57C00",
        "marker-size": "1",
        "marker-rotation": null
      }
    },
    {
      "type": "Feature",
      "id": "2451afb3-c603-4f3b-aa22-a81b62c5859d",
      "geometry": {
        "type": "Point",
        "coordinates": [
          -21.9838237,
          64.0463409,
          0,
          0
        ]
      },
      "properties": {
        "title": "Krónan",
        "description": "",
        "class": "Marker",
        "folderId": "26b0eed1-b678-4ba2-93fc-75e836e730d4",
        "visible": true,
        "labelVisible": true,
        "marker-symbol": "point",
        "marker-color": "F57C00",
        "marker-size": "1",
        "marker-rotation": null
      }
    },
    {
      "type": "Feature",
      "id": "fe92b105-516a-4875-b6c2-5bc85620fd5f",
      "geometry": {
        "type": "Point",
        "coordinates": [
          -21.964592,
          64.061993,
          0,
          0
        ]
      },
      "properties": {
        "title": "Krónan",
        "description": "",
        "class": "Marker",
        "folderId": "26b0eed1-b678-4ba2-93fc-75e836e730d4",
        "visible": true,
        "labelVisible": true,
        "marker-symbol": "point",
        "marker-color": "F57C00",
        "marker-size": "1",
        "marker-rotation": null
      }
    },
    {
      "type": "Feature",
      "id": "35e5aa5e-303e-42e5-a025-d62bdf1d320b",
      "geometry": {
        "type": "Point",
        "coordinates": [
          -21.9088071,
          64.0982316,
          0,
          0
        ]
      },
      "properties": {
        "title": "Krónan",
        "description": "",
        "class": "Marker",
        "folderId": "26b0eed1-b678-4ba2-93fc-75e836e730d4",
        "visible": true,
        "labelVisible": true,
        "marker-symbol": "point",
        "marker-color": "F57C00",
        "marker-size": "1",
        "marker-rotation": null
      }
    },
    {
      "type": "Feature",
      "id": "d09d114a-1d74-42cf-80a6-0607a5465c85",
      "geometry": {
        "type": "Point",
        "coordinates": [
          -21.8733289,
          64.1020111,
          0,
          0
        ]
      },
      "properties": {
        "title": "Krónan",
        "description": "",
        "class": "Marker",
        "folderId": "26b0eed1-b678-4ba2-93fc-75e836e730d4",
        "visible": true,
        "labelVisible": true,
        "marker-symbol": "point",
        "marker-color": "F57C00",
        "marker-size": "1",
        "marker-rotation": null
      }
    },
    {
      "type": "Feature",
      "id": "47ac1283-ca29-4873-a4dc-e4af4fd71745",
      "geometry": {
        "type": "Point",
        "coordinates": [
          -21.8216975,
          64.0844611,
          0,
          0
        ]
      },
      "properties": {
        "title": "Krónan",
        "description": "",
        "class": "Marker",
        "folderId": "26b0eed1-b678-4ba2-93fc-75e836e730d4",
        "visible": true,
        "labelVisible": true,
        "marker-symbol": "point",
        "marker-color": "F57C00",
        "marker-size": "1",
        "marker-rotation": null
      }
    },
    {
      "type": "Feature",
      "id": "09d3857c-3231-468d-afac-1f290b9a405a",
      "geometry": {
        "type": "Point",
        "coordinates": [
          -21.9037964,
          64.1121973,
          0,
          0
        ]
      },
      "properties": {
        "title": "Krónan",
        "description": "",
        "class": "Marker",
        "folderId": "26b0eed1-b678-4ba2-93fc-75e836e730d4",
        "visible": true,
        "labelVisible": true,
        "marker-symbol": "point",
        "marker-color": "F57C00",
        "marker-size": "1",
        "marker-rotation": null
      }
    },
    {
      "type": "Feature",
      "id": "448e1fb9-f00c-467c-b44e-cba4694703f3",
      "geometry": {
        "type": "Point",
        "coordinates": [
          -21.9499722,
          64.1551352,
          0,
          0
        ]
      },
      "properties": {
        "title": "Krónan",
        "description": "",
        "class": "Marker",
        "folderId": "26b0eed1-b678-4ba2-93fc-75e836e730d4",
        "visible": true,
        "labelVisible": true,
        "marker-symbol": "point",
        "marker-color": "F57C00",
        "marker-size": "1",
        "marker-rotation": null
      }
    },
    {
      "type": "Feature",
      "id": "059057df-4e32-42fb-be4f-f828eafb4b5c",
      "geometry": {
        "type": "Point",
        "coordinates": [
          -21.8678301,
          64.1311174,
          0,
          0
        ]
      },
      "properties": {
        "title": "Krónan",
        "description": "",
        "class": "Marker",
        "folderId": "26b0eed1-b678-4ba2-93fc-75e836e730d4",
        "visible": true,
        "labelVisible": true,
        "marker-symbol": "point",
        "marker-color": "F57C00",
        "marker-size": "1",
        "marker-rotation": null
      }
    },
    {
      "type": "Feature",
      "id": "e2701941-8f7a-4898-bead-951547120157",
      "geometry": {
        "type": "Point",
        "coordinates": [
          -20.2712098,
          63.4424766,
          0,
          0
        ]
      },
      "properties": {
        "title": "Krónan",
        "description": "",
        "class": "Marker",
        "folderId": "26b0eed1-b678-4ba2-93fc-75e836e730d4",
        "visible": true,
        "labelVisible": true,
        "marker-symbol": "point",
        "marker-color": "F57C00",
        "marker-size": "1",
        "marker-rotation": null
      }
    },
    {
      "type": "Feature",
      "id": "9c182763-0b05-4330-afb4-40e7a845d436",
      "geometry": {
        "type": "Point",
        "coordinates": [
          -21.8150305,
          64.125219,
          0,
          0
        ]
      },
      "properties": {
        "title": "Krónan",
        "description": "",
        "class": "Marker",
        "folderId": "26b0eed1-b678-4ba2-93fc-75e836e730d4",
        "visible": true,
        "labelVisible": true,
        "marker-symbol": "point",
        "marker-color": "F57C00",
        "marker-size": "1",
        "marker-rotation": null
      }
    },
    {
      "type": "Feature",
      "id": "7d4027cc-dd4c-4130-9c6b-457b4fd39b0f",
      "geometry": {
        "type": "Point",
        "coordinates": [
          -21.7900312,
          64.1154406,
          0,
          0
        ]
      },
      "properties": {
        "title": "Krónan",
        "description": "",
        "class": "Marker",
        "folderId": "26b0eed1-b678-4ba2-93fc-75e836e730d4",
        "visible": true,
        "labelVisible": true,
        "marker-symbol": "point",
        "marker-color": "F57C00",
        "marker-size": "1",
        "marker-rotation": null
      }
    },
    {
      "type": "Feature",
      "id": "6e5afc04-cef1-4f7d-a9ed-5e1d72674909",
      "geometry": {
        "type": "Point",
        "coordinates": [
          -21.7614508,
          64.1301489,
          0,
          0
        ]
      },
      "properties": {
        "title": "Krónan",
        "description": "",
        "class": "Marker",
        "folderId": "26b0eed1-b678-4ba2-93fc-75e836e730d4",
        "visible": true,
        "labelVisible": true,
        "marker-symbol": "point",
        "marker-color": "F57C00",
        "marker-size": "1",
        "marker-rotation": null
      }
    },
    {
      "type": "Feature",
      "id": "0d44ed27-9b5c-4340-b0d5-7b2f9d47ac18",
      "geometry": {
        "type": "Point",
        "coordinates": [
          -21.8266286,
          64.0973618,
          0,
          0
        ]
      },
      "properties": {
        "title": "Krónan",
        "description": "",
        "class": "Marker",
        "folderId": "26b0eed1-b678-4ba2-93fc-75e836e730d4",
        "visible": true,
        "labelVisible": true,
        "marker-symbol": "point",
        "marker-color": "F57C00",
        "marker-size": "1",
        "marker-rotation": null
      }
    },
    {
      "type": "Feature",
      "id": "4f6e5a55-bf34-43ad-b24a-bd4adc5aa6c6",
      "geometry": {
        "type": "Point",
        "coordinates": [
          -21.3818201,
          63.8574318,
          0,
          0
        ]
      },
      "properties": {
        "title": "Krónan",
        "description": "",
        "class": "Marker",
        "folderId": "26b0eed1-b678-4ba2-93fc-75e836e730d4",
        "visible": true,
        "labelVisible": true,
        "marker-symbol": "point",
        "marker-color": "F57C00",
        "marker-size": "1",
        "marker-rotation": null
      }
    },
    {
      "type": "Feature",
      "id": "e8777923-82a2-49c9-9f36-c01d8fe44b8e",
      "geometry": {
        "type": "Point",
        "coordinates": [
          -21.6970765,
          64.1657342,
          0,
          0
        ]
      },
      "properties": {
        "title": "Krónan",
        "description": "",
        "class": "Marker",
        "folderId": "26b0eed1-b678-4ba2-93fc-75e836e730d4",
        "visible": true,
        "labelVisible": true,
        "marker-symbol": "point",
        "marker-color": "F57C00",
        "marker-size": "1",
        "marker-rotation": null
      }
    },
    {
      "type": "Feature",
      "id": "e0423d61-2d43-4a67-80e6-51c0ab498e7f",
      "geometry": {
        "type": "Point",
        "coordinates": [
          -21.9111103,
          64.5433008,
          0,
          0
        ]
      },
      "properties": {
        "title": "Ljómalind Local Market",
        "description": "",
        "class": "Marker",
        "folderId": "26b0eed1-b678-4ba2-93fc-75e836e730d4",
        "visible": true,
        "labelVisible": true,
        "marker-symbol": "point",
        "marker-color": "F57C00",
        "marker-size": "1",
        "marker-rotation": null
      }
    },
    {
      "type": "Feature",
      "id": "5c9d1c95-e34b-4666-bbb2-dd46e2f8aa88",
      "geometry": {
        "type": "Point",
        "coordinates": [
          -21.9604668,
          64.1446684,
          0,
          0
        ]
      },
      "properties": {
        "title": "Melabúðin",
        "description": "",
        "class": "Marker",
        "folderId": "26b0eed1-b678-4ba2-93fc-75e836e730d4",
        "visible": true,
        "labelVisible": true,
        "marker-symbol": "point",
        "marker-color": "F57C00",
        "marker-size": "1",
        "marker-rotation": null
      }
    },
    {
      "type": "Feature",
      "id": "3008bc8b-583b-4443-82e9-3649da674b5e",
      "geometry": {
        "type": "Point",
        "coordinates": [
          -21.8243515,
          64.1012291,
          0,
          0
        ]
      },
      "properties": {
        "title": "Mini Market",
        "description": "",
        "class": "Marker",
        "folderId": "26b0eed1-b678-4ba2-93fc-75e836e730d4",
        "visible": true,
        "labelVisible": true,
        "marker-symbol": "point",
        "marker-color": "F57C00",
        "marker-size": "1",
        "marker-rotation": null
      }
    },
    {
      "type": "Feature",
      "id": "eee20556-9db1-48fe-b12f-249447fce48c",
      "geometry": {
        "type": "Point",
        "coordinates": [
          -21.8508406,
          64.11128,
          0,
          0
        ]
      },
      "properties": {
        "title": "Mini Market",
        "description": "",
        "class": "Marker",
        "folderId": "26b0eed1-b678-4ba2-93fc-75e836e730d4",
        "visible": true,
        "labelVisible": true,
        "marker-symbol": "point",
        "marker-color": "F57C00",
        "marker-size": "1",
        "marker-rotation": null
      }
    },
    {
      "type": "Feature",
      "id": "b8e5c123-4f90-4a75-b26c-50e2974ba7a1",
      "geometry": {
        "type": "Point",
        "coordinates": [
          -22.4344444,
          63.8444444,
          0,
          0
        ]
      },
      "properties": {
        "title": "Nettó",
        "description": "",
        "class": "Marker",
        "folderId": "26b0eed1-b678-4ba2-93fc-75e836e730d4",
        "visible": true,
        "labelVisible": true,
        "marker-symbol": "point",
        "marker-color": "F57C00",
        "marker-size": "1",
        "marker-rotation": null
      }
    },
    {
      "type": "Feature",
      "id": "7b25a5d4-7c98-45a1-a613-f19749ef130d",
      "geometry": {
        "type": "Point",
        "coordinates": [
          -21.890923,
          64.138464,
          0,
          0
        ]
      },
      "properties": {
        "title": "Nettó",
        "description": "",
        "class": "Marker",
        "folderId": "26b0eed1-b678-4ba2-93fc-75e836e730d4",
        "visible": true,
        "labelVisible": true,
        "marker-symbol": "point",
        "marker-color": "F57C00",
        "marker-size": "1",
        "marker-rotation": null
      }
    },
    {
      "type": "Feature",
      "id": "87361ddf-fc23-48b5-a9b2-d1a4d087a00d",
      "geometry": {
        "type": "Point",
        "coordinates": [
          -21.9030932,
          64.1425313,
          0,
          0
        ]
      },
      "properties": {
        "title": "Nettó",
        "description": "",
        "class": "Marker",
        "folderId": "26b0eed1-b678-4ba2-93fc-75e836e730d4",
        "visible": true,
        "labelVisible": true,
        "marker-symbol": "point",
        "marker-color": "F57C00",
        "marker-size": "1",
        "marker-rotation": null
      }
    },
    {
      "type": "Feature",
      "id": "f21dd9d1-8477-4404-bb13-66e5a4e5e34b",
      "geometry": {
        "type": "Point",
        "coordinates": [
          -21.951794,
          64.1544014,
          0,
          0
        ]
      },
      "properties": {
        "title": "Nettó",
        "description": "",
        "class": "Marker",
        "folderId": "26b0eed1-b678-4ba2-93fc-75e836e730d4",
        "visible": true,
        "labelVisible": true,
        "marker-symbol": "point",
        "marker-color": "F57C00",
        "marker-size": "1",
        "marker-rotation": null
      }
    },
    {
      "type": "Feature",
      "id": "888b6fa8-b4b3-458b-91a1-ae979a5472fb",
      "geometry": {
        "type": "Point",
        "coordinates": [
          -21.8422795,
          64.1087986,
          0,
          0
        ]
      },
      "properties": {
        "title": "Nettó",
        "description": "",
        "class": "Marker",
        "folderId": "26b0eed1-b678-4ba2-93fc-75e836e730d4",
        "visible": true,
        "labelVisible": true,
        "marker-symbol": "point",
        "marker-color": "F57C00",
        "marker-size": "1",
        "marker-rotation": null
      }
    },
    {
      "type": "Feature",
      "id": "6f30d634-3f39-4206-8a5d-c5611e7b02b9",
      "geometry": {
        "type": "Point",
        "coordinates": [
          -23.1213289,
          66.0734568,
          0,
          0
        ]
      },
      "properties": {
        "title": "Nettó",
        "description": "",
        "class": "Marker",
        "folderId": "26b0eed1-b678-4ba2-93fc-75e836e730d4",
        "visible": true,
        "labelVisible": true,
        "marker-symbol": "point",
        "marker-color": "F57C00",
        "marker-size": "1",
        "marker-rotation": null
      }
    },
    {
      "type": "Feature",
      "id": "0b7df0f0-fb7d-4b83-9d0a-983259a39f06",
      "geometry": {
        "type": "Point",
        "coordinates": [
          -21.8594091,
          64.093865,
          0,
          0
        ]
      },
      "properties": {
        "title": "Nettó",
        "description": "",
        "class": "Marker",
        "folderId": "26b0eed1-b678-4ba2-93fc-75e836e730d4",
        "visible": true,
        "labelVisible": true,
        "marker-symbol": "point",
        "marker-color": "F57C00",
        "marker-size": "1",
        "marker-rotation": null
      }
    },
    {
      "type": "Feature",
      "id": "a978fe17-ef3e-430f-80e1-4bbe0f101def",
      "geometry": {
        "type": "Point",
        "coordinates": [
          -18.1034916999999,
          65.6872971,
          0,
          0
        ]
      },
      "properties": {
        "title": "Nettó",
        "description": "",
        "class": "Marker",
        "folderId": "26b0eed1-b678-4ba2-93fc-75e836e730d4",
        "visible": true,
        "labelVisible": true,
        "marker-symbol": "point",
        "marker-color": "F57C00",
        "marker-size": "1",
        "marker-rotation": null
      }
    },
    {
      "type": "Feature",
      "id": "a1d20175-3708-4c4a-92f4-fac8913a171a",
      "geometry": {
        "type": "Point",
        "coordinates": [
          -18.1187146,
          65.6774326,
          0,
          0
        ]
      },
      "properties": {
        "title": "Nettó",
        "description": "",
        "class": "Marker",
        "folderId": "26b0eed1-b678-4ba2-93fc-75e836e730d4",
        "visible": true,
        "labelVisible": true,
        "marker-symbol": "point",
        "marker-color": "F57C00",
        "marker-size": "1",
        "marker-rotation": null
      }
    },
    {
      "type": "Feature",
      "id": "7519f48c-c95e-4844-a0e6-be5033dd9bd0",
      "geometry": {
        "type": "Point",
        "coordinates": [
          -17.343087,
          66.0393359,
          0,
          0
        ]
      },
      "properties": {
        "title": "Nettó",
        "description": "",
        "class": "Marker",
        "folderId": "26b0eed1-b678-4ba2-93fc-75e836e730d4",
        "visible": true,
        "labelVisible": true,
        "marker-symbol": "point",
        "marker-color": "F57C00",
        "marker-size": "1",
        "marker-rotation": null
      }
    },
    {
      "type": "Feature",
      "id": "e85db769-5c22-4f21-ab81-33c73f2cd7ba",
      "geometry": {
        "type": "Point",
        "coordinates": [
          -21.9116692,
          64.5431494,
          0,
          0
        ]
      },
      "properties": {
        "title": "Nettó",
        "description": "",
        "class": "Marker",
        "folderId": "26b0eed1-b678-4ba2-93fc-75e836e730d4",
        "visible": true,
        "labelVisible": true,
        "marker-symbol": "point",
        "marker-color": "F57C00",
        "marker-size": "1",
        "marker-rotation": null
      }
    },
    {
      "type": "Feature",
      "id": "4a534a51-4324-4cdf-a5ad-a672a50f1a16",
      "geometry": {
        "type": "Point",
        "coordinates": [
          -21.9569895,
          64.0787921,
          0,
          0
        ]
      },
      "properties": {
        "title": "Nettó",
        "description": "",
        "class": "Marker",
        "folderId": "26b0eed1-b678-4ba2-93fc-75e836e730d4",
        "visible": true,
        "labelVisible": true,
        "marker-symbol": "point",
        "marker-color": "F57C00",
        "marker-size": "1",
        "marker-rotation": null
      }
    },
    {
      "type": "Feature",
      "id": "5781f496-1746-4b6f-9a25-1b035a39ad0a",
      "geometry": {
        "type": "Point",
        "coordinates": [
          -21.8335299,
          64.0876462,
          0,
          0
        ]
      },
      "properties": {
        "title": "Nettó",
        "description": "",
        "class": "Marker",
        "folderId": "26b0eed1-b678-4ba2-93fc-75e836e730d4",
        "visible": true,
        "labelVisible": true,
        "marker-symbol": "point",
        "marker-color": "F57C00",
        "marker-size": "1",
        "marker-rotation": null
      }
    },
    {
      "type": "Feature",
      "id": "3ae0f7c3-e128-4016-8839-a32ada88d448",
      "geometry": {
        "type": "Point",
        "coordinates": [
          -14.4066395,
          65.2605061,
          0,
          0
        ]
      },
      "properties": {
        "title": "Nettó",
        "description": "",
        "class": "Marker",
        "folderId": "26b0eed1-b678-4ba2-93fc-75e836e730d4",
        "visible": true,
        "labelVisible": true,
        "marker-symbol": "point",
        "marker-color": "F57C00",
        "marker-size": "1",
        "marker-rotation": null
      }
    },
    {
      "type": "Feature",
      "id": "862c4ca5-7302-4cf9-988f-3875323489c9",
      "geometry": {
        "type": "Point",
        "coordinates": [
          -15.2127278,
          64.252561,
          0,
          0
        ]
      },
      "properties": {
        "title": "Nettó",
        "description": "",
        "class": "Marker",
        "folderId": "26b0eed1-b678-4ba2-93fc-75e836e730d4",
        "visible": true,
        "labelVisible": true,
        "marker-symbol": "point",
        "marker-color": "F57C00",
        "marker-size": "1",
        "marker-rotation": null
      }
    },
    {
      "type": "Feature",
      "id": "d6203250-a4c8-4630-91f5-95c86dfaaa4c",
      "geometry": {
        "type": "Point",
        "coordinates": [
          -21.6909562,
          64.1634789,
          0,
          0
        ]
      },
      "properties": {
        "title": "Nettó",
        "description": "",
        "class": "Marker",
        "folderId": "26b0eed1-b678-4ba2-93fc-75e836e730d4",
        "visible": true,
        "labelVisible": true,
        "marker-symbol": "point",
        "marker-color": "F57C00",
        "marker-size": "1",
        "marker-rotation": null
      }
    },
    {
      "type": "Feature",
      "id": "cf397fa3-e732-4f00-a6ca-b606bd647cad",
      "geometry": {
        "type": "Point",
        "coordinates": [
          -20.9900444,
          63.9368915,
          0,
          0
        ]
      },
      "properties": {
        "title": "Nettó",
        "description": "",
        "class": "Marker",
        "folderId": "26b0eed1-b678-4ba2-93fc-75e836e730d4",
        "visible": true,
        "labelVisible": true,
        "marker-symbol": "point",
        "marker-color": "F57C00",
        "marker-size": "1",
        "marker-rotation": null
      }
    },
    {
      "type": "Feature",
      "id": "eae6a6a9-b8c7-4097-803c-63e3e44bd23e",
      "geometry": {
        "type": "Point",
        "coordinates": [
          -18.6448552,
          66.0734544,
          0,
          0
        ]
      },
      "properties": {
        "title": "Samkaup",
        "description": "",
        "class": "Marker",
        "folderId": "26b0eed1-b678-4ba2-93fc-75e836e730d4",
        "visible": true,
        "labelVisible": true,
        "marker-symbol": "point",
        "marker-color": "F57C00",
        "marker-size": "1",
        "marker-rotation": null
      }
    },
    {
      "type": "Feature",
      "id": "cb1cf98e-3b9c-4928-805e-e3dcb042ac91",
      "geometry": {
        "type": "Point",
        "coordinates": [
          -14.0087509,
          65.2597841,
          0,
          0
        ]
      },
      "properties": {
        "title": "Samkaup Strax",
        "description": "",
        "class": "Marker",
        "folderId": "26b0eed1-b678-4ba2-93fc-75e836e730d4",
        "visible": true,
        "labelVisible": true,
        "marker-symbol": "point",
        "marker-color": "F57C00",
        "marker-size": "1",
        "marker-rotation": null
      }
    },
    {
      "type": "Feature",
      "id": "98890a02-283d-4b5f-a605-7353f4e49599",
      "geometry": {
        "type": "Point",
        "coordinates": [
          -23.2601549999999,
          64.9252739,
          0,
          0
        ]
      },
      "properties": {
        "title": "Samkaup Strax",
        "description": "",
        "class": "Marker",
        "folderId": "26b0eed1-b678-4ba2-93fc-75e836e730d4",
        "visible": true,
        "labelVisible": true,
        "marker-symbol": "point",
        "marker-color": "F57C00",
        "marker-size": "1",
        "marker-rotation": null
      }
    },
    {
      "type": "Feature",
      "id": "9f940f34-8a73-4d48-9abb-2dc4d15fb81c",
      "geometry": {
        "type": "Point",
        "coordinates": [
          -16.911006,
          65.6418542,
          0,
          0
        ]
      },
      "properties": {
        "title": "Samkaup Strax",
        "description": "",
        "class": "Marker",
        "folderId": "26b0eed1-b678-4ba2-93fc-75e836e730d4",
        "visible": true,
        "labelVisible": true,
        "marker-symbol": "point",
        "marker-color": "F57C00",
        "marker-size": "1",
        "marker-rotation": null
      }
    },
    {
      "type": "Feature",
      "id": "e254f1b1-3553-4cf9-a439-b71d031bf031",
      "geometry": {
        "type": "Point",
        "coordinates": [
          -20.3212607,
          64.1310787,
          0,
          0
        ]
      },
      "properties": {
        "title": "Samkaup Strax",
        "description": "",
        "class": "Marker",
        "folderId": "26b0eed1-b678-4ba2-93fc-75e836e730d4",
        "visible": true,
        "labelVisible": true,
        "marker-symbol": "point",
        "marker-color": "F57C00",
        "marker-size": "1",
        "marker-rotation": null
      }
    },
    {
      "type": "Feature",
      "id": "c5cd82e2-2f23-44bd-9bc8-0d73ab93f007",
      "geometry": {
        "type": "Point",
        "coordinates": [
          -18.9106099000001,
          66.150746,
          0,
          0
        ]
      },
      "properties": {
        "title": "Samkaup Úrval",
        "description": "",
        "class": "Marker",
        "folderId": "26b0eed1-b678-4ba2-93fc-75e836e730d4",
        "visible": true,
        "labelVisible": true,
        "marker-symbol": "point",
        "marker-color": "F57C00",
        "marker-size": "1",
        "marker-rotation": null
      }
    },
    {
      "type": "Feature",
      "id": "65a81e11-0436-45ed-a454-573eb0d96be1",
      "geometry": {
        "type": "Point",
        "coordinates": [
          -23.2490296,
          66.1573822,
          0,
          0
        ]
      },
      "properties": {
        "title": "Samkaup Úrval",
        "description": "",
        "class": "Marker",
        "folderId": "26b0eed1-b678-4ba2-93fc-75e836e730d4",
        "visible": true,
        "labelVisible": true,
        "marker-symbol": "point",
        "marker-color": "F57C00",
        "marker-size": "1",
        "marker-rotation": null
      }
    },
    {
      "type": "Feature",
      "id": "a2b834ca-3c50-4b96-8746-2f69145ec60c",
      "geometry": {
        "type": "Point",
        "coordinates": [
          -23.173918,
          66.0605182,
          0,
          0
        ]
      },
      "properties": {
        "title": "SAM Versla",
        "description": "",
        "class": "Marker",
        "folderId": "26b0eed1-b678-4ba2-93fc-75e836e730d4",
        "visible": true,
        "labelVisible": true,
        "marker-symbol": "point",
        "marker-color": "F57C00",
        "marker-size": "1",
        "marker-rotation": null
      }
    },
    {
      "type": "Feature",
      "id": "1c41f8fa-2d7e-4bb8-b87b-f1dbf1dbe898",
      "geometry": {
        "type": "Point",
        "coordinates": [
          -19.6376432,
          65.741565,
          0,
          0
        ]
      },
      "properties": {
        "title": "Skagfirðingabúð",
        "description": "",
        "class": "Marker",
        "folderId": "26b0eed1-b678-4ba2-93fc-75e836e730d4",
        "visible": true,
        "labelVisible": true,
        "marker-symbol": "point",
        "marker-color": "F57C00",
        "marker-size": "1",
        "marker-rotation": null
      }
    },
    {
      "type": "Feature",
      "id": "f4825912-de59-4252-9789-a394b2235709",
      "geometry": {
        "type": "Point",
        "coordinates": [
          -21.062286,
          63.8361194,
          0,
          0
        ]
      },
      "properties": {
        "title": "Skálinn",
        "description": "",
        "class": "Marker",
        "folderId": "26b0eed1-b678-4ba2-93fc-75e836e730d4",
        "visible": true,
        "labelVisible": true,
        "marker-symbol": "point",
        "marker-color": "F57C00",
        "marker-size": "1",
        "marker-rotation": null
      }
    },
    {
      "type": "Feature",
      "id": "a9931c8f-850e-4d24-a8fa-de4374196fff",
      "geometry": {
        "type": "Point",
        "coordinates": [
          -16.4477027,
          66.3004849,
          0,
          0
        ]
      },
      "properties": {
        "title": "Skerjakolla ehf",
        "description": "",
        "class": "Marker",
        "folderId": "26b0eed1-b678-4ba2-93fc-75e836e730d4",
        "visible": true,
        "labelVisible": true,
        "marker-symbol": "point",
        "marker-color": "F57C00",
        "marker-size": "1",
        "marker-rotation": null
      }
    },
    {
      "type": "Feature",
      "id": "5e3f59ff-f383-41f3-be04-c3d33552828e",
      "geometry": {
        "type": "Point",
        "coordinates": [
          -21.8644472,
          64.1284097,
          0,
          0
        ]
      },
      "properties": {
        "title": "Vegan búðin",
        "description": "",
        "class": "Marker",
        "folderId": "26b0eed1-b678-4ba2-93fc-75e836e730d4",
        "visible": true,
        "labelVisible": true,
        "marker-symbol": "point",
        "marker-color": "F57C00",
        "marker-size": "1",
        "marker-rotation": null
      }
    },
    {
      "type": "Feature",
      "id": "13518da9-1a7a-410e-aa2d-2ed848842e55",
      "geometry": {
        "type": "Point",
        "coordinates": [
          -23.24689,
          66.159176,
          0,
          0
        ]
      },
      "properties": {
        "title": "Verslun",
        "description": "",
        "class": "Marker",
        "folderId": "26b0eed1-b678-4ba2-93fc-75e836e730d4",
        "visible": true,
        "labelVisible": true,
        "marker-symbol": "point",
        "marker-color": "F57C00",
        "marker-size": "1",
        "marker-rotation": null
      }
    },
    {
      "type": "Feature",
      "id": "9c2eb743-0a51-4b4f-8a9f-09b6f5198870",
      "geometry": {
        "type": "Point",
        "coordinates": [
          -16.910491,
          65.6416551,
          0,
          0
        ]
      },
      "properties": {
        "title": "Verslun",
        "description": "",
        "class": "Marker",
        "folderId": "26b0eed1-b678-4ba2-93fc-75e836e730d4",
        "visible": true,
        "labelVisible": true,
        "marker-symbol": "point",
        "marker-color": "F57C00",
        "marker-size": "1",
        "marker-rotation": null
      }
    },
    {
      "type": "Feature",
      "id": "d58ff76f-1b63-4173-a7bd-d3b4c67df7e4",
      "geometry": {
        "type": "Point",
        "coordinates": [
          -15.950409,
          66.4524154,
          0,
          0
        ]
      },
      "properties": {
        "title": "Verslunin Urð",
        "description": "",
        "class": "Marker",
        "folderId": "26b0eed1-b678-4ba2-93fc-75e836e730d4",
        "visible": true,
        "labelVisible": true,
        "marker-symbol": "point",
        "marker-color": "F57C00",
        "marker-size": "1",
        "marker-rotation": null
      }
    },
    {
      "type": "Feature",
      "id": "88807995-d028-4fb2-8201-ed09d6577513",
      "geometry": {
        "type": "Point",
        "coordinates": [
          -20.7644626,
          64.0746932,
          0,
          0
        ]
      },
      "properties": {
        "title": "Verzlunin Borg",
        "description": "",
        "class": "Marker",
        "folderId": "26b0eed1-b678-4ba2-93fc-75e836e730d4",
        "visible": true,
        "labelVisible": true,
        "marker-symbol": "point",
        "marker-color": "F57C00",
        "marker-size": "1",
        "marker-rotation": null
      }
    },
    {
      "type": "Feature",
      "id": "e5769f2a-e719-4728-bace-c566d1daf8fb",
      "geometry": {
        "type": "Point",
        "coordinates": [
          -16.9112551,
          65.6412298,
          0,
          0
        ]
      },
      "properties": {
        "title": "Vínbúðin",
        "description": "",
        "class": "Marker",
        "folderId": "26b0eed1-b678-4ba2-93fc-75e836e730d4",
        "visible": true,
        "labelVisible": true,
        "marker-symbol": "point",
        "marker-color": "F57C00",
        "marker-size": "1",
        "marker-rotation": null
      }
    },
    {
      "type": "Feature",
      "id": "a6202899-24da-4666-8942-e64b8e5c19a6",
      "geometry": {
        "type": "Point",
        "coordinates": [
          -22.7298994,
          65.0741361,
          0,
          0
        ]
      },
      "properties": {
        "title": "Vínbúðin",
        "description": "",
        "class": "Marker",
        "folderId": "26b0eed1-b678-4ba2-93fc-75e836e730d4",
        "visible": true,
        "labelVisible": true,
        "marker-symbol": "point",
        "marker-color": "F57C00",
        "marker-size": "1",
        "marker-rotation": null
      }
    },
    {
      "type": "Feature",
      "id": "ccfd9200-f10e-40a9-a718-4b0efed8dca3",
      "geometry": {
        "type": "Point",
        "coordinates": [
          -23.1207603,
          66.0690891,
          0,
          0
        ]
      },
      "properties": {
        "title": "Fiskbúð Sjávarfangs",
        "description": "",
        "class": "Marker",
        "folderId": "26b0eed1-b678-4ba2-93fc-75e836e730d4",
        "visible": true,
        "labelVisible": true,
        "marker-symbol": "point",
        "marker-color": "F57C00",
        "marker-size": "1",
        "marker-rotation": null
      }
    }
  ]
}